"obs_time","temp","swdown","lwdown","relhum","pres","precip","windspeed","winddir","difrad","spchum"
"2029-01-01 00:00",7.44,0,358.77,99.7,98.6,0.3,3.264,53.4,0,0.0065
"2029-01-01 01:00",7.37,0,358.31,99.7,98.6,0.3,3.264,53.4,0,0.0065
"2029-01-01 02:00",7.31,0,357.9,99.7,98.6,0.3,3.264,53.4,0,0.0064
"2029-01-01 03:00",7.25,0,357.53,99.7,98.6,0.3,3.264,53.4,0,0.0064
"2029-01-01 04:00",7.2,0,357.2,99.7,98.6,0.3,3.264,53.4,0,0.0064
"2029-01-01 05:00",7.15,0,356.9,99.7,98.6,0.3,3.264,53.4,0,0.0064
"2029-01-01 06:00",7.11,0,356.63,99.7,98.6,0.3,3.264,53.4,0,0.0063
"2029-01-01 07:00",7.07,0,356.39,99.7,98.6,0.3,3.264,53.4,0,0.0063
"2029-01-01 08:00",7.04,0,356.18,99.7,98.6,0.3,3.264,53.4,0,0.0063
"2029-01-01 09:00",7.83,19.52,361.23,99.7,98.6,0.3,3.264,53.4,19.5,0.0067
"2029-01-01 10:00",8.74,39.04,366.02,94,98.6,0.3,3.264,53.4,39,0.0067
"2029-01-01 11:00",9.46,51.35,369.76,89.6,98.6,0.3,3.264,53.4,51.3,0.0067
"2029-01-01 12:00",9.9,56.22,372.09,87.1,98.6,0.3,3.049,54.1,56.2,0.0067
"2029-01-01 13:00",10.02,52.89,372.73,86.5,98.6,0.3,2.835,54.9,52.9,0.0067
"2029-01-01 14:00",9.8,41.4,371.59,87.8,98.6,0.3,2.621,55.9,41.4,0.0067
"2029-01-01 15:00",9.26,22.21,368.8,91.2,98.5,0.3,2.409,57,22.2,0.0067
"2029-01-01 16:00",8.47,0,364.67,96.3,98.5,0.2,2.197,58.3,0,0.0067
"2029-01-01 17:00",8.24,0,363.51,97.9,98.5,0.2,1.987,59.8,0,0.0067
"2029-01-01 18:00",8.06,0,362.62,99.2,98.5,0.2,1.779,61.8,0,0.0068
"2029-01-01 19:00",7.91,0,361.71,99.7,98.4,0.2,1.565,64.2,0,0.0067
"2029-01-01 20:00",7.76,0,360.79,99.7,98.4,0.2,1.365,67.4,0,0.0067
"2029-01-01 21:00",7.63,0,359.96,99.7,98.4,0.2,1.171,71.7,0,0.0066
"2029-01-01 22:00",7.51,0,359.21,99.7,98.4,0.2,0.987,77.5,0,0.0065
"2029-01-01 23:00",7.41,0,358.52,99.7,98.3,0.2,0.82,86,0,0.0065
"2029-01-02 00:00",8.02,0,357.29,99.7,98.1,0.2,1.171,98.4,0,0.0068
"2029-01-02 01:00",7.97,0,356.96,99.7,98.1,0.2,1.018,116.2,0,0.0068
"2029-01-02 02:00",7.92,0,356.67,99.7,98.1,0.2,0.98,138.1,0,0.0067
"2029-01-02 03:00",7.88,0,356.4,99.7,98.1,0.2,1.018,158.8,0,0.0067
"2029-01-02 04:00",7.84,0,356.17,99.7,98,0.2,1.206,174.4,0,0.0067
"2029-01-02 05:00",7.81,0,355.96,99.7,98,0.2,1.458,185.1,0,0.0067
"2029-01-02 06:00",7.78,0,355.77,99.7,98,0.2,1.746,192.4,0,0.0067
"2029-01-02 07:00",7.75,0,355.6,99.7,98,0.2,2.054,197.5,0,0.0067
"2029-01-02 08:00",7.73,0,355.45,99.7,97.9,0.2,2.375,201.3,0,0.0067
"2029-01-02 09:00",9.51,23.5,366.07,95.7,97.9,0.2,2.661,204.1,23.3,0.0072
"2029-01-02 10:00",9.96,47.3,368.43,93,97.9,0.2,2.99,206.4,47.1,0.0072
"2029-01-02 11:00",10.28,62.64,370.11,91.1,97.9,0.2,3.323,208.1,62.4,0.0072
"2029-01-02 12:00",10.41,67.8,370.58,89.2,97.9,0.2,2.984,208.4,67.6,0.0072
"2029-01-02 13:00",10.33,63.11,369.91,88.6,97.9,0.2,2.645,208.7,62.9,0.0071
"2029-01-02 14:00",10.02,48.95,368.05,89.4,97.9,0.2,2.307,209.1,48.7,0.007
"2029-01-02 15:00",9.49,26.21,365.07,91.4,97.9,0.2,1.968,209.7,26,0.0069
"2029-01-02 16:00",8.78,0,361.19,94.7,97.9,0.2,1.63,210.5,0,0.0068
"2029-01-02 17:00",8.44,0,359.18,95.7,97.9,0.2,1.292,211.7,0,0.0067
"2029-01-02 18:00",8.13,0,357.4,96.4,97.9,0.2,0.971,213.8,0,0.0066
"2029-01-02 19:00",7.84,0,355.68,97,97.9,0.2,0.631,218.2,0,0.0065
"2029-01-02 20:00",7.56,0,354.02,97.5,98,0.2,0.317,232.5,0,0.0064
"2029-01-02 21:00",7.29,0,352.42,98,98,0.2,0.288,326.7,0,0.0064
"2029-01-02 22:00",7.03,0,350.86,98.4,98,0.2,0.49,8.5,0,0.0063
"2029-01-02 23:00",6.78,0,349.35,98.7,98,0.2,0.787,16.1,0,0.0062
"2029-01-03 00:00",2.65,0,333.73,99.6,98,0.2,0.861,18.9,0,0.0047
"2029-01-03 01:00",2.5,0,332.83,99.6,98,0.2,1.184,20.6,0,0.0046
"2029-01-03 02:00",2.37,0,332.04,99.6,98,0.2,1.43,21.6,0,0.0046
"2029-01-03 03:00",2.25,0,331.33,99.6,98,0.2,1.704,22.3,0,0.0045
"2029-01-03 04:00",2.14,0,330.71,99.6,98,0.2,2.126,22.8,0,0.0045
"2029-01-03 05:00",2.05,0,330.15,99.6,98,0.2,2.421,23.1,0,0.0045
"2029-01-03 06:00",1.97,0,329.66,99.6,98,0.2,2.716,23.4,0,0.0045
"2029-01-03 07:00",1.89,0,329.22,99.6,98,0.1,3.011,23.7,0,0.0044
"2029-01-03 08:00",1.83,0,328.83,99.6,98,0.1,3.092,23.9,0,0.0044
"2029-01-03 09:00",3.74,20.27,339.9,96.9,98.1,0.1,3.369,24,20.3,0.0049
"2029-01-03 10:00",5.24,40.27,347.06,85.8,98.1,0.1,3.645,24.2,40.3,0.0048
"2029-01-03 11:00",6.43,52.73,352.72,77.6,98.1,0.1,3.921,24.3,52.7,0.0047
"2029-01-03 12:00",7.18,60.05,356.35,73.2,98.1,0.1,3.915,22.8,60,0.0047
"2029-01-03 13:00",7.39,58.72,357.31,71.5,98.2,0.1,3.64,21,58.6,0.0047
"2029-01-03 14:00",7.05,47.84,355.43,72.5,98.2,0.1,3.15,19,47.7,0.0046
"2029-01-03 15:00",6.18,27.06,350.86,76.4,98.3,0.1,2.901,16.6,26.9,0.0046
"2029-01-03 16:00",4.85,0,344.05,83.1,98.4,0.1,2.645,13.8,0,0.0045
"2029-01-03 17:00",4.27,0,341.05,85.8,98.4,0.1,2.468,10.4,0,0.0045
"2029-01-03 18:00",3.82,0,338.7,87.7,98.5,0.1,2.238,6.3,0,0.0045
"2029-01-03 19:00",3.41,0,336.55,89.5,98.5,0.1,1.891,1.3,0,0.0044
"2029-01-03 20:00",3.03,0,334.57,91.1,98.6,0.1,1.834,355.1,0,0.0044
"2029-01-03 21:00",2.68,0,332.74,92.5,98.6,0.1,1.761,347.6,0,0.0043
"2029-01-03 22:00",2.36,0,331.04,93.8,98.7,0.1,1.615,338.5,0,0.0043
"2029-01-03 23:00",2.07,0,329.46,94.9,98.7,0.1,1.516,328,0,0.0042
"2029-01-04 00:00",1.11,0,301.76,99.6,98.9,0.1,1.33,316.6,0,0.0041
"2029-01-04 01:00",1.08,0,301.57,99.6,99,0.1,1.345,304.9,0,0.0041
"2029-01-04 02:00",1.05,0,301.4,99.6,99,0.1,1.334,293.9,0,0.0041
"2029-01-04 03:00",1.02,0,301.24,99.6,99.1,0.1,1.443,284.3,0,0.0041
"2029-01-04 04:00",0.99,0,301.09,99.5,99.1,0.1,1.587,276.2,0,0.0041
"2029-01-04 05:00",0.97,0,300.93,99.3,99.2,0,1.757,269.7,0,0.0041
"2029-01-04 06:00",0.95,0,300.78,99,99.2,0,1.947,264.3,0,0.0041
"2029-01-04 07:00",0.93,0,300.56,98.1,99.3,0,2.151,259.9,0,0.004
"2029-01-04 08:00",0.92,0,300.33,97.2,99.4,0,2.365,256.3,0,0.004
"2029-01-04 09:00",2.27,43.49,306.13,87.4,99.4,0,2.587,253.3,36.4,0.0039
"2029-01-04 10:00",2.57,88.63,307.31,84.6,99.5,0,2.816,250.8,74.9,0.0039
"2029-01-04 11:00",2.77,119.24,308.06,82.5,99.5,0,3.049,248.7,101.7,0.0038
"2029-01-04 12:00",2.85,130.68,308.29,81.4,99.6,0,2.908,249.5,111.8,0.0038
"2029-01-04 13:00",2.77,123.33,307.82,81.1,99.6,0,2.767,250.5,104.4,0.0038
"2029-01-04 14:00",2.53,97.31,306.65,81.8,99.7,0,2.628,251.5,80,0.0037
"2029-01-04 15:00",2.14,53.78,304.81,83.4,99.7,0,2.489,252.7,42.1,0.0037
"2029-01-04 16:00",1.63,0,302.42,85.8,99.8,0,2.352,254,0,0.0037
"2029-01-04 17:00",1.37,0,301.16,86.6,99.8,0,2.216,255.5,0,0.0036
"2029-01-04 18:00",1.15,0,300.09,87.2,99.9,0,2.082,257.1,0,0.0036
"2029-01-04 19:00",0.94,0,299.05,87.8,100,0,1.95,259,0,0.0036
"2029-01-04 20:00",0.74,0,298.04,88.3,100,0,1.821,261.2,0,0.0035
"2029-01-04 21:00",0.54,0,297.07,88.7,100.1,0,1.696,263.7,0,0.0035
"2029-01-04 22:00",0.35,0,296.11,89.1,100.1,0,1.575,266.6,0,0.0035
"2029-01-04 23:00",0.16,0,295.19,89.4,100.2,0,1.46,270,0,0.0034
"2029-01-05 00:00",-2.73,0,252.69,99.5,100.4,0,0.642,274.9,0,0.0031
"2029-01-05 01:00",-2.94,0,251.73,99.5,100.4,0,0.595,279.8,0,0.003
"2029-01-05 02:00",-3.13,0,250.88,99.5,100.5,0,0.587,285.7,0,0.003
"2029-01-05 03:00",-3.3,0,250.13,99.5,100.6,0,0.552,292.5,0,0.0029
"2029-01-05 04:00",-3.44,0,249.47,99.5,100.6,0,0.526,300.3,0,0.0029
"2029-01-05 05:00",-3.57,0,248.88,99.5,100.7,0,0.481,309,0,0.0029
"2029-01-05 06:00",-3.69,0,248.37,99.5,100.7,0,0.475,318.4,0,0.0029
"2029-01-05 07:00",-3.79,0,247.91,99.5,100.8,0,0.446,328,0,0.0028
"2029-01-05 08:00",-3.88,0,247.51,99.5,100.8,0,0.466,337.2,0,0.0028
"2029-01-05 09:00",-2.45,54.56,252.97,90.7,100.9,0,0.487,345.6,32.9,0.0029
"2029-01-05 10:00",-0.34,109.03,260.82,76.8,100.9,0,0.515,353.1,74.9,0.0028
"2029-01-05 11:00",1.37,144.27,267.3,67.2,101,0,0.579,359.5,103.6,0.0028
"2029-01-05 12:00",2.53,153.57,271.99,62.6,101,0,0.618,8.5,115.1,0.0028
"2029-01-05 13:00",3.03,140.79,274.11,61.1,101,0,0.673,16,107.1,0.0029
"2029-01-05 14:00",2.83,108.06,273.44,62.7,101,0.1,0.723,22,81.3,0.0029
"2029-01-05 15:00",1.94,58.47,270.07,67.6,101,0.1,0.797,27,42,0.0029
"2029-01-05 16:00",0.45,0,264.4,76.1,101,0.1,0.881,31,0,0.003
"2029-01-05 17:00",-0.25,0,261.85,80.9,101,0.1,0.966,34.4,0,0.003
"2029-01-05 18:00",-0.74,0,260.1,84.8,101,0.1,1.053,37.2,0,0.003
"2029-01-05 19:00",-1.17,0,258.58,88.5,101,0.2,1.144,39.5,0,0.0031
"2029-01-05 20:00",-1.55,0,257.25,92,101,0.2,1.236,41.5,0,0.0031
"2029-01-05 21:00",-1.88,0,256.1,95.3,101.1,0.2,1.329,43.2,0,0.0031
"2029-01-05 22:00",-2.18,0,255.1,98.5,101.1,0.2,1.424,44.7,0,0.0032
"2029-01-05 23:00",-2.44,0,254.01,99.5,101.1,0.2,1.519,46,0,0.0031
"2029-01-06 00:00",0.2,0,291.54,87.7,101,0.3,2.64,47.2,0,0.0033
"2029-01-06 01:00",-0.11,0,290.36,90.6,101,0.3,2.802,48.2,0,0.0034
"2029-01-06 02:00",-0.38,0,289.34,93.4,101,0.3,2.964,49.2,0,0.0034
"2029-01-06 03:00",-0.61,0,288.47,96,101,0.3,3.128,50,0,0.0035
"2029-01-06 04:00",-0.82,0,287.71,98.4,101.1,0.3,3.292,50.7,0,0.0035
"2029-01-06 05:00",-1,0,286.91,99.5,101.1,0.4,3.456,51.4,0,0.0035
"2029-01-06 06:00",-1.16,0,286.09,99.5,101.1,0.4,3.621,52,0,0.0034
"2029-01-06 07:00",-1.31,0,285.37,99.5,101.1,0.4,3.786,52.6,0,0.0034
"2029-01-06 08:00",-1.43,0,284.74,99.5,101.1,0.4,3.951,53.1,0,0.0034
"2029-01-06 09:00",-3.77,26.3,272.96,99.5,101.1,0.4,4.117,53.6,26,0.0028
"2029-01-06 10:00",-0.6,49.69,288.99,99.5,101.1,0.5,4.283,54,49.4,0.0036
"2029-01-06 11:00",2.13,62.2,301.27,85.1,101.1,0.5,4.45,54.4,62,0.0037
"2029-01-06 12:00",4.24,67.96,310.88,74.6,101.1,0.5,4.385,54.7,67.8,0.0038
"2029-01-06 13:00",5.6,64.06,317.31,69.1,101,0.5,4.32,55,63.9,0.0039
"2029-01-06 14:00",6.14,50.66,320.09,67.8,101,0.4,4.255,55.3,50.5,0.0039
"2029-01-06 15:00",5.88,28.47,319.15,70.3,101,0.4,4.19,55.7,28.3,0.004
"2029-01-06 16:00",4.87,0.01,314.83,76.7,101,0.4,4.126,56,0,0.0041
"2029-01-06 17:00",4.44,0,313.14,80.4,101,0.4,4.061,56.3,0,0.0042
"2029-01-06 18:00",4.25,0,312.57,82.9,100.9,0.4,3.997,56.7,0,0.0042
"2029-01-06 19:00",4.16,0,312.42,84.8,100.9,0.4,3.933,57.1,0,0.0043
"2029-01-06 20:00",4.15,0,312.62,86.2,100.9,0.4,3.869,57.5,0,0.0044
"2029-01-06 21:00",4.21,0,313.15,87.2,100.9,0.4,3.806,57.9,0,0.0044
"2029-01-06 22:00",4.34,0,313.97,87.8,100.8,0.3,3.742,58.3,0,0.0045
"2029-01-06 23:00",4.52,0,315.03,88.1,100.8,0.3,3.679,58.7,0,0.0046
"2029-01-07 00:00",5.76,0,342.53,87.5,100.7,0.3,3,59.1,0,0.005
"2029-01-07 01:00",5.72,0,342.58,89.1,100.7,0.3,2.947,59.6,0,0.005
"2029-01-07 02:00",5.68,0,342.64,90.7,100.7,0.3,2.895,60,0,0.0051
"2029-01-07 03:00",5.65,0,342.72,92.2,100.6,0.3,2.844,60.5,0,0.0052
"2029-01-07 04:00",5.62,0,342.81,93.7,100.6,0.3,2.792,61,0,0.0053
"2029-01-07 05:00",5.59,0,342.92,95.3,100.6,0.3,2.741,61.6,0,0.0054
"2029-01-07 06:00",5.57,0,343.03,96.8,100.6,0.3,2.69,62.1,0,0.0054
"2029-01-07 07:00",5.54,0,343.16,98.3,100.5,0.2,2.639,62.7,0,0.0055
"2029-01-07 08:00",5.52,0,343.21,99.3,100.5,0.2,2.588,63.3,0,0.0056
"2029-01-07 09:00",5.89,26.31,345.33,98.5,100.5,0.2,2.538,63.9,26,0.0057
"2029-01-07 10:00",6.46,52.05,348.41,96,100.5,0.2,2.488,64.5,51.7,0.0057
"2029-01-07 11:00",6.92,68.59,350.9,94.2,100.4,0.2,2.438,65.2,68.2,0.0058
"2029-01-07 12:00",7.2,73.95,352.41,92.8,100.4,0.2,2.414,65.6,73.6,0.0058
"2029-01-07 13:00",7.29,68.82,352.93,92.7,100.4,0.2,2.39,65.9,68.5,0.0059
"2029-01-07 14:00",7.17,53.83,352.42,93.9,100.4,0.2,2.366,66.3,53.5,0.0059
"2029-01-07 15:00",6.86,30.13,350.94,96.4,100.4,0.2,2.342,66.7,29.9,0.0059
"2029-01-07 16:00",6.39,0.11,348.6,99.7,100.3,0.2,2.319,67.1,0.1,0.0059
"2029-01-07 17:00",6.23,0,347.61,99.7,100.3,0.2,2.295,67.5,0,0.0059
"2029-01-07 18:00",6.15,0,347.11,99.7,100.3,0.2,2.272,67.9,0,0.0058
"2029-01-07 19:00",6.08,0,346.67,99.7,100.3,0.2,2.248,68.4,0,0.0058
"2029-01-07 20:00",6.01,0,346.28,99.7,100.3,0.2,2.225,68.8,0,0.0058
"2029-01-07 21:00",5.96,0,345.94,99.7,100.3,0.2,2.191,69.2,0,0.0058
"2029-01-07 22:00",5.91,0,345.63,99.7,100.2,0.2,2.168,69.7,0,0.0057
"2029-01-07 23:00",5.86,0,345.36,99.7,100.2,0.2,2.145,70.1,0,0.0057
"2029-01-08 00:00",6.69,0,346.52,98.7,100.1,0.2,2.495,70.6,0,0.006
"2029-01-08 01:00",6.56,0,345.84,99.6,100,0.2,2.469,71.1,0,0.006
"2029-01-08 02:00",6.43,0,345.11,99.7,100,0.2,2.443,71.6,0,0.006
"2029-01-08 03:00",6.33,0,344.45,99.7,100,0.2,2.417,72.1,0,0.0059
"2029-01-08 04:00",6.23,0,343.86,99.7,100,0.2,2.391,72.6,0,0.0059
"2029-01-08 05:00",6.15,0,343.34,99.7,100,0.2,2.365,73.1,0,0.0059
"2029-01-08 06:00",6.07,0,342.88,99.7,99.9,0.2,2.34,73.7,0,0.0058
"2029-01-08 07:00",6,0,342.46,99.7,99.9,0.2,2.315,74.2,0,0.0058
"2029-01-08 08:00",5.94,0,342.1,99.7,99.9,0.2,2.29,74.8,0,0.0058
"2029-01-08 09:00",5.64,18.66,340.25,99.7,99.9,0.2,2.265,75.3,18.7,0.0057
"2029-01-08 10:00",7.35,36.11,350.57,98.4,99.9,0.2,2.241,75.9,36.1,0.0063
"2029-01-08 11:00",8.77,46.71,357.78,89.8,99.8,0.2,2.217,76.5,46.7,0.0063
"2029-01-08 12:00",9.76,52.91,362.96,84.4,99.9,0.2,2.06,79.6,52.9,0.0064
"2029-01-08 13:00",10.26,51.71,365.62,82,99.9,0.2,1.91,83.2,51.7,0.0064
"2029-01-08 14:00",10.23,42.51,365.56,82.6,99.9,0.2,1.769,87.4,42.5,0.0064
"2029-01-08 15:00",9.7,25.15,362.9,86,99.9,0.1,1.639,92.2,25.1,0.0064
"2029-01-08 16:00",8.73,0.29,358.05,92.2,100,0.1,1.523,97.8,0.3,0.0065
"2029-01-08 17:00",8.41,0,356.48,94.7,100,0.1,1.423,104.3,0,0.0065
"2029-01-08 18:00",8.3,0,356.02,95.9,100,0.1,1.345,111.7,0,0.0065
"2029-01-08 19:00",8.23,0,355.73,96.9,100,0.1,1.322,119.8,0,0.0066
"2029-01-08 20:00",8.18,0,355.59,97.6,100,0.1,1.296,128.4,0,0.0066
"2029-01-08 21:00",8.16,0,355.58,98.2,100.1,0.1,1.3,137.2,0,0.0066
"2029-01-08 22:00",8.17,0,355.7,98.6,100.1,0.1,1.334,145.7,0,0.0067
"2029-01-08 23:00",8.2,0,355.92,98.9,100.1,0.1,1.395,153.6,0,0.0067
"2029-01-09 00:00",8.74,0,359.63,99,100.3,0.1,1.593,160.8,0,0.0069
"2029-01-09 01:00",8.66,0,359.25,99.6,100.3,0.1,1.622,167,0,0.0069
"2029-01-09 02:00",8.59,0,358.84,99.7,100.3,0.1,1.748,172.5,0,0.0069
"2029-01-09 03:00",8.53,0,358.45,99.7,100.3,0.1,1.888,177.2,0,0.0069
"2029-01-09 04:00",8.48,0,358.11,99.7,100.4,0.1,2.038,181.2,0,0.0068
"2029-01-09 05:00",8.43,0,357.8,99.7,100.4,0.1,2.196,184.6,0,0.0068
"2029-01-09 06:00",8.38,0,357.53,99.7,100.4,0.1,2.362,187.6,0,0.0068
"2029-01-09 07:00",8.34,0,357.28,99.7,100.4,0.1,2.533,190.2,0,0.0068
"2029-01-09 08:00",8.31,0,357.06,99.7,100.5,0.1,2.708,192.4,0,0.0068
"2029-01-09 09:00",9.36,34.93,363.57,98.9,100.5,0.1,2.887,194.4,33.1,0.0072
"2029-01-09 10:00",10.24,69.76,368.2,93.7,100.5,0.1,3.069,196.1,66.5,0.0072
"2029-01-09 11:00",10.92,93.46,371.88,89.9,100.5,0.1,3.254,197.7,89.3,0.0073
"2029-01-09 12:00",11.34,103.69,374.03,87.1,100.5,0.1,3.207,196.9,98.9,0.0072
"2029-01-09 13:00",11.46,99.48,374.53,86.1,100.6,0.1,3.16,196.2,94.3,0.0072
"2029-01-09 14:00",11.24,80.5,373.3,86.9,100.6,0.1,3.114,195.4,75.4,0.0072
"2029-01-09 15:00",10.71,47.27,370.45,89.7,100.6,0.1,3.068,194.6,43.3,0.0071
"2029-01-09 16:00",9.92,1.07,366.25,94.1,100.6,0.1,3.023,193.8,1.1,0.0071
"2029-01-09 17:00",9.55,0,364.27,96.1,100.6,0.1,2.979,192.9,0,0.0071
"2029-01-09 18:00",9.34,0,363.08,97,100.6,0.1,2.935,192,0,0.007
"2029-01-09 19:00",9.14,0,361.99,97.9,100.7,0.1,2.893,191.1,0,0.007
"2029-01-09 20:00",8.96,0,360.97,98.7,100.7,0.1,2.85,190.2,0,0.007
"2029-01-09 21:00",8.79,0,360.04,99.4,100.7,0.1,2.809,189.2,0,0.0069
"2029-01-09 22:00",8.63,0,359.08,99.5,100.7,0.1,2.768,188.2,0,0.0069
"2029-01-09 23:00",8.49,0,358.19,99.6,100.7,0,2.729,187.2,0,0.0068
"2029-01-10 00:00",8.09,0,326.5,97.2,100.8,0,2.046,186.2,0,0.0065
"2029-01-10 01:00",8,0,326,97.4,100.8,0,2.017,185.1,0,0.0064
"2029-01-10 02:00",7.92,0,325.54,97.5,100.8,0,1.989,184,0,0.0064
"2029-01-10 03:00",7.84,0,325.12,97.6,100.8,0,1.962,182.8,0,0.0064
"2029-01-10 04:00",7.78,0,324.74,97.6,100.8,0,1.935,181.7,0,0.0064
"2029-01-10 05:00",7.72,0,324.39,97.5,100.9,0,1.909,180.4,0,0.0063
"2029-01-10 06:00",7.66,0,324.07,97.4,100.9,0,1.884,179.2,0,0.0063
"2029-01-10 07:00",7.62,0,323.78,97.3,100.9,0,1.86,177.9,0,0.0063
"2029-01-10 08:00",7.57,0,323.51,97.1,100.9,0,1.837,176.6,0,0.0062
"2029-01-10 09:00",8.28,52.73,326.71,92.1,100.9,0,1.815,175.3,37.8,0.0062
"2029-01-10 10:00",9.4,103.88,331.85,85,100.9,0,1.794,173.9,79.5,0.0062
"2029-01-10 11:00",10.29,137.92,335.99,79.7,101,0,1.774,172.5,108.4,0.0061
"2029-01-10 12:00",10.87,147.35,338.84,77,100.9,0,1.785,174.3,119.5,0.0062
"2029-01-10 13:00",11.09,136.23,339.95,76.3,100.9,0,1.797,176.1,111.8,0.0062
"2029-01-10 14:00",10.92,106.41,339.22,77.5,100.9,0,1.811,177.8,86.6,0.0062
"2029-01-10 15:00",10.38,60.71,336.75,80.6,100.9,0,1.827,179.5,48.2,0.0063
"2029-01-10 16:00",9.54,2.15,332.81,85.7,100.9,0,1.844,181.2,2.2,0.0063
"2029-01-10 17:00",9.16,0,331.09,88.4,100.9,0,1.863,182.9,0,0.0063
"2029-01-10 18:00",8.97,0,330.28,89.9,100.9,0,1.884,184.5,0,0.0063
"2029-01-10 19:00",8.8,0,329.58,91.3,100.9,0,1.905,186,0,0.0064
"2029-01-10 20:00",8.66,0,328.97,92.6,100.9,0,1.928,187.6,0,0.0064
"2029-01-10 21:00",8.53,0,328.44,93.8,100.9,0,1.953,189.1,0,0.0064
"2029-01-10 22:00",8.42,0,327.98,94.9,100.9,0,1.979,190.6,0,0.0065
"2029-01-10 23:00",8.32,0,327.59,96,100.9,0,2.006,192,0,0.0065
"2029-01-11 00:00",8.8,0,361.71,99.7,100.8,0,2.995,193.4,0,0.007
"2029-01-11 01:00",8.78,0,361.56,99.7,100.8,0,3.039,194.7,0,0.007
"2029-01-11 02:00",8.76,0,361.42,99.7,100.8,0,3.084,196,0,0.0069
"2029-01-11 03:00",8.74,0,361.3,99.7,100.8,0,3.13,197.3,0,0.0069
"2029-01-11 04:00",8.72,0,361.2,99.7,100.8,0,3.178,198.5,0,0.0069
"2029-01-11 05:00",8.71,0,361.1,99.7,100.8,0,3.227,199.7,0,0.0069
"2029-01-11 06:00",8.69,0,361.01,99.7,100.8,0,3.278,200.9,0,0.0069
"2029-01-11 07:00",8.68,0,360.93,99.7,100.8,0,3.33,202,0,0.0069
"2029-01-11 08:00",8.67,0,360.86,99.7,100.8,0,3.383,203.1,0,0.0069
"2029-01-11 09:00",9.98,26.87,368.72,96.9,100.8,0,3.437,204.2,26.6,0.0073
"2029-01-11 10:00",10.13,49.87,369.57,96.3,100.7,0,3.437,205.2,49.7,0.0074
"2029-01-11 11:00",10.21,62.55,370.1,96.2,100.7,0,3.493,206.2,62.4,0.0074
"2029-01-11 12:00",10.21,69.38,369.9,95.1,100.7,0.1,3.239,205.9,69.2,0.0073
"2029-01-11 13:00",10.11,66.68,369.17,94.7,100.7,0.1,2.985,205.7,66.5,0.0072
"2029-01-11 14:00",9.91,54.26,367.89,94.9,100.7,0.1,2.732,205.3,54,0.0072
"2029-01-11 15:00",9.6,32.48,366.09,95.8,100.7,0.1,2.479,205,32.3,0.0071
"2029-01-11 16:00",9.21,1.74,363.85,97.2,100.6,0.1,2.261,204.5,1.7,0.007
"2029-01-11 17:00",8.95,0,362.31,97.8,100.6,0.1,2.004,203.9,0,0.0069
"2029-01-11 18:00",8.75,0,361.07,97.9,100.6,0.1,1.748,203.1,0,0.0068
"2029-01-11 19:00",8.56,0,359.86,98,100.6,0.1,1.491,202.1,0,0.0068
"2029-01-11 20:00",8.37,0,358.67,98.1,100.6,0.1,1.236,200.6,0,0.0067
"2029-01-11 21:00",8.19,0,357.51,98.1,100.5,0.1,0.982,198.4,0,0.0066
"2029-01-11 22:00",8,0,356.37,98.1,100.5,0.1,0.73,194.6,0,0.0065
"2029-01-11 23:00",7.83,0,355.24,98.1,100.5,0.1,0.487,186.9,0,0.0064
"2029-01-12 00:00",3.77,0,329.28,99.6,100.4,0.1,0.21,165,0,0.0049
"2029-01-12 01:00",3.53,0,327.86,99.6,100.4,0.1,0.152,97.9,0,0.0049
"2029-01-12 02:00",3.32,0,326.62,99.6,100.4,0.2,0.281,58.1,0,0.0048
"2029-01-12 03:00",3.13,0,325.52,99.6,100.4,0.2,0.46,46.3,0,0.0047
"2029-01-12 04:00",2.97,0,324.56,99.6,100.4,0.2,0.648,41.3,0,0.0047
"2029-01-12 05:00",2.82,0,323.71,99.6,100.3,0.2,0.839,38.5,0,0.0046
"2029-01-12 06:00",2.7,0,322.97,99.6,100.3,0.2,1.03,36.7,0,0.0046
"2029-01-12 07:00",2.58,0,322.31,99.6,100.3,0.2,1.223,35.5,0,0.0045
"2029-01-12 08:00",2.48,0,321.74,99.6,100.3,0.2,1.415,34.6,0,0.0045
"2029-01-12 09:00",4.88,35.03,335.56,97.6,100.3,0.2,1.608,34,33.5,0.0052
"2029-01-12 10:00",6.97,68.18,345.5,83.3,100.3,0.2,1.802,33.4,65.8,0.0052
"2029-01-12 11:00",8.66,90.29,353.66,73.1,100.2,0.2,1.995,33,87.4,0.0051
"2029-01-12 12:00",9.8,98.08,359.22,66.9,100.2,0.2,2.149,34,95.2,0.005
"2029-01-12 13:00",10.28,92.43,361.48,64,100.2,0.2,2.303,34.8,89.7,0.005
"2029-01-12 14:00",10.06,73.9,360.14,64.1,100.2,0.2,2.458,35.6,71.5,0.0049
"2029-01-12 15:00",9.15,43.77,355.28,67.4,100.2,0.2,2.613,36.2,42,0.0049
"2029-01-12 16:00",7.61,3.1,347.36,73.9,100.2,0.2,2.768,36.8,3.1,0.0048
"2029-01-12 17:00",6.56,0,341.99,78.4,100.2,0.2,2.924,37.3,0,0.0047
"2029-01-12 18:00",5.88,0,338.44,81.1,100.2,0.2,3.08,37.8,0,0.0047
"2029-01-12 19:00",5.26,0,335.25,83.6,100.1,0.2,3.236,38.2,0,0.0046
"2029-01-12 20:00",4.71,0,332.37,85.8,100.1,0.2,3.392,38.6,0,0.0046
"2029-01-12 21:00",4.21,0,329.76,87.6,100.1,0.2,3.548,38.9,0,0.0045
"2029-01-12 22:00",3.75,0,327.38,89.3,100.1,0.2,3.705,39.2,0,0.0044
"2029-01-12 23:00",3.34,0,325.21,90.7,100.1,0.2,3.861,39.5,0,0.0044
"2029-01-13 00:00",1.45,0,318.69,97.1,100.1,0.2,4.49,39.8,0,0.0041
"2029-01-13 01:00",1.4,0,318.22,96.1,100.1,0.2,4.665,40,0,0.004
"2029-01-13 02:00",1.35,0,317.76,95.1,100.1,0.2,4.84,40.2,0,0.004
"2029-01-13 03:00",1.3,0,317.34,94,100.1,0.1,5.016,40.5,0,0.0039
"2029-01-13 04:00",1.26,0,316.93,92.9,100.1,0.1,5.191,40.7,0,0.0039
"2029-01-13 05:00",1.23,0,316.55,91.8,100.1,0.1,5.366,40.8,0,0.0038
"2029-01-13 06:00",1.2,0,316.19,90.6,100.1,0.1,5.542,41,0,0.0038
"2029-01-13 07:00",1.17,0,315.84,89.4,100.1,0.1,5.717,41.2,0,0.0037
"2029-01-13 08:00",0.93,0,314.52,89.6,100.1,0.1,5.893,41.3,0,0.0036
"2029-01-13 09:00",1.39,31.49,316.4,85.3,100,0.1,6.069,41.5,30.8,0.0036
"2029-01-13 10:00",2.11,59.82,319.54,79.7,100,0.1,6.244,41.6,59.1,0.0035
"2029-01-13 11:00",2.7,77.71,322.03,75.2,100,0.1,6.42,41.7,77,0.0035
"2029-01-13 12:00",3.08,84.55,323.98,73.9,100,0.1,6.355,41.8,83.8,0.0035
"2029-01-13 13:00",3.24,79.9,324.86,73.8,100,0.1,6.289,41.8,79.2,0.0035
"2029-01-13 14:00",3.15,64.19,324.59,75,100,0.2,6.224,41.8,63.5,0.0036
"2029-01-13 15:00",2.84,38.45,323.25,77.5,100,0.2,6.159,41.8,37.9,0.0036
"2029-01-13 16:00",2.33,3.48,321.01,81.1,99.9,0.2,6.093,41.9,3.5,0.0036
"2029-01-13 17:00",2.09,0,320.05,83.3,99.9,0.2,6.028,41.9,0,0.0037
"2029-01-13 18:00",2.01,0,319.83,84.6,99.9,0.2,5.962,41.9,0,0.0037
"2029-01-13 19:00",1.95,0,319.66,85.8,99.9,0.2,5.897,42,0,0.0038
"2029-01-13 20:00",1.9,0,319.55,86.9,99.9,0.2,5.832,42,0,0.0038
"2029-01-13 21:00",1.85,0,319.49,88,99.9,0.3,5.766,42,0,0.0038
"2029-01-13 22:00",1.82,0,319.46,89,99.9,0.3,5.701,42,0,0.0039
"2029-01-13 23:00",1.79,0,319.48,90,99.8,0.3,5.636,42.1,0,0.0039
"2029-01-14 00:00",2.49,0,332.76,96.5,99.7,0.3,4.962,42.1,0,0.0044
"2029-01-14 01:00",2.39,0,332.39,98.1,99.7,0.3,4.904,42.1,0,0.0044
"2029-01-14 02:00",2.29,0,332.04,99.4,99.7,0.3,4.845,42.2,0,0.0045
"2029-01-14 03:00",2.21,0,331.56,99.6,99.7,0.4,4.787,42.2,0,0.0045
"2029-01-14 04:00",2.13,0,331.1,99.6,99.7,0.4,4.729,42.3,0,0.0044
"2029-01-14 05:00",2.06,0,330.7,99.6,99.7,0.4,4.671,42.3,0,0.0044
"2029-01-14 06:00",2,0,330.34,99.6,99.7,0.4,4.613,42.3,0,0.0044
"2029-01-14 07:00",1.95,0,330.02,99.6,99.6,0.4,4.554,42.4,0,0.0044
"2029-01-14 08:00",1.54,0,327.59,99.6,99.6,0.4,4.496,42.4,0,0.0042
"2029-01-14 09:00",3.29,28.17,337.91,98.6,99.6,0.5,4.438,42.4,27.9,0.0048
"2029-01-14 10:00",4.39,53.25,343.48,92,99.6,0.5,4.38,42.5,53,0.0048
"2029-01-14 11:00",5.26,69.21,347.96,87.3,99.6,0.5,4.322,42.5,68.9,0.0048
"2029-01-14 12:00",5.82,76.06,350.68,83.6,99.6,0.5,4.273,42.2,75.8,0.0048
"2029-01-14 13:00",6,72.67,351.52,82.3,99.6,0.5,4.225,42,72.4,0.0048
"2029-01-14 14:00",5.78,59.13,350.37,83.2,99.6,0.4,4.177,41.7,58.8,0.0048
"2029-01-14 15:00",5.18,36.12,347.3,86.4,99.6,0.4,4.129,41.4,35.8,0.0048
"2029-01-14 16:00",4.25,4.05,342.6,91.8,99.6,0.4,4.081,41,4,0.0047
"2029-01-14 17:00",3.68,0,339.72,95.2,99.6,0.4,4.033,40.7,0,0.0047
"2029-01-14 18:00",3.38,0,338.16,96.9,99.6,0.4,3.986,40.4,0,0.0047
"2029-01-14 19:00",3.1,0,336.73,98.5,99.6,0.4,3.938,40.1,0,0.0047
"2029-01-14 20:00",2.84,0,335.37,99.6,99.6,0.3,3.891,39.7,0,0.0047
"2029-01-14 21:00",2.61,0,333.96,99.6,99.6,0.3,3.844,39.4,0,0.0046
"2029-01-14 22:00",2.39,0,332.66,99.6,99.6,0.3,3.797,39,0,0.0045
"2029-01-14 23:00",2.19,0,331.47,99.6,99.6,0.3,3.75,38.6,0,0.0045
"2029-01-15 00:00",1.57,0,325.29,99.6,99.6,0.3,4.251,38.3,0,0.0043
"2029-01-15 01:00",1.45,0,324.56,99.6,99.6,0.3,4.197,37.9,0,0.0042
"2029-01-15 02:00",1.34,0,323.92,99.6,99.6,0.2,4.144,37.5,0,0.0042
"2029-01-15 03:00",1.24,0,323.35,99.6,99.6,0.2,4.091,37.1,0,0.0042
"2029-01-15 04:00",1.16,0,322.84,99.6,99.6,0.2,4.038,36.6,0,0.0041
"2029-01-15 05:00",1.08,0,322.39,99.6,99.6,0.2,3.986,36.2,0,0.0041
"2029-01-15 06:00",1.01,0,321.99,99.6,99.6,0.2,3.933,35.8,0,0.0041
"2029-01-15 07:00",0.95,0,321.64,99.6,99.6,0.2,3.881,35.3,0,0.0041
"2029-01-15 08:00",0.51,0,319.07,99.6,99.6,0.1,3.83,34.8,0,0.0039
"2029-01-15 09:00",2.41,30.6,329.32,94.2,99.6,0.1,3.778,34.4,30.2,0.0043
"2029-01-15 10:00",3.63,58.01,335.15,86,99.6,0.1,3.727,33.9,57.5,0.0043
"2029-01-15 11:00",4.61,76.03,339.84,79.9,99.6,0.1,3.676,33.4,75.5,0.0042
"2029-01-15 12:00",5.24,85.96,342.85,76.1,99.7,0.1,3.486,32.9,85.2,0.0042
"2029-01-15 13:00",5.46,84.5,343.86,74.6,99.7,0.1,3.296,32.4,83.6,0.0042
"2029-01-15 14:00",5.24,70.81,342.73,75.4,99.7,0.1,3.106,31.9,69.6,0.0042
"2029-01-15 15:00",4.61,44.79,339.53,78.5,99.7,0.1,2.917,31.3,43.5,0.0042
"2029-01-15 16:00",3.6,6.1,334.57,83.8,99.8,0.1,2.728,30.6,6,0.0041
"2029-01-15 17:00",2.95,0,331.35,87.4,99.8,0.1,2.54,29.8,0,0.0041
"2029-01-15 18:00",2.61,0,329.61,89.1,99.8,0.1,2.352,28.8,0,0.0041
"2029-01-15 19:00",2.29,0,328.03,90.7,99.8,0.1,2.165,27.7,0,0.0041
"2029-01-15 20:00",2,0,326.59,92.2,99.9,0.1,1.979,26.4,0,0.0041
"2029-01-15 21:00",1.74,0,325.27,93.5,99.9,0.1,1.794,24.9,0,0.004
"2029-01-15 22:00",1.5,0,324.06,94.6,99.9,0,1.611,22.9,0,0.004
"2029-01-15 23:00",1.28,0,322.94,95.7,99.9,0,1.529,20.5,0,0.004
"2029-01-16 00:00",0.44,0,295.06,98.2,100,0,1.795,17.2,0,0.0039
"2029-01-16 01:00",0.33,0,294.51,98.5,100,0,1.447,13,0,0.0038
"2029-01-16 02:00",0.23,0,293.99,98.6,100.1,0,1.22,7.3,0,0.0038
"2029-01-16 03:00",0.14,0,293.53,98.6,100.1,0,1.043,359.1,0,0.0038
"2029-01-16 04:00",0.06,0,293.11,98.5,100.1,0,0.825,347.2,0,0.0038
"2029-01-16 05:00",-0.01,0,292.73,98.5,100.1,0,0.752,330.4,0,0.0037
"2029-01-16 06:00",-0.08,0,292.39,98.5,100.2,0,0.714,309.5,0,0.0037
"2029-01-16 07:00",-0.13,0,292.09,98.5,100.2,0,0.768,289,0,0.0037
"2029-01-16 08:00",-0.53,0,290.13,99.5,100.2,0,0.899,273.1,0,0.0036
"2029-01-16 09:00",0,58.05,292.6,96.8,100.2,0,1.08,261.9,42.1,0.0037
"2029-01-16 10:00",1.35,110.84,298.33,87.5,100.3,0,1.291,254.2,84.9,0.0037
"2029-01-16 11:00",2.45,147.12,303.07,80.5,100.3,0,1.519,248.8,115,0.0036
"2029-01-16 12:00",3.21,160.82,306.5,76.6,100.3,0,1.335,251.7,127.4,0.0037
"2029-01-16 13:00",3.58,153.21,308.21,74.9,100.3,0,1.155,255.4,120.5,0.0037
"2029-01-16 14:00",3.53,124.78,308.05,75.6,100.3,0,0.984,260.5,95.1,0.0037
"2029-01-16 15:00",3.08,77.26,306.09,78.4,100.4,0,0.824,267.8,54.8,0.0037
"2029-01-16 16:00",2.27,11.83,302.6,83.4,100.4,0,0.686,278.3,11.5,0.0037
"2029-01-16 17:00",1.81,0,300.62,86.6,100.4,0,0.544,293.7,0,0.0037
"2029-01-16 18:00",1.67,0,300.06,87.9,100.4,0,0.499,314,0,0.0038
"2029-01-16 19:00",1.55,0,299.62,89,100.4,0,0.523,335.7,0,0.0038
"2029-01-16 20:00",1.46,0,299.29,90,100.5,0,0.631,353.5,0,0.0038
"2029-01-16 21:00",1.39,0,299.06,90.9,100.5,0,0.756,6.1,0,0.0038
"2029-01-16 22:00",1.35,0,298.91,91.6,100.5,0,0.887,14.6,0,0.0038
"2029-01-16 23:00",1.31,0,298.84,92.2,100.5,0,1.056,20.6,0,0.0038
"2029-01-17 00:00",1.95,0,309.14,93.4,100.6,0,0.781,25.3,0,0.0041
"2029-01-17 01:00",1.84,0,308.72,94.6,100.7,0,0.893,28.5,0,0.0041
"2029-01-17 02:00",1.75,0,308.36,95.6,100.7,0,1.008,30.9,0,0.0041
"2029-01-17 03:00",1.66,0,308.05,96.6,100.7,0,1.124,32.9,0,0.0041
"2029-01-17 04:00",1.58,0,307.78,97.6,100.7,0,1.241,34.4,0,0.0041
"2029-01-17 05:00",1.52,0,307.54,98.5,100.8,0,1.359,35.7,0,0.0041
"2029-01-17 06:00",1.46,0,307.33,99.3,100.8,0,1.478,36.8,0,0.0042
"2029-01-17 07:00",1.4,0,307.08,99.6,100.8,0,1.597,37.7,0,0.0042
"2029-01-17 08:00",1.05,0,305.09,99.6,100.8,0,1.716,38.5,0,0.004
"2029-01-17 09:00",2.56,63.65,312.53,93,100.8,0,1.836,39.2,40.2,0.0042
"2029-01-17 10:00",3.68,118.32,317.68,86.3,100.9,0,1.956,39.9,85.4,0.0042
"2029-01-17 11:00",4.57,153.84,321.85,81.4,100.9,0,2.076,40.4,116.2,0.0042
"2029-01-17 12:00",5.15,163.49,324.47,77.9,100.9,0,2.197,40.7,128.8,0.0042
"2029-01-17 13:00",5.36,151.48,325.4,76.5,100.8,0,2.317,40.9,121.7,0.0042
"2029-01-17 14:00",5.18,120.11,324.52,77.1,100.8,0,2.437,41.2,96.5,0.0042
"2029-01-17 15:00",4.63,72.78,321.89,79.8,100.8,0,2.557,41.4,57.2,0.0042
"2029-01-17 16:00",3.75,12.26,317.76,84.6,100.8,0,2.678,41.6,11.8,0.0042
"2029-01-17 17:00",3.16,0,315,87.9,100.8,0,2.798,41.8,0,0.0042
"2029-01-17 18:00",2.88,0,313.68,89.3,100.8,0,2.919,41.9,0,0.0041
"2029-01-17 19:00",2.63,0,312.48,90.5,100.8,0.1,3.039,42.1,0,0.0041
"2029-01-17 20:00",2.41,0,311.4,91.6,100.8,0.1,3.159,42.2,0,0.0041
"2029-01-17 21:00",2.2,0,310.42,92.6,100.7,0.1,3.28,42.4,0,0.0041
"2029-01-17 22:00",2.02,0,309.52,93.5,100.7,0.1,3.4,42.5,0,0.0041
"2029-01-17 23:00",1.85,0,308.7,94.2,100.7,0.1,3.521,42.6,0,0.0041
"2029-01-18 00:00",0.98,0,320.52,94.1,100.7,0.1,4.161,42.7,0,0.0038
"2029-01-18 01:00",0.92,0,320.21,94.1,100.6,0.1,4.299,42.8,0,0.0038
"2029-01-18 02:00",0.87,0,319.93,94,100.6,0.1,4.437,42.9,0,0.0038
"2029-01-18 03:00",0.83,0,319.67,94,100.6,0.1,4.575,43,0,0.0038
"2029-01-18 04:00",0.79,0,319.43,93.8,100.6,0.1,4.712,43,0,0.0038
"2029-01-18 05:00",0.76,0,319.21,93.7,100.6,0.1,4.85,43.1,0,0.0037
"2029-01-18 06:00",0.73,0,319.02,93.5,100.6,0.1,4.988,43.2,0,0.0037
"2029-01-18 07:00",0.7,0,318.83,93.3,100.6,0.1,5.126,43.3,0,0.0037
"2029-01-18 08:00",0.51,0,317.91,94.2,100.5,0.1,5.264,43.3,0,0.0037
"2029-01-18 09:00",1.04,22.49,320.3,90.3,100.5,0.2,5.402,43.4,22.5,0.0037
"2029-01-18 10:00",1.71,38.48,323.39,85.7,100.5,0.2,5.54,43.4,38.5,0.0037
"2029-01-18 11:00",2.25,46.07,325.86,82.1,100.5,0.2,5.677,43.5,46.1,0.0037
"2029-01-18 12:00",2.6,52.02,327.67,80.8,100.5,0.2,5.623,43.5,52,0.0037
"2029-01-18 13:00",2.74,51.26,328.46,80.7,100.4,0.2,5.569,43.5,51.3,0.0037
"2029-01-18 14:00",2.66,43.31,328.18,81.8,100.4,0.2,5.514,43.4,43.3,0.0037
"2029-01-18 15:00",2.36,28.13,326.89,84.3,100.4,0.2,5.46,43.4,28.1,0.0038
"2029-01-18 16:00",1.88,5.62,324.73,88,100.3,0.1,5.406,43.4,5.6,0.0038
"2029-01-18 17:00",1.58,0,323.46,90.6,100.3,0.1,5.351,43.4,0,0.0038
"2029-01-18 18:00",1.5,0,323.17,91.9,100.3,0.1,5.297,43.4,0,0.0039
"2029-01-18 19:00",1.42,0,322.93,93.2,100.3,0.1,5.243,43.3,0,0.0039
"2029-01-18 20:00",1.35,0,322.75,94.4,100.2,0.1,5.189,43.3,0,0.0039
"2029-01-18 21:00",1.29,0,322.61,95.5,100.2,0.1,5.134,43.3,0,0.004
"2029-01-18 22:00",1.25,0,322.51,96.6,100.2,0.1,5.08,43.3,0,0.004
"2029-01-18 23:00",1.21,0,322.44,97.6,100.1,0.1,5.026,43.2,0,0.004
"2029-01-19 00:00",1.94,0,331.34,99.1,100,0.1,4.149,43.2,0,0.0043
"2029-01-19 01:00",1.81,0,330.64,99.6,100,0.1,4.104,43.2,0,0.0043
"2029-01-19 02:00",1.69,0,329.94,99.6,99.9,0.1,4.058,43.2,0,0.0043
"2029-01-19 03:00",1.59,0,329.32,99.6,99.9,0.1,4.013,43.1,0,0.0042
"2029-01-19 04:00",1.5,0,328.77,99.6,99.9,0.1,3.968,43.1,0,0.0042
"2029-01-19 05:00",1.41,0,328.28,99.6,99.9,0.1,3.922,43.1,0,0.0042
"2029-01-19 06:00",1.34,0,327.85,99.6,99.8,0.1,3.877,43.1,0,0.0042
"2029-01-19 07:00",1.28,0,327.47,99.6,99.8,0.1,3.832,43,0,0.0042
"2029-01-19 08:00",0.89,0,325.19,99.6,99.8,0.1,3.786,43,0,0.004
"2029-01-19 09:00",2.38,37.86,334.08,99.6,99.7,0.1,3.741,43,36.7,0.0045
"2029-01-19 10:00",3.72,70.61,341.25,94,99.7,0.1,3.696,43,68.8,0.0047
"2029-01-19 11:00",4.8,93.2,346.73,87.7,99.7,0.1,3.651,42.9,90.9,0.0047
"2029-01-19 12:00",5.53,99.31,350.34,83.3,99.7,0.1,3.703,42.7,97.4,0.0047
"2029-01-19 13:00",5.83,92.49,351.87,81.4,99.7,0.1,3.755,42.5,91,0.0047
"2029-01-19 14:00",5.7,74.02,351.15,82.1,99.6,0.1,3.808,42.3,72.9,0.0047
"2029-01-19 15:00",5.13,45.8,348.26,85.3,99.6,0.2,3.86,42.1,45,0.0047
"2029-01-19 16:00",4.17,9.53,343.47,91,99.6,0.2,3.913,41.9,9.4,0.0047
"2029-01-19 17:00",3.47,0,340,95.5,99.6,0.2,3.966,41.7,0,0.0047
"2029-01-19 18:00",3.17,0,338.47,97.4,99.6,0.2,4.018,41.5,0,0.0047
"2029-01-19 19:00",2.9,0,337.12,99.2,99.6,0.3,4.071,41.4,0,0.0047
"2029-01-19 20:00",2.66,0,335.73,99.6,99.6,0.3,4.124,41.2,0,0.0046
"2029-01-19 21:00",2.44,0,334.44,99.6,99.6,0.3,4.177,41,0,0.0045
"2029-01-19 22:00",2.25,0,333.3,99.6,99.5,0.3,4.23,40.8,0,0.0045
"2029-01-19 23:00",2.08,0,332.28,99.6,99.5,0.4,4.282,40.7,0,0.0044
"2029-01-20 00:00",1.84,0,333.07,99.6,99.4,0.4,4.701,40.5,0,0.0043
"2029-01-20 01:00",1.73,0,332.38,99.6,99.4,0.4,4.758,40.4,0,0.0043
"2029-01-20 02:00",1.62,0,331.77,99.6,99.4,0.4,4.815,40.2,0,0.0043
"2029-01-20 03:00",1.53,0,331.23,99.6,99.4,0.5,4.873,40.1,0,0.0043
"2029-01-20 04:00",1.46,0,330.76,99.6,99.4,0.5,4.93,39.9,0,0.0042
"2029-01-20 05:00",1.38,0,330.33,99.6,99.4,0.5,4.988,39.8,0,0.0042
"2029-01-20 06:00",1.32,0,329.96,99.6,99.4,0.5,5.046,39.7,0,0.0042
"2029-01-20 07:00",1.27,0,329.63,99.6,99.3,0.6,5.103,39.5,0,0.0042
"2029-01-20 08:00",0.96,0,327.77,99.7,99.3,0.6,5.161,39.4,0,0.0041
"2029-01-20 09:00",3.47,13.75,342.24,95.3,99.3,0.6,5.218,39.3,13.7,0.0047
"2029-01-20 10:00",4.45,23.54,347.11,88.8,99.3,0.6,5.276,39.1,23.5,0.0047
"2029-01-20 11:00",5.21,28.62,350.91,84.1,99.3,0.7,5.334,39,28.6,0.0047
"2029-01-20 12:00",5.67,36.14,352.96,80.2,99.3,0.6,5.377,38.8,36.1,0.0046
"2029-01-20 13:00",5.77,39.25,353.19,78.4,99.4,0.6,5.421,38.6,39.3,0.0045
"2029-01-20 14:00",5.49,36.2,351.49,78.6,99.4,0.6,5.464,38.4,36.2,0.0044
"2029-01-20 15:00",4.84,25.7,347.92,81,99.4,0.6,5.508,38.2,25.7,0.0044
"2029-01-20 16:00",3.86,6.57,342.75,85.3,99.5,0.6,5.552,38.1,6.6,0.0043
"2029-01-20 17:00",3.07,0,338.6,88.6,99.5,0.5,5.596,37.9,0,0.0042
"2029-01-20 18:00",2.64,0,336.21,89.8,99.5,0.5,5.64,37.7,0,0.0041
"2029-01-20 19:00",2.24,0,333.97,90.8,99.5,0.5,5.683,37.5,0,0.0041
"2029-01-20 20:00",1.87,0,331.87,91.6,99.6,0.5,5.727,37.3,0,0.004
"2029-01-20 21:00",1.52,0,329.89,92.2,99.6,0.5,5.771,37.2,0,0.0039
"2029-01-20 22:00",1.19,0,328.02,92.7,99.6,0.4,5.816,37,0,0.0039
"2029-01-20 23:00",0.88,0,326.25,93,99.7,0.4,5.86,36.8,0,0.0038
"2029-01-21 00:00",-1.2,0,266.68,97.6,99.8,0.4,5.963,36.7,0,0.0034
"2029-01-21 01:00",-1.31,0,266.05,96.6,99.8,0.4,6.007,36.5,0,0.0033
"2029-01-21 02:00",-1.4,0,265.45,95.3,99.8,0.3,6.052,36.3,0,0.0033
"2029-01-21 03:00",-1.49,0,264.88,93.9,99.9,0.3,6.097,36.2,0,0.0032
"2029-01-21 04:00",-1.56,0,264.35,92.5,99.9,0.3,6.142,36,0,0.0031
"2029-01-21 05:00",-1.63,0,263.84,91,99.9,0.3,6.187,35.9,0,0.0031
"2029-01-21 06:00",-1.69,0,263.36,89.4,100,0.3,6.231,35.7,0,0.003
"2029-01-21 07:00",-1.74,0,262.9,87.7,100,0.2,6.276,35.6,0,0.0029
"2029-01-21 08:00",-2.02,0.08,261.57,87.5,100,0.2,6.321,35.4,0.1,0.0029
"2029-01-21 09:00",0.01,67.11,269.2,73.6,100,0.2,6.366,35.3,45.6,0.0028
"2029-01-21 10:00",1,125.07,272.84,67,100.1,0.2,6.411,35.1,90.3,0.0027
"2029-01-21 11:00",1.78,166.91,275.65,61.8,100.1,0.2,6.457,35,121.3,0.0027
"2029-01-21 12:00",2.26,186.37,277.46,59,100.2,0.1,6.469,35,134.3,0.0026
"2029-01-21 13:00",2.4,182.38,277.88,57.7,100.2,0.1,6.481,35.1,126.8,0.0026
"2029-01-21 14:00",2.18,153.97,276.83,58,100.3,0.1,6.494,35.1,100,0.0026
"2029-01-21 15:00",1.59,101.68,274.35,59.8,100.3,0.1,6.506,35.1,52.5,0.0025
"2029-01-21 16:00",0.7,26.16,270.65,63,100.3,0.1,6.519,35.2,20,0.0025
"2029-01-21 17:00",-0.02,0,267.68,65.5,100.4,0.1,6.531,35.2,0,0.0025
"2029-01-21 18:00",-0.37,0,266.16,66.4,100.4,0.1,6.543,35.2,0,0.0024
"2029-01-21 19:00",-0.7,0,264.75,67.2,100.5,0.1,6.556,35.3,0,0.0024
"2029-01-21 20:00",-1,0,263.44,67.8,100.5,0.1,6.568,35.3,0,0.0024
"2029-01-21 21:00",-1.28,0,262.21,68.4,100.6,0.1,6.581,35.3,0,0.0024
"2029-01-21 22:00",-1.54,0,261.07,68.8,100.6,0.1,6.593,35.3,0,0.0023
"2029-01-21 23:00",-1.78,0,259.98,69.1,100.7,0.1,6.606,35.4,0,0.0023
"2029-01-22 00:00",-3,0,232.61,75.3,100.9,0.1,6.686,35.4,0,0.0023
"2029-01-22 01:00",-3.1,0,232.12,74.8,100.9,0.1,6.698,35.4,0,0.0022
"2029-01-22 02:00",-3.19,0,231.67,74.3,101,0.1,6.711,35.5,0,0.0022
"2029-01-22 03:00",-3.27,0,231.25,73.8,101,0.1,6.724,35.5,0,0.0022
"2029-01-22 04:00",-3.34,0,230.86,73.1,101.1,0,6.736,35.5,0,0.0021
"2029-01-22 05:00",-3.41,0,230.5,72.4,101.1,0,6.749,35.6,0,0.0021
"2029-01-22 06:00",-3.47,0,230.16,71.7,101.2,0,6.761,35.6,0,0.0021
"2029-01-22 07:00",-3.52,0,229.84,70.9,101.2,0,6.774,35.6,0,0.0021
"2029-01-22 08:00",-3.77,0.61,228.84,71.2,101.2,0,6.786,35.7,0.6,0.002
"2029-01-22 09:00",-2.38,111.11,233.43,63.2,101.3,0,6.799,35.7,52.1,0.002
"2029-01-22 10:00",-1.33,201.31,236.91,57.6,101.3,0,6.812,35.7,69.7,0.002
"2029-01-22 11:00",-0.49,263.06,239.68,53.3,101.4,0,6.824,35.8,79.5,0.0019
"2029-01-22 12:00",0.06,288.16,241.56,50.9,101.4,0,6.787,35.7,83.1,0.0019
"2029-01-22 13:00",0.27,277.14,242.25,49.9,101.4,0,6.749,35.7,81.7,0.0019
"2029-01-22 14:00",0.12,230.45,241.67,50.2,101.4,0,6.712,35.6,75.1,0.0019
"2029-01-22 15:00",-0.38,150.78,239.86,51.8,101.5,0,6.674,35.6,61.7,0.0019
"2029-01-22 16:00",-1.18,40.88,236.99,54.6,101.5,0,6.637,35.6,30.3,0.0019
"2029-01-22 17:00",-1.82,0,234.7,56.9,101.5,0,6.6,35.5,0,0.0019
"2029-01-22 18:00",-2.08,0,233.75,57.7,101.5,0,6.562,35.5,0,0.0019
"2029-01-22 19:00",-2.32,0,232.89,58.4,101.5,0,6.525,35.5,0,0.0018
"2029-01-22 20:00",-2.53,0,232.11,59,101.5,0,6.487,35.4,0,0.0018
"2029-01-22 21:00",-2.72,0,231.4,59.5,101.5,0,6.45,35.4,0,0.0018
"2029-01-22 22:00",-2.89,0,230.75,59.9,101.6,0,6.412,35.4,0,0.0018
"2029-01-22 23:00",-3.04,0,230.16,60.3,101.6,0,6.375,35.3,0,0.0018
"2029-01-23 00:00",-3.52,0,220.42,63.6,101.6,0,6.155,35.3,0,0.0018
"2029-01-23 01:00",-3.61,0,220.08,63.6,101.6,0,6.118,35.2,0,0.0018
"2029-01-23 02:00",-3.69,0,219.78,63.6,101.6,0,6.082,35.2,0,0.0018
"2029-01-23 03:00",-3.75,0,219.5,63.6,101.6,0,6.046,35.2,0,0.0018
"2029-01-23 04:00",-3.81,0,219.25,63.5,101.7,0,6.009,35.1,0,0.0018
"2029-01-23 05:00",-3.87,0,219.02,63.4,101.7,0,5.973,35.1,0,0.0018
"2029-01-23 06:00",-3.92,0,218.81,63.2,101.7,0,5.937,35,0,0.0018
"2029-01-23 07:00",-3.96,0,218.61,63.1,101.7,0,5.9,35,0,0.0018
"2029-01-23 08:00",-4.15,1.59,217.92,63.6,101.7,0,5.864,34.9,1.6,0.0017
"2029-01-23 09:00",-2.79,123.71,222.33,57.1,101.7,0,5.828,34.9,57.4,0.0017
"2029-01-23 10:00",-1.92,219.6,225.14,53.2,101.8,0,5.791,34.9,75.5,0.0017
"2029-01-23 11:00",-1.23,282.97,227.36,50.3,101.8,0,5.755,34.8,85.1,0.0017
"2029-01-23 12:00",-0.8,309.44,228.8,48.5,101.8,0,5.735,34.8,88.7,0.0017
"2029-01-23 13:00",-0.65,297.46,229.26,47.8,101.7,0,5.715,34.8,87.2,0.0017
"2029-01-23 14:00",-0.81,247.7,228.69,48.2,101.7,0,5.696,34.8,80.1,0.0017
"2029-01-23 15:00",-1.26,163.14,227.13,49.7,101.7,0,5.676,34.8,65.9,0.0017
"2029-01-23 16:00",-1.98,47.03,224.7,52.2,101.7,0,5.656,34.8,33.8,0.0017
"2029-01-23 17:00",-2.57,0,222.72,54.3,101.7,0,5.636,34.8,0,0.0017
"2029-01-23 18:00",-2.81,0,221.91,55.1,101.7,0,5.616,34.8,0,0.0017
"2029-01-23 19:00",-3.02,0,221.16,55.8,101.7,0,5.597,34.8,0,0.0017
"2029-01-23 20:00",-3.22,0,220.47,56.4,101.7,0,5.577,34.8,0,0.0017
"2029-01-23 21:00",-3.4,0,219.84,57,101.6,0,5.557,34.8,0,0.0017
"2029-01-23 22:00",-3.57,0,219.26,57.5,101.6,0,5.537,34.8,0,0.0017
"2029-01-23 23:00",-3.73,0,218.73,58,101.6,0,5.518,34.8,0,0.0016
"2029-01-24 00:00",-3.89,0,214.21,56.1,101.5,0,5.58,34.8,0,0.0016
"2029-01-24 01:00",-3.97,0,213.95,56.2,101.5,0,5.56,34.8,0,0.0016
"2029-01-24 02:00",-4.03,0,213.72,56.3,101.5,0,5.539,34.9,0,0.0016
"2029-01-24 03:00",-4.08,0,213.51,56.3,101.5,0,5.519,34.9,0,0.0016
"2029-01-24 04:00",-4.13,0,213.31,56.3,101.5,0,5.499,34.9,0,0.0016
"2029-01-24 05:00",-4.18,0,213.14,56.3,101.4,0,5.479,34.9,0,0.0015
"2029-01-24 06:00",-4.22,0,212.98,56.3,101.4,0,5.459,34.9,0,0.0015
"2029-01-24 07:00",-4.25,0,212.83,56.2,101.4,0,5.439,34.9,0,0.0015
"2029-01-24 08:00",-4.4,3.16,212.34,56.6,101.4,0,5.419,34.9,3.1,0.0015
"2029-01-24 09:00",-2.35,135.78,218.87,48.4,101.4,0,5.399,34.9,62.3,0.0015
"2029-01-24 10:00",-1.77,238.65,220.71,46.2,101.4,0,5.379,34.9,81.5,0.0015
"2029-01-24 11:00",-1.33,306.45,222.09,44.6,101.4,0,5.359,34.9,91.5,0.0015
"2029-01-24 12:00",-1.1,326.42,222.96,44.3,101.4,0,5.327,34.9,93,0.0015
"2029-01-24 13:00",-1.1,305.85,223.06,44.8,101.4,0,5.296,34.9,89,0.0015
"2029-01-24 14:00",-1.35,248.53,222.36,46.1,101.4,0,5.265,34.9,79.8,0.0016
"2029-01-24 15:00",-1.84,160.44,220.87,48.3,101.4,0,5.234,34.9,64.1,0.0016
"2029-01-24 16:00",-2.53,47.59,218.71,51.4,101.4,0,5.203,34.9,33.2,0.0016
"2029-01-24 17:00",-3.15,0,216.82,54.4,101.4,0,5.172,34.9,0,0.0016
"2029-01-24 18:00",-3.47,0,215.88,56.3,101.4,0,5.14,34.9,0,0.0016
"2029-01-24 19:00",-3.78,0,215,58.2,101.4,0,5.109,34.8,0,0.0017
"2029-01-24 20:00",-4.07,0,214.17,60.1,101.4,0,5.078,34.8,0,0.0017
"2029-01-24 21:00",-4.35,0,213.39,62,101.3,0,5.047,34.8,0,0.0017
"2029-01-24 22:00",-4.61,0,212.64,63.9,101.3,0,5.016,34.8,0,0.0017
"2029-01-24 23:00",-4.86,0,211.94,65.7,101.3,0,4.984,34.8,0,0.0017
"2029-01-25 00:00",-6.2,0,252.97,82.9,101.4,0,5.177,34.8,0,0.002
"2029-01-25 01:00",-6.27,0,252.79,84.2,101.4,0.1,5.144,34.8,0,0.002
"2029-01-25 02:00",-6.34,0,252.65,85.4,101.4,0.1,5.112,34.8,0,0.002
"2029-01-25 03:00",-6.4,0,252.53,86.6,101.4,0.1,5.079,34.8,0,0.002
"2029-01-25 04:00",-6.45,0,252.44,87.8,101.4,0.1,5.047,34.8,0,0.002
"2029-01-25 05:00",-6.5,0,252.36,89,101.4,0.1,5.014,34.8,0,0.002
"2029-01-25 06:00",-6.54,0,252.31,90.1,101.4,0.1,4.981,34.8,0,0.0021
"2029-01-25 07:00",-6.58,0,252.28,91.2,101.4,0.1,4.949,34.8,0,0.0021
"2029-01-25 08:00",-6.71,2.27,251.89,92.9,101.4,0.1,4.916,34.8,2.3,0.0021
"2029-01-25 09:00",-3.54,59.52,264.2,73.7,101.4,0.1,4.884,34.8,51.2,0.0021
"2029-01-25 10:00",-3.15,98.15,265.8,72.2,101.4,0.1,4.851,34.8,89.3,0.0021
"2029-01-25 11:00",-2.89,118.62,266.9,71.4,101.4,0.1,4.819,34.8,111.3,0.0022
"2029-01-25 12:00",-2.81,131.72,267.04,70,101.4,0.1,4.715,34.9,123.4,0.0021
"2029-01-25 13:00",-2.94,128.86,266.34,69.7,101.3,0.1,4.611,35,119.9,0.0021
"2029-01-25 14:00",-3.31,109.57,264.74,70.6,101.3,0.1,4.507,35.1,100.6,0.0021
"2029-01-25 15:00",-3.89,74.42,262.28,72.7,101.3,0.1,4.403,35.2,66.4,0.002
"2029-01-25 16:00",-4.68,24.29,259.06,76.1,101.3,0.1,4.299,35.3,22,0.002
"2029-01-25 17:00",-5.44,0,256.01,79.3,101.3,0.1,4.195,35.4,0,0.002
"2029-01-25 18:00",-5.93,0,253.96,81.1,101.3,0.1,4.092,35.5,0,0.002
"2029-01-25 19:00",-6.4,0,252,82.8,101.3,0.1,3.988,35.6,0,0.0019
"2029-01-25 20:00",-6.85,0,250.12,84.4,101.3,0.1,3.884,35.8,0,0.0019
"2029-01-25 21:00",-7.29,0,248.3,85.9,101.3,0.1,3.78,35.9,0,0.0019
"2029-01-25 22:00",-7.72,0,246.55,87.4,101.3,0.1,3.677,36.1,0,0.0018
"2029-01-25 23:00",-8.13,0,244.84,88.7,101.3,0.1,3.573,36.2,0,0.0018
"2029-01-26 00:00",-15.24,0,218.25,100,101.3,0.1,3.202,36.4,0,0.0011
"2029-01-26 01:00",-15.88,0,215.65,100,101.3,0.1,3.107,36.6,0,0.0011
"2029-01-26 02:00",-16.43,0,213.42,100,101.3,0.1,3.011,36.7,0,0.001
"2029-01-26 03:00",-16.9,0,211.51,100,101.3,0.1,2.915,37,0,0.001
"2029-01-26 04:00",-17.31,0,209.87,100,101.3,0.1,2.82,37.2,0,0.001
"2029-01-26 05:00",-17.66,0,208.48,100,101.3,0.1,2.724,37.4,0,9e-04
"2029-01-26 06:00",-17.96,0,207.28,100,101.3,0.1,2.629,37.6,0,9e-04
"2029-01-26 07:00",-18.22,0,206.26,100,101.3,0.1,2.533,37.9,0,9e-04
"2029-01-26 08:00",-19.09,3.92,202.9,100,101.3,0.1,2.438,38.2,3.8,8e-04
"2029-01-26 09:00",-15.47,77.32,217.25,100,101.3,0.1,2.343,38.5,50.6,0.0011
"2029-01-26 10:00",-10.86,135.11,233.7,72.6,101.2,0.1,2.248,38.8,97.5,0.0012
"2029-01-26 11:00",-8.09,174.64,243.41,57.1,101.2,0.1,2.152,39.2,130,0.0012
"2029-01-26 12:00",-5.9,192.92,251.48,48.1,101.2,0.1,2.088,38.5,143.8,0.0012
"2029-01-26 13:00",-4.42,188.04,257.07,42.9,101.2,0.1,2.025,37.7,137.3,0.0012
"2029-01-26 14:00",-3.74,159.6,259.69,40.6,101.2,0.1,1.961,36.9,110.7,0.0012
"2029-01-26 15:00",-3.9,108.73,259.12,41,101.2,0.1,1.898,36.1,66.3,0.0012
"2029-01-26 16:00",-4.89,37.08,255.37,44.2,101.2,0.1,1.836,35.2,24.4,0.0012
"2029-01-26 17:00",-6.75,0,248.33,50.9,101.1,0.1,1.774,34.2,0,0.0012
"2029-01-26 18:00",-8.77,0,240.79,59.6,101.1,0.1,1.713,33.1,0,0.0012
"2029-01-26 19:00",-10.54,0,234.37,68.5,101.1,0.1,1.652,32,0,0.0012
"2029-01-26 20:00",-12.09,0,228.89,77.6,101.1,0.1,1.592,30.8,0,0.0012
"2029-01-26 21:00",-13.44,0,224.17,86.6,101.1,0.1,1.533,29.5,0,0.0012
"2029-01-26 22:00",-14.63,0,220.09,95.5,101.1,0.1,1.475,28.1,0,0.0012
"2029-01-26 23:00",-15.69,0,216.25,100,101,0,1.418,26.6,0,0.0011
"2029-01-27 00:00",-16.93,0,201.74,100,100.9,0,1.187,25,0,0.001
"2029-01-27 01:00",-17.78,0,198.49,100,100.8,0,1.14,23.3,0,9e-04
"2029-01-27 02:00",-18.5,0,195.74,100,100.8,0,1.095,21.4,0,9e-04
"2029-01-27 03:00",-19.12,0,193.4,100,100.8,0,1.051,19.3,0,8e-04
"2029-01-27 04:00",-19.65,0,191.42,100,100.8,0,1.004,17,0,8e-04
"2029-01-27 05:00",-20.11,0,189.73,100,100.8,0,0.965,14.5,0,8e-04
"2029-01-27 06:00",-20.5,0,188.29,100,100.8,0,0.928,11.9,0,7e-04
"2029-01-27 07:00",-20.84,0,187.06,100,100.7,0,0.893,8.9,0,7e-04
"2029-01-27 08:00",-21.89,7.28,183.26,100,100.7,0,0.882,5.8,7.1,7e-04
"2029-01-27 09:00",-17.56,107.95,199.35,100,100.7,0,0.854,2.4,47.8,9e-04
"2029-01-27 10:00",-20.55,186.49,188.35,100,100.7,0,0.829,358.7,67.8,7e-04
"2029-01-27 11:00",-15.88,239.85,205.52,96.9,100.7,0,0.809,354.7,94.3,0.0011
"2029-01-27 12:00",-11.85,257.43,219.34,74.3,100.7,0,0.826,353.8,114.5,0.0011
"2029-01-27 13:00",-8.59,244.07,230.8,59.6,100.7,0,0.843,352.9,111.6,0.0012
"2029-01-27 14:00",-6.22,201.85,239.55,51.4,100.7,0,0.86,352,85.9,0.0012
"2029-01-27 15:00",-4.79,134.6,245.13,47.7,100.8,0,0.878,351.2,52.6,0.0013
"2029-01-27 16:00",-4.32,46.6,247.34,47.7,100.8,0,0.895,350.4,29.9,0.0013
"2029-01-27 17:00",-5.1,0,244.88,52.3,100.8,0,0.913,349.7,0,0.0013
"2029-01-27 18:00",-6.52,0,240.07,60.3,100.8,0,0.931,349,0,0.0014
"2029-01-27 19:00",-7.58,0,236.59,67.6,100.9,0,0.949,348.3,0,0.0014
"2029-01-27 20:00",-8.33,0,234.21,74.1,100.9,0,0.919,347.6,0,0.0015
"2029-01-27 21:00",-8.83,0,232.76,79.4,100.9,0,0.937,347,0,0.0015
"2029-01-27 22:00",-9.11,0,232.08,83.6,100.9,0,0.954,346.4,0,0.0016
"2029-01-27 23:00",-9.19,0,232.08,86.6,100.9,0,0.972,345.8,0,0.0016
"2029-01-28 00:00",-5.72,0,260.71,85.1,101.1,0,1.206,344.9,0,0.0021
"2029-01-28 01:00",-6.05,0,259.75,89.7,101.1,0,1.228,344.4,0,0.0021
"2029-01-28 02:00",-6.33,0,258.94,94.1,101.1,0,1.25,343.9,0,0.0022
"2029-01-28 03:00",-6.58,0,258.25,98.4,101.2,0,1.273,343.4,0,0.0023
"2029-01-28 04:00",-6.8,0,257.33,99.5,101.2,0,1.295,342.9,0,0.0022
"2029-01-28 05:00",-7,0,256.42,99.5,101.2,0,1.297,342.5,0,0.0022
"2029-01-28 06:00",-7.17,0,255.62,99.5,101.2,0,1.32,342,0,0.0022
"2029-01-28 07:00",-7.31,0,254.93,99.5,101.2,0,1.342,341.6,0,0.0022
"2029-01-28 08:00",-7.66,6.29,253.29,99.5,101.3,0,1.365,341.2,6,0.0021
"2029-01-28 09:00",-4.84,71.15,266.65,98.8,101.3,0,1.49,340.8,56.2,0.0026
"2029-01-28 10:00",-6.22,117.76,260.11,99.5,101.3,0,1.515,340.4,99.8,0.0023
"2029-01-28 11:00",-3.52,145.92,272.58,94.1,101.3,0,1.539,340.1,128.1,0.0027
"2029-01-28 12:00",-1.42,158.74,281.33,81.6,101.4,0,1.546,339.7,140.4,0.0028
"2029-01-28 13:00",-0.04,152.77,287.28,74.7,101.4,0,1.552,339.4,134.9,0.0028
"2029-01-28 14:00",0.57,128.51,290.02,72.5,101.4,0,1.558,339,112.2,0.0028
"2029-01-28 15:00",0.41,87.58,289.48,74.4,101.4,0,1.658,338.7,74.2,0.0029
"2029-01-28 16:00",-0.48,32.06,285.91,80.3,101.4,0,1.665,338.3,27,0.0029
"2029-01-28 17:00",-1.52,0,281.72,87.8,101.4,0,1.672,338,0,0.0029
"2029-01-28 18:00",-1.75,0,280.92,90.5,101.5,0,1.679,337.6,0,0.003
"2029-01-28 19:00",-1.88,0,280.54,92.5,101.5,0,1.686,337.3,0,0.003
"2029-01-28 20:00",-1.92,0,280.52,93.9,101.5,0,1.693,336.9,0,0.0031
"2029-01-28 21:00",-1.88,0,280.83,94.8,101.5,0,1.678,336.6,0,0.0031
"2029-01-28 22:00",-1.78,0,281.42,95.2,101.5,0,1.685,336.3,0,0.0031
"2029-01-28 23:00",-1.61,0,282.25,95.2,101.5,0,1.692,336,0,0.0032
"2029-01-29 00:00",-0.03,0,299.92,89.8,101.6,0,1.567,335.6,0,0.0034
"2029-01-29 01:00",-0.09,0,299.83,91.3,101.6,0,1.574,335.3,0,0.0034
"2029-01-29 02:00",-0.14,0,299.75,92.7,101.6,0,1.58,335,0,0.0034
"2029-01-29 03:00",-0.18,0,299.7,94.1,101.6,0,1.609,334.7,0,0.0035
"2029-01-29 04:00",-0.22,0,299.67,95.4,101.6,0,1.616,334.3,0,0.0035
"2029-01-29 05:00",-0.26,0,299.66,96.7,101.6,0,1.623,334,0,0.0035
"2029-01-29 06:00",-0.29,0,299.67,98,101.7,0,1.63,333.7,0,0.0036
"2029-01-29 07:00",-0.32,0,299.63,98.9,101.7,0,1.637,333.4,0,0.0036
"2029-01-29 08:00",-0.37,6.96,299.43,99.4,101.7,0,1.644,333.1,6.6,0.0036
"2029-01-29 09:00",0.29,65.99,302.66,97.1,101.7,0,1.652,332.8,56.6,0.0037
"2029-01-29 10:00",1.71,110.75,309.17,88.6,101.7,0,1.659,332.5,98.3,0.0037
"2029-01-29 11:00",2.06,140.09,310.88,87.3,101.7,0,1.666,332.2,126.3,0.0038
"2029-01-29 12:00",2.25,153.34,311.62,85.4,101.8,0,1.688,334.9,138.6,0.0038
"2029-01-29 13:00",2.25,148.69,311.51,84.7,101.8,0,1.713,337.4,133.9,0.0037
"2029-01-29 14:00",2.06,126.24,310.52,85.2,101.8,0,1.719,339.9,112.2,0.0037
"2029-01-29 15:00",1.68,87.21,308.68,86.8,101.8,0,1.75,342.3,75.3,0.0037
"2029-01-29 16:00",1.13,33.37,306.1,89.5,101.8,0,1.784,344.6,28.4,0.0036
"2029-01-29 17:00",0.58,0,303.56,92.3,101.8,0,1.821,346.8,0,0.0036
"2029-01-29 18:00",0.33,0,302.32,93.2,101.9,0,1.86,348.9,0,0.0036
"2029-01-29 19:00",0.09,0,301.15,93.8,101.9,0,1.902,350.9,0,0.0035
"2029-01-29 20:00",-0.13,0,300.04,94.6,101.9,0,1.973,352.8,0,0.0035
"2029-01-29 21:00",-0.35,0,298.98,95.2,101.9,0,1.906,354.7,0,0.0035
"2029-01-29 22:00",-0.55,0,297.96,95.8,101.9,0,1.817,356.4,0,0.0034
"2029-01-29 23:00",-0.75,0,296.98,96.3,101.9,0,1.991,358.1,0,0.0034
"2029-01-30 00:00",-2.52,0,256.52,97.8,101.9,0,2.488,359.7,0,0.003
"2029-01-30 01:00",-2.63,0,255.99,97.7,101.9,0,2.562,1.2,0,0.003
"2029-01-30 02:00",-2.73,0,255.5,97.5,101.9,0,2.626,2.7,0,0.003
"2029-01-30 03:00",-2.82,0,255.06,97.2,101.9,0,2.878,4.1,0,0.0029
"2029-01-30 04:00",-2.9,0,254.66,96.9,101.9,0,2.95,5.4,0,0.0029
"2029-01-30 05:00",-2.97,0,254.28,96.4,102,0,3.023,6.6,0,0.0029
"2029-01-30 06:00",-3.03,0,253.94,95.9,102,0,3.097,7.8,0,0.0029
"2029-01-30 07:00",-3.09,0,253.62,95.3,102,0,3.173,8.9,0,0.0028
"2029-01-30 08:00",-3.16,9.13,253.24,94.9,102,0,3.25,10,8.9,0.0028
"2029-01-30 09:00",-1.94,73.57,257.72,85.8,102,0,3.328,11,59.1,0.0028
"2029-01-30 10:00",-0.64,123.2,262.58,77.2,102,0,3.407,12,103.6,0.0027
"2029-01-30 11:00",0.2,156.44,265.72,71.9,102.1,0,3.487,12.9,134.1,0.0027
"2029-01-30 12:00",0.76,172.41,267.94,69.3,102.1,0,3.38,12.2,147.8,0.0027
"2029-01-30 13:00",0.98,168.51,268.88,68.5,102.1,0,3.274,11.4,143,0.0027
"2029-01-30 14:00",0.86,144.43,268.43,69.4,102.2,0,3.169,10.5,119.4,0.0027
"2029-01-30 15:00",0.38,101.15,266.63,72.1,102.2,0,3.064,9.6,79.1,0.0028
"2029-01-30 16:00",-0.4,40.36,263.65,76.5,102.2,0,2.96,8.7,28.7,0.0028
"2029-01-30 17:00",-1.21,0,260.57,81.6,102.3,0,2.857,7.6,0,0.0028
"2029-01-30 18:00",-1.5,0,259.48,83.7,102.3,0,2.755,6.5,0,0.0028
"2029-01-30 19:00",-1.77,0,258.52,85.7,102.3,0,2.655,5.3,0,0.0028
"2029-01-30 20:00",-2,0,257.66,87.5,102.4,0,2.555,4,0,0.0028
"2029-01-30 21:00",-2.22,0,256.89,89.3,102.4,0,2.298,2.5,0,0.0028
"2029-01-30 22:00",-2.41,0,256.2,90.9,102.5,0,2.197,1,0,0.0028
"2029-01-30 23:00",-2.59,0,255.57,92.5,102.5,0,2.109,359.3,0,0.0028
"2029-01-31 00:00",-2.26,0,261.43,90.8,102.8,0,1.481,357.6,0,0.0028
"2029-01-31 01:00",-2.51,0,260.51,92.9,102.8,0,1.349,355.6,0,0.0029
"2029-01-31 02:00",-2.73,0,259.71,94.8,102.8,0,1.272,353.5,0,0.0029
"2029-01-31 03:00",-2.92,0,259.01,96.5,102.9,0,1.218,351.1,0,0.0029
"2029-01-31 04:00",-3.09,0,258.4,98.1,102.9,0,1.167,348.6,0,0.0029
"2029-01-31 05:00",-3.24,0,257.81,99.1,102.9,0,1.118,345.8,0,0.0029
"2029-01-31 06:00",-3.37,0,257.23,99.4,103,0,1.151,342.8,0,0.0029
"2029-01-31 07:00",-3.49,0,256.7,99.5,103,0,1.171,339.5,0,0.0028
"2029-01-31 08:00",-3.6,14.19,256.16,99.5,103.1,0,1.126,335.9,12.8,0.0028
"2029-01-31 09:00",-1.3,99.26,265.54,87.6,103.1,0,1.086,332,48.9,0.0029
"2029-01-31 10:00",-2.19,165.65,262.11,93.9,103.1,0,1.051,327.9,100.4,0.0029
"2029-01-31 11:00",-0.06,210.92,270.51,80.6,103.2,0,1.022,323.5,135.5,0.003
"2029-01-31 12:00",1.56,227.79,277.19,72.8,103.1,0,1.022,319.1,150.1,0.003
"2029-01-31 13:00",2.59,218.48,281.54,68.7,103.1,0,1.027,314.8,144.5,0.0031
"2029-01-31 14:00",2.97,184.08,283.3,67.9,103.1,0,1.038,310.6,118.9,0.0031
"2029-01-31 15:00",2.72,127.27,282.44,70.2,103.1,0,1.054,306.4,72.6,0.0031
"2029-01-31 16:00",1.88,51.47,279.2,75.6,103.1,0,1.076,302.5,29.8,0.0032
"2029-01-31 17:00",0.86,0,275.27,82.5,103.1,0,1.102,298.7,0,0.0032
"2029-01-31 18:00",0.69,0,274.74,84.7,103,0,1.134,295.1,0,0.0033
"2029-01-31 19:00",0.59,0,274.51,86.6,103,0,1.169,291.7,0,0.0033
"2029-01-31 20:00",0.55,0,274.54,88,103,0,1.14,288.6,0,0.0034
"2029-01-31 21:00",0.58,0,274.8,89,103,0,1.181,285.6,0,0.0034
"2029-01-31 22:00",0.65,0,275.25,89.8,103,0,1.224,282.9,0,0.0035
"2029-01-31 23:00",0.77,0,275.88,90.2,102.9,0,1.27,280.3,0,0.0035
"2029-02-01 00:00",2.11,0,314.02,88.7,102.8,0,1.805,278,0,0.0038
"2029-02-01 01:00",1.97,0,313.59,90.8,102.8,0,1.874,275.8,0,0.0039
"2029-02-01 02:00",1.85,0,313.22,92.8,102.7,0,1.946,273.8,0,0.0039
"2029-02-01 03:00",1.74,0,312.92,94.7,102.7,0,2.02,271.9,0,0.004
"2029-02-01 04:00",1.64,0,312.67,96.5,102.7,0,2.097,270.1,0,0.004
"2029-02-01 05:00",1.56,0,312.47,98.3,102.7,0,2.175,268.5,0,0.0041
"2029-02-01 06:00",1.48,0,312.23,99.5,102.7,0.1,2.255,267,0,0.0041
"2029-02-01 07:00",1.41,0,311.86,99.6,102.6,0.1,2.336,265.6,0,0.0041
"2029-02-01 08:00",1.39,14.19,311.73,99.6,102.6,0.1,2.419,264.3,13.2,0.0041
"2029-02-01 09:00",2.82,85.73,319.03,94.2,102.6,0.1,2.503,263.1,61.6,0.0043
"2029-02-01 10:00",3.56,139.25,322.63,90.4,102.6,0.1,2.587,261.9,108.7,0.0043
"2029-02-01 11:00",4.67,173.58,328.05,84.6,102.6,0.1,2.673,260.9,141,0.0044
"2029-02-01 12:00",5.46,187.29,331.81,80.3,102.5,0.1,2.622,262.3,154.7,0.0044
"2029-02-01 13:00",5.86,179.7,333.75,78.3,102.5,0.1,2.571,263.8,148.7,0.0044
"2029-02-01 14:00",5.84,151.71,333.73,78.5,102.5,0.1,2.523,265.3,124,0.0044
"2029-02-01 15:00",5.43,105.52,331.78,81.1,102.5,0.1,2.477,266.9,83,0.0044
"2029-02-01 16:00",4.64,43.98,328.1,85.8,102.5,0.1,2.432,268.6,32.3,0.0044
"2029-02-01 17:00",3.76,0,324,91.5,102.5,0.1,2.39,270.3,0,0.0044
"2029-02-01 18:00",3.52,0,322.89,93.4,102.4,0.1,2.35,272.1,0,0.0045
"2029-02-01 19:00",3.31,0,321.95,95,102.4,0.1,2.312,273.9,0,0.0045
"2029-02-01 20:00",3.13,0,321.18,96.4,102.4,0.1,2.277,275.8,0,0.0045
"2029-02-01 21:00",2.99,0,320.54,97.6,102.4,0.1,2.244,277.7,0,0.0045
"2029-02-01 22:00",2.87,0,320.02,98.7,102.4,0.1,2.214,279.8,0,0.0045
"2029-02-01 23:00",2.77,0,319.56,99.3,102.3,0.1,2.187,281.8,0,0.0045
"2029-02-02 00:00",3.12,0,316.47,95.5,102.3,0.1,1.894,283.9,0,0.0044
"2029-02-02 01:00",2.98,0,315.85,96.7,102.2,0.1,1.876,286.1,0,0.0045
"2029-02-02 02:00",2.85,0,315.31,97.8,102.2,0.1,1.86,288.3,0,0.0045
"2029-02-02 03:00",2.74,0,314.83,98.9,102.2,0.1,1.847,290.5,0,0.0045
"2029-02-02 04:00",2.64,0,314.34,99.3,102.2,0.1,1.836,292.8,0,0.0045
"2029-02-02 05:00",2.55,0,313.87,99.5,102.2,0.1,1.829,295.1,0,0.0044
"2029-02-02 06:00",2.48,0,313.45,99.6,102.2,0.1,1.824,297.4,0,0.0044
"2029-02-02 07:00",2.41,0,313.07,99.6,102.1,0.1,1.823,299.7,0,0.0044
"2029-02-02 08:00",2.42,12.89,313.11,99.6,102.1,0.1,1.933,302,12.3,0.0044
"2029-02-02 09:00",3.86,69.59,320.19,92.7,102.1,0.1,1.938,304.3,61.4,0.0045
"2029-02-02 10:00",4.99,112.03,325.48,85.8,102.1,0.1,1.946,306.6,102,0.0046
"2029-02-02 11:00",6.05,139.23,330.53,79.9,102.1,0.1,1.957,308.8,128.6,0.0046
"2029-02-02 12:00",6.78,152.24,334.02,75.9,102.1,0.1,1.93,306.2,140.8,0.0046
"2029-02-02 13:00",7.13,148.21,335.68,74.1,102.1,0.1,1.908,303.4,136.6,0.0046
"2029-02-02 14:00",7.07,127.18,335.39,74.4,102.1,0.1,1.784,300.6,116.1,0.0046
"2029-02-02 15:00",6.61,90.27,333.17,76.8,102,0.1,1.772,297.7,80.6,0.0046
"2029-02-02 16:00",5.78,39.26,329.23,81.4,102,0.1,1.764,294.9,34.2,0.0046
"2029-02-02 17:00",4.82,0,324.72,87,102,0.1,1.761,292,0,0.0046
"2029-02-02 18:00",4.5,0,323.24,88.9,102,0.1,1.763,289,0,0.0046
"2029-02-02 19:00",4.22,0,321.96,90.6,102,0.1,1.769,286.2,0,0.0046
"2029-02-02 20:00",3.98,0,320.83,92.2,102,0.1,1.779,283.3,0,0.0046
"2029-02-02 21:00",3.77,0,319.86,93.5,102,0.1,1.794,280.5,0,0.0046
"2029-02-02 22:00",3.59,0,319,94.7,102,0.1,1.813,277.7,0,0.0046
"2029-02-02 23:00",3.43,0,318.27,95.8,102,0.1,1.836,275,0,0.0046
"2029-02-03 00:00",3.26,0,311.56,96.1,102.1,0.1,1.873,272.4,0,0.0045
"2029-02-03 01:00",3.15,0,311.07,96.9,102.1,0.1,1.904,269.8,0,0.0045
"2029-02-03 02:00",3.05,0,310.63,97.5,102.1,0.1,1.939,267.3,0,0.0045
"2029-02-03 03:00",2.97,0,310.24,98.1,102.1,0.1,1.978,265,0,0.0045
"2029-02-03 04:00",2.89,0,309.9,98.6,102.1,0.1,2.019,262.7,0,0.0045
"2029-02-03 05:00",2.83,0,309.59,99.1,102.1,0.1,2.064,260.5,0,0.0045
"2029-02-03 06:00",2.77,0,309.31,99.4,102.1,0.1,2.112,258.4,0,0.0045
"2029-02-03 07:00",2.71,0,309.03,99.5,102.1,0.1,2.162,256.4,0,0.0045
"2029-02-03 08:00",2.75,16.07,309.24,99.4,102.1,0.1,2.215,254.5,15,0.0045
"2029-02-03 09:00",3.91,79.69,314.46,91.7,102.1,0.1,2.271,252.7,65.3,0.0045
"2029-02-03 10:00",4.72,129.14,318.17,86.6,102.1,0.1,2.328,251,110.2,0.0045
"2029-02-03 11:00",5.57,162.5,322.11,81.6,102.1,0,2.223,249.4,141,0.0045
"2029-02-03 12:00",6.16,177.22,324.84,78.4,102.1,0,2.248,248.6,154.4,0.0045
"2029-02-03 13:00",6.43,172.31,326.14,77,102.1,0,2.273,247.8,149.4,0.0045
"2029-02-03 14:00",6.38,147.91,325.89,77.4,102,0.1,2.298,247,126.2,0.0045
"2029-02-03 15:00",6,105.41,324.13,79.6,102,0.1,2.324,246.2,86.6,0.0045
"2029-02-03 16:00",5.32,47.01,321.03,83.4,102,0.1,2.35,245.5,36.3,0.0045
"2029-02-03 17:00",4.53,0,317.42,88.3,102,0.1,2.377,244.8,0,0.0045
"2029-02-03 18:00",4.31,0,316.42,89.7,101.9,0.1,2.404,244.1,0,0.0046
"2029-02-03 19:00",4.12,0,315.56,91,101.9,0.1,2.431,243.4,0,0.0046
"2029-02-03 20:00",3.95,0,314.81,92.2,101.9,0.1,2.459,242.7,0,0.0046
"2029-02-03 21:00",3.81,0,314.17,93.2,101.9,0.1,2.487,242,0,0.0046
"2029-02-03 22:00",3.68,0,313.62,94.1,101.8,0.1,2.516,241.4,0,0.0046
"2029-02-03 23:00",3.58,0,313.15,94.9,101.8,0.1,2.544,240.7,0,0.0046
"2029-02-04 00:00",4.39,0,304.41,95.2,101.6,0.1,3.317,240.1,0,0.0049
"2029-02-04 01:00",4.34,0,304.2,95.7,101.6,0.1,3.355,239.5,0,0.0049
"2029-02-04 02:00",4.3,0,304.01,96.1,101.6,0.1,3.393,238.9,0,0.0049
"2029-02-04 03:00",4.26,0,303.85,96.4,101.6,0.1,3.432,238.3,0,0.0049
"2029-02-04 04:00",4.22,0,303.71,96.8,101.5,0.1,3.47,237.8,0,0.0049
"2029-02-04 05:00",4.19,0,303.58,97.1,101.5,0.1,3.51,237.2,0,0.0049
"2029-02-04 06:00",4.16,0,303.47,97.4,101.5,0.1,3.549,236.7,0,0.0049
"2029-02-04 07:00",4.14,0,303.38,97.6,101.5,0.1,3.589,236.1,0,0.0049
"2029-02-04 08:00",4.17,19.85,303.53,97.5,101.5,0.1,3.629,235.6,16.8,0.0049
"2029-02-04 09:00",4.7,89.96,305.9,94,101.4,0.1,3.67,235.1,67.1,0.0049
"2029-02-04 10:00",6.67,144.37,314.7,82.1,101.4,0.1,3.71,234.6,114.5,0.0049
"2029-02-04 11:00",6.84,180.9,315.45,81.2,101.4,0.1,3.751,234.1,147.3,0.0049
"2029-02-04 12:00",6.88,196.81,315.4,79.7,101.4,0.1,3.495,235.1,161.5,0.0049
"2029-02-04 13:00",6.78,191.12,314.69,79.1,101.4,0.1,3.241,236.3,156,0.0048
"2029-02-04 14:00",6.52,164.12,313.29,79.2,101.4,0.1,2.987,237.7,131.1,0.0047
"2029-02-04 15:00",6.11,117.44,311.22,80.2,101.4,0.1,2.736,239.3,89.1,0.0046
"2029-02-04 16:00",5.57,53.61,308.56,81.9,101.4,0.1,2.488,241.3,35.9,0.0046
"2029-02-04 17:00",4.97,0,305.62,84,101.4,0.1,2.243,243.6,0,0.0045
"2029-02-04 18:00",4.63,0,303.89,84.5,101.4,0.1,2.002,246.6,0,0.0044
"2029-02-04 19:00",4.31,0,302.22,85,101.4,0.1,1.9,250.4,0,0.0043
"2029-02-04 20:00",3.99,0,300.6,85.4,101.5,0.1,1.66,255.2,0,0.0043
"2029-02-04 21:00",3.69,0,299.03,85.7,101.5,0.1,1.435,261.7,0,0.0042
"2029-02-04 22:00",3.4,0,297.51,85.9,101.5,0.1,1.235,270.3,0,0.0041
"2029-02-04 23:00",3.12,0,296.02,86,101.5,0.1,1.074,282,0,0.004
"2029-02-05 00:00",-1.75,0,269.84,99.5,101.6,0.1,1.069,296.8,0,0.0033
"2029-02-05 01:00",-2,0,268.66,99.5,101.6,0.1,1.039,313.8,0,0.0032
"2029-02-05 02:00",-2.21,0,267.64,99.5,101.6,0.1,1.101,330.2,0,0.0032
"2029-02-05 03:00",-2.4,0,266.74,99.5,101.6,0.1,1.171,343.9,0,0.0031
"2029-02-05 04:00",-2.56,0,265.96,99.5,101.6,0.1,1.262,354.4,0,0.0031
"2029-02-05 05:00",-2.7,0,265.28,99.5,101.6,0.1,1.645,2.2,0,0.003
"2029-02-05 06:00",-2.83,0,264.68,99.5,101.7,0.1,1.897,8,0,0.003
"2029-02-05 07:00",-2.93,0,264.16,99.5,101.7,0.1,2.163,12.4,0,0.003
"2029-02-05 08:00",-2.81,23.75,264.52,97.6,101.7,0.1,2.439,15.8,18,0.003
"2029-02-05 09:00",-0.81,99.21,272.16,82.3,101.7,0.1,2.722,18.5,67.1,0.0029
"2029-02-05 10:00",2.43,157.68,285.09,63.6,101.7,0.1,3.01,20.7,116.3,0.0028
"2029-02-05 11:00",3.7,196.76,290.07,56.7,101.7,0.1,3.087,22.5,150.4,0.0028
"2029-02-05 12:00",4.55,211.18,293.53,53,101.7,0.1,3.027,23.3,165.2,0.0027
"2029-02-05 13:00",4.9,202.56,294.9,51.2,101.7,0.1,2.968,24.1,159.3,0.0027
"2029-02-05 14:00",4.72,172.05,294.01,51.4,101.7,0,2.909,24.9,133.7,0.0027
"2029-02-05 15:00",4,122.2,290.87,53.6,101.7,0,2.851,25.7,91,0.0027
"2029-02-05 16:00",2.79,56.37,285.68,57.8,101.7,0,2.794,26.6,37.4,0.0026
"2029-02-05 17:00",1.24,0,279.19,64,101.7,0,2.737,27.5,0,0.0026
"2029-02-05 18:00",0.41,0,275.72,67.3,101.7,0,2.681,28.5,0,0.0026
"2029-02-05 19:00",-0.34,0,272.59,70.4,101.6,0,2.626,29.4,0,0.0026
"2029-02-05 20:00",-1.03,0,269.75,73.3,101.6,0,2.571,30.5,0,0.0025
"2029-02-05 21:00",-1.65,0,267.17,76,101.6,0,2.518,31.6,0,0.0025
"2029-02-05 22:00",-2.22,0,264.81,78.5,101.6,0,2.465,32.7,0,0.0025
"2029-02-05 23:00",-2.75,0,262.64,80.8,101.6,0,2.414,33.8,0,0.0025
"2029-02-06 00:00",-5.3,0,256.59,99.5,101.6,0,1.345,35,0,0.0025
"2029-02-06 01:00",-5.45,0,255.9,99.5,101.6,0,1.318,36.3,0,0.0025
"2029-02-06 02:00",-5.58,0,255.28,99.6,101.6,0,1.291,37.6,0,0.0025
"2029-02-06 03:00",-5.7,0,254.75,99.6,101.6,0,1.265,39,0,0.0024
"2029-02-06 04:00",-5.8,0,254.27,99.6,101.6,0,1.239,40.4,0,0.0024
"2029-02-06 05:00",-5.89,0,253.85,99.5,101.6,0,1.215,41.9,0,0.0024
"2029-02-06 06:00",-5.97,0,253.47,99.4,101.6,0,1.191,43.5,0,0.0024
"2029-02-06 07:00",-6.04,0,253.14,99.3,101.6,0,1.168,45.1,0,0.0024
"2029-02-06 08:00",-5.9,19.26,253.73,98.7,101.6,0,1.146,46.7,17.9,0.0024
"2029-02-06 09:00",-4.5,73.71,259.03,88.3,101.6,0,1.126,48.5,66.5,0.0024
"2029-02-06 10:00",-2.59,114.37,266.34,75.7,101.6,0,1.106,50.3,106,0.0023
"2029-02-06 11:00",-1.67,140.07,269.83,69.9,101.6,0,1.088,52.2,131.5,0.0023
"2029-02-06 12:00",-1.07,155.67,272.09,66.1,101.6,0,1.162,50.9,145.5,0.0023
"2029-02-06 13:00",-0.83,154.74,272.9,64.1,101.5,0,1.236,49.8,143.3,0.0023
"2029-02-06 14:00",-0.98,136.35,272.15,64,101.5,0,1.311,48.8,124.4,0.0022
"2029-02-06 15:00",-1.51,100.77,269.87,65.7,101.5,0,1.386,47.9,89.2,0.0022
"2029-02-06 16:00",-2.4,49.17,266.22,69.3,101.5,0,1.461,47.1,41.4,0.0022
"2029-02-06 17:00",-3.52,0,261.69,74.3,101.5,0,1.537,46.4,0,0.0021
"2029-02-06 18:00",-3.98,0,259.77,75.9,101.5,0,1.613,45.7,0,0.0021
"2029-02-06 19:00",-4.39,0,258.03,77.3,101.4,0,1.689,45.2,0,0.0021
"2029-02-06 20:00",-4.76,0,256.44,78.4,101.4,0,1.765,44.6,0,0.0021
"2029-02-06 21:00",-5.11,0,254.98,79.4,101.4,0,1.842,44.1,0,0.002
"2029-02-06 22:00",-5.42,0,253.64,80.2,101.4,0,1.919,43.7,0,0.002
"2029-02-06 23:00",-5.7,0,252.4,80.8,101.4,0,1.995,43.2,0,0.002
"2029-02-07 00:00",-6.76,0,236.66,83.5,101.2,0,2.667,42.9,0,0.0019
"2029-02-07 01:00",-6.89,0,236.06,83.1,101.2,0,2.766,42.5,0,0.0019
"2029-02-07 02:00",-7,0,235.51,82.6,101.2,0,2.866,42.2,0,0.0018
"2029-02-07 03:00",-7.1,0,235,82,101.2,0,2.966,41.9,0,0.0018
"2029-02-07 04:00",-7.19,0,234.54,81.3,101.1,0,3.065,41.6,0,0.0018
"2029-02-07 05:00",-7.27,0,234.11,80.6,101.1,0,3.165,41.3,0,0.0018
"2029-02-07 06:00",-7.33,0,233.71,79.7,101.1,0,3.265,41,0,0.0017
"2029-02-07 07:00",-7.39,0,233.33,78.8,101.1,0,3.365,40.8,0,0.0017
"2029-02-07 08:00",-7.23,33.06,233.74,76.6,101.1,0,3.465,40.6,23.5,0.0017
"2029-02-07 09:00",-5.99,122.14,237.98,68.5,101,0,3.565,40.3,57.1,0.0016
"2029-02-07 10:00",-4.63,193.74,242.67,60.7,101,0,3.666,40.1,110.8,0.0016
"2029-02-07 11:00",-3.78,243.85,245.59,56,101,0,3.766,39.9,147.1,0.0016
"2029-02-07 12:00",-3.21,261.27,247.62,53.3,101,0,3.847,39.6,164,0.0016
"2029-02-07 13:00",-2.96,250.8,248.45,52,101,0,3.927,39.2,158.7,0.0016
"2029-02-07 14:00",-3.06,213.85,248.01,52.1,101,0,4.008,38.8,132.4,0.0016
"2029-02-07 15:00",-3.51,153.5,246.32,53.6,101,0,4.089,38.5,84.7,0.0016
"2029-02-07 16:00",-4.27,73.94,243.5,56.4,101,0,4.171,38.2,36.7,0.0015
"2029-02-07 17:00",-5.25,0,239.9,60.3,101,0,4.252,37.9,0,0.0015
"2029-02-07 18:00",-5.59,0,238.61,61.5,101,0,4.333,37.6,0,0.0015
"2029-02-07 19:00",-5.89,0,237.46,62.6,101,0,4.415,37.3,0,0.0015
"2029-02-07 20:00",-6.16,0,236.43,63.5,101.1,0,4.496,37,0,0.0015
"2029-02-07 21:00",-6.41,0,235.5,64.3,101.1,0,4.578,36.8,0,0.0015
"2029-02-07 22:00",-6.63,0,234.65,65,101.1,0,4.66,36.5,0,0.0015
"2029-02-07 23:00",-6.83,0,233.88,65.6,101.1,0,4.742,36.3,0,0.0015
"2029-02-08 00:00",-7.15,0,248.41,66.9,101.1,0,5.214,36,0,0.0015
"2029-02-08 01:00",-7.3,0,247.78,67.3,101.1,0,5.302,35.8,0,0.0015
"2029-02-08 02:00",-7.43,0,247.21,67.5,101.1,0,5.391,35.6,0,0.0015
"2029-02-08 03:00",-7.55,0,246.71,67.7,101.1,0,5.48,35.4,0,0.0014
"2029-02-08 04:00",-7.65,0,246.25,67.8,101.1,0,5.569,35.1,0,0.0014
"2029-02-08 05:00",-7.74,0,245.85,67.8,101.1,0,5.658,34.9,0,0.0014
"2029-02-08 06:00",-7.82,0,245.48,67.8,101.2,0,5.747,34.7,0,0.0014
"2029-02-08 07:00",-7.9,0,245.14,67.7,101.2,0,5.836,34.6,0,0.0014
"2029-02-08 08:00",-7.67,28.26,245.89,66.1,101.2,0,5.925,34.4,21.6,0.0014
"2029-02-08 09:00",-6.26,95.41,251.1,58.8,101.2,0,6.015,34.2,74.7,0.0014
"2029-02-08 10:00",-5.19,145.67,255.09,53.8,101.2,0,6.104,34,121.7,0.0014
"2029-02-08 11:00",-4.14,177.4,259.01,49.4,101.2,0,6.193,33.8,152.7,0.0014
"2029-02-08 12:00",-3.42,192.47,261.84,46.9,101.2,0,6.121,33.7,166.5,0.0014
"2029-02-08 13:00",-3.06,187.34,263.26,45.8,101.2,0,6.049,33.5,161.4,0.0014
"2029-02-08 14:00",-3.1,162.23,263.16,46,101.2,0,5.976,33.4,137.8,0.0014
"2029-02-08 15:00",-3.52,118.66,261.55,47.6,101.2,0,5.904,33.2,97.3,0.0014
"2029-02-08 16:00",-4.29,59.12,258.58,50.6,101.2,0,5.832,33.1,45.2,0.0014
"2029-02-08 17:00",-5.35,0,254.56,54.9,101.3,0,5.76,32.9,0,0.0014
"2029-02-08 18:00",-5.69,0,253.3,56.5,101.3,0,5.688,32.7,0,0.0014
"2029-02-08 19:00",-5.98,0,252.21,57.9,101.3,0,5.616,32.5,0,0.0014
"2029-02-08 20:00",-6.24,0,251.27,59.2,101.3,0,5.544,32.3,0,0.0014
"2029-02-08 21:00",-6.46,0,250.46,60.4,101.3,0,5.472,32.1,0,0.0014
"2029-02-08 22:00",-6.65,0,249.76,61.4,101.3,0,5.4,32,0,0.0014
"2029-02-08 23:00",-6.82,0,249.16,62.4,101.3,0,5.329,31.7,0,0.0014
"2029-02-09 00:00",-6.96,0,243.78,63.3,101.4,0,5.643,31.6,0,0.0014
"2029-02-09 01:00",-7.08,0,243.36,64.1,101.4,0,5.566,31.4,0,0.0014
"2029-02-09 02:00",-7.19,0,243,64.7,101.5,0,5.49,31.1,0,0.0014
"2029-02-09 03:00",-7.28,0,242.68,65.4,101.5,0,5.413,30.9,0,0.0014
"2029-02-09 04:00",-7.37,0,242.4,65.9,101.5,0,5.337,30.7,0,0.0014
"2029-02-09 05:00",-7.44,0,242.16,66.5,101.5,0,5.261,30.5,0,0.0014
"2029-02-09 06:00",-7.5,0,241.95,67,101.5,0,5.185,30.2,0,0.0014
"2029-02-09 07:00",-7.56,0,241.77,67.4,101.5,0,5.109,30,0,0.0014
"2029-02-09 08:00",-7.35,30.25,242.57,66.5,101.5,0,5.033,29.7,23,0.0014
"2029-02-09 09:00",-6.19,98.3,246.84,61,101.5,0,4.958,29.4,76.7,0.0014
"2029-02-09 10:00",-4.73,151.43,252.3,54.7,101.6,0,4.882,29.2,124.5,0.0014
"2029-02-09 11:00",-3.97,187.04,255.2,51.8,101.6,0,4.807,28.9,157.1,0.0014
"2029-02-09 12:00",-3.47,205.89,257.23,50.4,101.6,0,4.534,28.7,172.2,0.0015
"2029-02-09 13:00",-3.27,203.51,258.12,50.2,101.6,0,4.261,28.4,167.5,0.0015
"2029-02-09 14:00",-3.4,179.18,257.78,51.2,101.6,0,3.989,28.1,142.8,0.0015
"2029-02-09 15:00",-3.83,133.63,256.23,53.5,101.6,0,3.716,27.7,99.8,0.0015
"2029-02-09 16:00",-4.56,68.81,253.6,57.1,101.5,0,3.444,27.3,43.5,0.0015
"2029-02-09 17:00",-5.53,0,250.08,62.1,101.5,0,3.172,26.9,0,0.0015
"2029-02-09 18:00",-5.88,0,248.85,64.5,101.5,0,2.9,26.3,0,0.0016
"2029-02-09 19:00",-6.2,0,247.79,66.7,101.5,0,2.628,25.7,0,0.0016
"2029-02-09 20:00",-6.49,0,246.84,68.9,101.5,0,2.358,24.8,0,0.0016
"2029-02-09 21:00",-6.75,0,245.99,71,101.5,0,2.087,23.8,0,0.0016
"2029-02-09 22:00",-6.98,0,245.22,73,101.5,0,1.818,22.5,0,0.0016
"2029-02-09 23:00",-7.2,0,244.53,75,101.5,0,1.551,20.7,0,0.0016
"2029-02-10 00:00",-7.35,0,231.33,76.1,101.6,0,1.333,17.8,0,0.0016
"2029-02-10 01:00",-7.57,0,230.67,78.1,101.6,0,1.063,13.9,0,0.0017
"2029-02-10 02:00",-7.76,0,230.1,80.1,101.6,0,0.8,7.3,0,0.0017
"2029-02-10 03:00",-7.93,0,229.61,81.9,101.6,0,0.57,354.6,0,0.0017
"2029-02-10 04:00",-8.08,0,229.2,83.6,101.6,0,0.411,326.6,0,0.0017
"2029-02-10 05:00",-8.21,0,228.84,85.3,101.6,0,0.416,281.6,0,0.0017
"2029-02-10 06:00",-8.32,0,228.54,86.8,101.6,0,0.541,252.2,0,0.0017
"2029-02-10 07:00",-8.42,0,228.29,88.3,101.6,0,0.768,238.8,0,0.0017
"2029-02-10 08:00",-8.03,48.05,229.74,86.4,101.6,0,1.006,231.9,31.1,0.0018
"2029-02-10 09:00",-6.12,150.05,236.51,75.3,101.6,0,1.265,227.8,56,0.0018
"2029-02-10 10:00",-6.77,231.81,234.3,79.8,101.6,0,1.528,225.2,91.1,0.0018
"2029-02-10 11:00",-5.06,288.53,240.46,70.7,101.6,0,1.794,223.3,126.9,0.0018
"2029-02-10 12:00",-3.77,305.71,245.35,65.4,101.5,0,1.823,224.9,151,0.0019
"2029-02-10 13:00",-2.96,291.16,248.52,62.7,101.5,0,1.855,226.5,149.8,0.0019
"2029-02-10 14:00",-2.67,247.33,249.82,62.6,101.4,0,1.887,228,124,0.0019
"2029-02-10 15:00",-2.89,178.49,249.22,64.8,101.4,0,1.921,229.4,77.5,0.002
"2029-02-10 16:00",-3.58,90.09,246.87,69.5,101.3,0,1.956,230.8,42.1,0.002
"2029-02-10 17:00",-4.68,0,243.07,76.9,101.3,0,1.992,232.2,0,0.002
"2029-02-10 18:00",-4.93,0,242.35,79.8,101.2,0,2.029,233.5,0,0.0021
"2029-02-10 19:00",-5.07,0,242.03,82,101.2,0,2.067,234.7,0,0.0021
"2029-02-10 20:00",-5.15,0,241.91,84,101.1,0,2.106,235.9,0,0.0022
"2029-02-10 21:00",-5.18,0,241.96,85.6,101.1,0,2.146,237.1,0,0.0022
"2029-02-10 22:00",-5.17,0,242.18,86.9,101,0,2.187,238.2,0,0.0022
"2029-02-10 23:00",-5.12,0,242.54,88,101,0,2.229,239.2,0,0.0023
"2029-02-11 00:00",-3.9,0,272.08,87,100.5,0,2.088,240.3,0,0.0025
"2029-02-11 01:00",-4.08,0,271.55,89.5,100.5,0.1,2.128,241.3,0,0.0025
"2029-02-11 02:00",-4.24,0,271.09,92,100.4,0.1,2.168,242.2,0,0.0025
"2029-02-11 03:00",-4.38,0,270.71,94.4,100.4,0.1,2.209,243.2,0,0.0026
"2029-02-11 04:00",-4.5,0,270.4,96.7,100.3,0.1,2.251,244,0,0.0026
"2029-02-11 05:00",-4.61,0,270.14,98.9,100.3,0.1,2.293,244.9,0,0.0027
"2029-02-11 06:00",-4.7,0,269.73,99.4,100.2,0.1,2.335,245.7,0,0.0027
"2029-02-11 07:00",-4.78,0,269.34,99.5,100.2,0.1,2.378,246.5,0,0.0026
"2029-02-11 08:00",-4.4,28.13,271.21,99.5,100.1,0.1,2.422,247.2,25.4,0.0027
"2029-02-11 09:00",-2.81,80.03,278.14,91.5,100.1,0.1,2.465,248,73.7,0.0028
"2029-02-11 10:00",-2.42,117.02,279.93,90.1,100,0.1,2.51,248.7,110.6,0.0029
"2029-02-11 11:00",-1.13,138.38,285.47,83,100,0.1,2.554,249.3,132.7,0.0029
"2029-02-11 12:00",-0.19,156.12,289.47,77.7,100,0.1,2.509,250,148.5,0.0029
"2029-02-11 13:00",0.34,158.3,291.78,75.1,100.1,0.1,2.645,250.6,148.8,0.0029
"2029-02-11 14:00",0.44,143.17,292.24,74.9,100.1,0.1,2.597,251.3,132.2,0.0029
"2029-02-11 15:00",0.11,110.2,290.87,76.9,100.2,0.1,2.549,252,98.6,0.0029
"2029-02-11 16:00",-0.62,60,287.82,81.5,100.2,0.1,2.501,252.7,50.5,0.003
"2029-02-11 17:00",-1.69,0,283.38,88.4,100.3,0.1,2.454,253.5,0,0.003
"2029-02-11 18:00",-2.05,0,281.93,91.1,100.3,0.1,2.407,254.2,0,0.003
"2029-02-11 19:00",-2.29,0,280.98,93.1,100.4,0,2.361,255,0,0.003
"2029-02-11 20:00",-2.49,0,280.21,94.8,100.4,0,2.315,255.9,0,0.003
"2029-02-11 21:00",-2.64,0,279.62,96.2,100.5,0,2.27,256.8,0,0.003
"2029-02-11 22:00",-2.76,0,279.18,97.4,100.5,0,2.225,257.7,0,0.003
"2029-02-11 23:00",-2.84,0,278.87,98.4,100.6,0,2.181,258.6,0,0.003
"2029-02-12 00:00",-2.2,0,250.26,91.7,100.9,0,1.808,259.6,0,0.0029
"2029-02-12 01:00",-2.38,0,249.64,93.3,101,0,1.771,260.6,0,0.0029
"2029-02-12 02:00",-2.54,0,249.1,94.7,101,0,1.736,261.7,0,0.003
"2029-02-12 03:00",-2.68,0,248.63,96.1,101.1,0,1.701,262.8,0,0.003
"2029-02-12 04:00",-2.8,0,248.22,97.3,101.1,0,1.667,264,0,0.003
"2029-02-12 05:00",-2.9,0,247.87,98.4,101.2,0,1.633,265.2,0,0.003
"2029-02-12 06:00",-3,0,247.56,99.4,101.2,0,1.6,266.5,0,0.003
"2029-02-12 07:00",-3.08,0,247.2,99.5,101.3,0,1.568,267.8,0,0.003
"2029-02-12 08:00",-2.66,58.52,248.87,97.7,101.3,0,1.537,269.1,35.7,0.003
"2029-02-12 09:00",-1.1,168.73,254.71,87.3,101.4,0,1.507,270.6,61.4,0.003
"2029-02-12 10:00",-0.03,259.31,258.77,81.1,101.4,0,1.478,272,82.6,0.003
"2029-02-12 11:00",1.13,324.07,263.26,74.8,101.5,0,1.45,273.6,103.5,0.003
"2029-02-12 12:00",1.96,345.92,266.46,70.6,101.5,0,1.444,271.6,121.2,0.003
"2029-02-12 13:00",2.39,332.8,268.15,68.6,101.5,0,1.44,269.5,119.2,0.003
"2029-02-12 14:00",2.4,286.45,268.21,68.7,101.6,0,1.438,267.5,96.8,0.0031
"2029-02-12 15:00",1.99,210.75,266.63,70.8,101.6,0,1.437,265.4,68.5,0.0031
"2029-02-12 16:00",1.19,111.11,263.57,75.1,101.7,0,1.439,263.4,50.1,0.0031
"2029-02-12 17:00",0.06,0,259.28,81.6,101.7,0,1.442,261.3,0,0.0031
"2029-02-12 18:00",-0.42,0,257.46,84.7,101.8,0,1.447,259.3,0,0.0031
"2029-02-12 19:00",-0.77,0,256.18,87,101.8,0,1.454,257.3,0,0.0031
"2029-02-12 20:00",-1.07,0,255.08,89.1,101.8,0,1.463,255.3,0,0.0031
"2029-02-12 21:00",-1.32,0,254.14,91,101.9,0,1.473,253.3,0,0.0031
"2029-02-12 22:00",-1.54,0,253.34,92.6,101.9,0,1.485,251.4,0,0.0031
"2029-02-12 23:00",-1.73,0,252.66,94.1,102,0,1.499,249.5,0,0.0031
"2029-02-13 00:00",-1.72,0,271.17,94.5,102.1,0,1.607,247.6,0,0.0031
"2029-02-13 01:00",-1.88,0,270.54,95.8,102.1,0,1.513,245.8,0,0.0031
"2029-02-13 02:00",-2.03,0,270,97,102.2,0,1.531,244,0,0.0031
"2029-02-13 03:00",-2.15,0,269.52,98.1,102.2,0,1.551,242.3,0,0.0031
"2029-02-13 04:00",-2.26,0,269.1,99,102.2,0,1.573,240.6,0,0.0031
"2029-02-13 05:00",-2.36,0,268.67,99.4,102.3,0,1.595,238.9,0,0.0031
"2029-02-13 06:00",-2.44,0,268.27,99.5,102.3,0,1.619,237.3,0,0.0031
"2029-02-13 07:00",-2.52,0,267.91,99.5,102.4,0,1.644,235.8,0,0.0031
"2029-02-13 08:00",-2.1,50.23,269.84,98.5,102.4,0,1.671,234.3,29.8,0.0031
"2029-02-13 09:00",-0.68,134.13,275.55,88.9,102.5,0,1.698,232.8,76.5,0.0031
"2029-02-13 10:00",0.58,197.37,280.7,81.3,102.5,0,1.727,231.4,131.9,0.0031
"2029-02-13 11:00",1.72,237.34,285.42,75,102.5,0,1.756,230,168.3,0.0031
"2029-02-13 12:00",2.4,256.08,288.25,71.4,102.6,0,1.776,229.1,184,0.0031
"2029-02-13 13:00",2.73,249.36,289.6,69.7,102.6,0,1.797,228.2,178.1,0.0031
"2029-02-13 14:00",2.67,217.56,289.35,69.9,102.6,0,1.818,227.3,151,0.0031
"2029-02-13 15:00",2.23,162.72,287.51,72.1,102.6,0,1.84,226.5,106,0.0031
"2029-02-13 16:00",1.44,88.17,284.22,76.2,102.6,0,1.862,225.6,45.2,0.0031
"2029-02-13 17:00",0.36,0.17,279.73,82.3,102.6,0,1.884,224.8,0.2,0.0031
"2029-02-13 18:00",-0.17,0,277.58,85.4,102.6,0,1.907,224,0,0.0031
"2029-02-13 19:00",-0.54,0,276.06,87.7,102.7,0,1.93,223.2,0,0.0031
"2029-02-13 20:00",-0.87,0,274.71,89.7,102.7,0,1.954,222.5,0,0.0031
"2029-02-13 21:00",-1.16,0,273.53,91.6,102.7,0,1.977,221.7,0,0.0031
"2029-02-13 22:00",-1.42,0,272.47,93.3,102.7,0,2.002,221,0,0.0031
"2029-02-13 23:00",-1.65,0,271.54,94.8,102.7,0,2.026,220.3,0,0.0031
"2029-02-14 00:00",-1.8,0,274.81,94.5,102.6,0,2.32,219.6,0,0.0031
"2029-02-14 01:00",-2,0,273.99,95.9,102.7,0,2.348,219,0,0.0031
"2029-02-14 02:00",-2.18,0,273.28,97,102.7,0,2.377,218.3,0,0.0031
"2029-02-14 03:00",-2.33,0,272.65,98,102.7,0,2.406,217.7,0,0.0031
"2029-02-14 04:00",-2.47,0,272.08,98.8,102.7,0,2.435,217,0,0.003
"2029-02-14 05:00",-2.58,0,271.55,99.1,102.7,0,2.465,216.4,0,0.003
"2029-02-14 06:00",-2.69,0,271.07,99.3,102.7,0,2.495,215.8,0,0.003
"2029-02-14 07:00",-2.78,0,270.64,99.4,102.7,0,2.525,215.2,0,0.003
"2029-02-14 08:00",-2.25,53.46,272.94,97,102.8,0,2.556,214.7,30.9,0.003
"2029-02-14 09:00",-0.61,139.57,279.59,85.9,102.8,0,2.587,214.1,77.1,0.003
"2029-02-14 10:00",0.85,206.98,285.61,77.2,102.8,0,2.618,213.6,133.3,0.003
"2029-02-14 11:00",2.18,252.01,291.19,70.1,102.8,0,2.649,213,168.5,0.003
"2029-02-14 12:00",2.99,268.66,294.61,66.2,102.8,0,2.58,212.8,185,0.003
"2029-02-14 13:00",3.39,258.74,296.31,64.3,102.8,0,2.511,212.5,179.6,0.003
"2029-02-14 14:00",3.35,223.54,296.16,64.4,102.8,0,2.443,212.2,152.9,0.003
"2029-02-14 15:00",2.89,166,294.16,66.5,102.9,0,2.374,211.8,108.4,0.003
"2029-02-14 16:00",2.02,90.22,290.46,70.8,102.9,0,2.306,211.5,47.8,0.003
"2029-02-14 17:00",0.79,1.14,285.34,77.2,102.9,0,2.237,211.1,1.1,0.003
"2029-02-14 18:00",0.13,0,282.58,81,102.9,0,2.169,210.7,0,0.003
"2029-02-14 19:00",-0.34,0,280.65,83.7,102.9,0,2.101,210.3,0,0.003
"2029-02-14 20:00",-0.75,0,278.95,86.3,102.9,0,2.033,209.8,0,0.003
"2029-02-14 21:00",-1.11,0,277.46,88.5,102.9,0,1.965,209.3,0,0.003
"2029-02-14 22:00",-1.43,0,276.14,90.6,103,0,1.897,208.8,0,0.003
"2029-02-14 23:00",-1.72,0,274.98,92.5,103,0,1.829,208.2,0,0.003
"2029-02-15 00:00",-2.3,0,276.49,97.4,103.1,0,1.422,207.7,0,0.003
"2029-02-15 01:00",-2.47,0,275.82,98.5,103.1,0,1.367,207,0,0.003
"2029-02-15 02:00",-2.61,0,275.2,99.3,103.1,0,1.313,206.3,0,0.003
"2029-02-15 03:00",-2.73,0,274.6,99.5,103.2,0,1.26,205.6,0,0.003
"2029-02-15 04:00",-2.84,0,274.06,99.5,103.2,0,1.206,204.7,0,0.003
"2029-02-15 05:00",-2.94,0,273.59,99.5,103.2,0,1.153,203.8,0,0.003
"2029-02-15 06:00",-3.02,0,273.17,99.5,103.2,0,1.118,202.8,0,0.0029
"2029-02-15 07:00",-3.1,0,272.8,99.5,103.2,0,1.065,201.8,0,0.0029
"2029-02-15 08:00",-2.6,42.14,275.21,99.1,103.2,0,1.012,200.5,33.5,0.003
"2029-02-15 09:00",-1.22,104.74,280.9,89.6,103.2,0,0.959,199.2,88.4,0.003
"2029-02-15 10:00",0.01,152.1,286,81.8,103.3,0,0.907,197.7,133.7,0.003
"2029-02-15 11:00",1.31,182.09,291.48,74.5,103.3,0,0.856,196,163.2,0.003
"2029-02-15 12:00",1.95,200.53,294.17,71.1,103.2,0,0.717,189.6,178.6,0.003
"2029-02-15 13:00",2.24,199.65,295.39,69.5,103.2,0,0.592,180.2,175.6,0.003
"2029-02-15 14:00",2.16,178.48,295.02,69.8,103.2,0,0.517,166.4,153.5,0.003
"2029-02-15 15:00",1.71,137.44,293.09,71.9,103.2,0,0.453,147.2,113.1,0.003
"2029-02-15 16:00",0.92,78.2,289.72,76,103.2,0,0.452,125,58.8,0.003
"2029-02-15 17:00",-0.16,2.48,285.14,82,103.1,0,0.5,105.5,2.5,0.003
"2029-02-15 18:00",-0.76,0,282.63,85.5,103.1,0,0.602,91.4,0,0.003
"2029-02-15 19:00",-1.17,0,280.92,87.9,103.1,0,0.73,81.8,0,0.003
"2029-02-15 20:00",-1.53,0,279.4,90.2,103.1,0,0.872,75.2,0,0.003
"2029-02-15 21:00",-1.86,0,278.05,92.2,103.1,0,1.023,70.4,0,0.003
"2029-02-15 22:00",-2.15,0,276.83,94,103,0,1.184,67,0,0.003
"2029-02-15 23:00",-2.41,0,275.74,95.7,103,0,1.344,64.3,0,0.003
"2029-02-16 00:00",-2.76,0,258.7,97,103,0,1.922,62.1,0,0.0029
"2029-02-16 01:00",-2.97,0,257.88,98.3,103,0,2.131,60.5,0,0.0029
"2029-02-16 02:00",-3.15,0,257.13,99.2,103,0,2.341,59.1,0,0.0029
"2029-02-16 03:00",-3.31,0,256.41,99.4,102.9,0,2.553,57.9,0,0.0029
"2029-02-16 04:00",-3.45,0,255.78,99.5,102.9,0,2.765,57,0,0.0028
"2029-02-16 05:00",-3.57,0,255.21,99.5,102.9,0,2.978,56.1,0,0.0028
"2029-02-16 06:00",-3.68,0,254.72,99.5,102.9,0,3.192,55.4,0,0.0028
"2029-02-16 07:00",-3.77,0,254.29,99.5,102.8,0,3.406,54.8,0,0.0028
"2029-02-16 08:00",-3.13,65.45,257.12,98.3,102.8,0,3.62,54.2,35.9,0.0029
"2029-02-16 09:00",-1.47,162.03,263.49,86.8,102.8,0,3.835,53.7,67.6,0.0029
"2029-02-16 10:00",0.01,240.44,269.24,77.7,102.8,0,4.049,53.3,122.7,0.0029
"2029-02-16 11:00",1.36,295.41,274.63,70.4,102.8,0,4.265,52.9,160.4,0.0029
"2029-02-16 12:00",2.18,322.01,277.9,66.3,102.7,0,4.261,53.2,174.8,0.0029
"2029-02-16 13:00",2.59,317.8,279.54,64.4,102.6,0,4.258,53.6,164.7,0.0029
"2029-02-16 14:00",2.56,282.08,279.42,64.4,102.6,0,4.255,54,129.6,0.0029
"2029-02-16 15:00",2.1,216.28,277.55,66.5,102.5,0,4.252,54.3,78.1,0.0029
"2029-02-16 16:00",1.24,123.7,274.05,70.7,102.5,0,4.249,54.7,52.1,0.0029
"2029-02-16 17:00",0.01,6.74,269.19,77.1,102.4,0,4.247,55.1,6.5,0.0029
"2029-02-16 18:00",-0.72,0,266.28,81.3,102.4,0,4.244,55.5,0,0.0029
"2029-02-16 19:00",-1.22,0,264.34,84.2,102.3,0,4.242,55.8,0,0.0029
"2029-02-16 20:00",-1.65,0,262.64,86.9,102.3,0,4.24,56.2,0,0.0029
"2029-02-16 21:00",-2.03,0,261.15,89.3,102.2,0,4.238,56.6,0,0.0029
"2029-02-16 22:00",-2.37,0,259.84,91.5,102.1,0,4.237,56.9,0,0.0029
"2029-02-16 23:00",-2.67,0,258.68,93.4,102.1,0,4.235,57.3,0,0.0029
"2029-02-17 00:00",-2.72,0,231.25,90.4,101.9,0,3.672,57.7,0,0.0028
"2029-02-17 01:00",-3.01,0,230.26,92.2,101.9,0,3.671,58,0,0.0028
"2029-02-17 02:00",-3.26,0,229.4,93.9,101.8,0,3.67,58.4,0,0.0028
"2029-02-17 03:00",-3.48,0,228.64,95.4,101.7,0,3.67,58.8,0,0.0028
"2029-02-17 04:00",-3.67,0,227.99,96.6,101.7,0,3.669,59.2,0,0.0028
"2029-02-17 05:00",-3.83,0,227.42,97.8,101.6,0,3.669,59.5,0,0.0028
"2029-02-17 06:00",-3.98,0,226.92,98.7,101.6,0,3.669,59.9,0,0.0028
"2029-02-17 07:00",-4.1,0,226.44,99.2,101.5,0,3.669,60.3,0,0.0027
"2029-02-17 08:00",-3.22,96.99,229.46,93.1,101.5,0,3.669,60.6,51.8,0.0027
"2029-02-17 09:00",-1.07,231.68,236.85,79.3,101.4,0,3.669,61,79.4,0.0027
"2029-02-17 10:00",0.84,339.89,243.57,69,101.3,0,3.669,61.4,95.4,0.0027
"2029-02-17 11:00",0.79,414.61,243.38,69.2,101.3,0,3.67,61.8,105.1,0.0027
"2029-02-17 12:00",2.16,440.22,248.42,63.4,101.2,0,3.66,62,107.4,0.0028
"2029-02-17 13:00",3.02,423.68,251.65,60.2,101.2,0,3.651,62.3,104.9,0.0028
"2029-02-17 14:00",3.33,367.21,252.89,59.6,101.2,0,3.641,62.6,97.5,0.0028
"2029-02-17 15:00",3.08,275.62,252.1,61.3,101.1,0,3.631,62.8,84.8,0.0029
"2029-02-17 16:00",2.31,155.67,249.42,65.4,101.1,0,3.622,63.1,64.5,0.0029
"2029-02-17 17:00",1.08,12.15,245.1,72.1,101,0,3.613,63.4,11.8,0.0029
"2029-02-17 18:00",0.35,0,242.61,76.8,101,0,3.603,63.7,0,0.003
"2029-02-17 19:00",-0.05,0,241.29,79.8,100.9,0,3.594,63.9,0,0.003
"2029-02-17 20:00",-0.37,0,240.28,82.5,100.9,0,3.585,64.2,0,0.003
"2029-02-17 21:00",-0.61,0,239.53,84.8,100.8,0,3.576,64.5,0,0.0031
"2029-02-17 22:00",-0.79,0,239,86.7,100.8,0,3.567,64.8,0,0.0031
"2029-02-17 23:00",-0.91,0,238.67,88.4,100.7,0.1,3.558,65.1,0,0.0031
"2029-02-18 00:00",-0.09,0,259.54,88.2,100.5,0.1,3.603,65.3,0,0.0033
"2029-02-18 01:00",-0.31,0,258.78,90.5,100.5,0.1,3.594,65.6,0,0.0033
"2029-02-18 02:00",-0.51,0,258.13,92.7,100.4,0.1,3.585,65.9,0,0.0034
"2029-02-18 03:00",-0.68,0,257.58,94.7,100.4,0.1,3.577,66.2,0,0.0034
"2029-02-18 04:00",-0.84,0,257.11,96.6,100.3,0.1,3.568,66.5,0,0.0034
"2029-02-18 05:00",-0.97,0,256.71,98.5,100.3,0.1,3.56,66.8,0,0.0035
"2029-02-18 06:00",-1.08,0,256.29,99.5,100.2,0.1,3.551,67.1,0,0.0035
"2029-02-18 07:00",-1.19,0,255.83,99.5,100.2,0.1,3.543,67.4,0,0.0035
"2029-02-18 08:00",-0.38,79.48,259.24,96.8,100.2,0.1,3.535,67.7,41.4,0.0036
"2029-02-18 09:00",1.41,179.68,266.21,85.8,100.1,0.1,3.527,68,66.4,0.0036
"2029-02-18 10:00",3,255.11,272.52,77.3,100.1,0.1,3.519,68.2,122,0.0036
"2029-02-18 11:00",2.98,302.33,272.54,78.1,100,0.1,3.511,68.5,167.2,0.0037
"2029-02-18 12:00",4.09,319.22,277.02,72.6,100,0.1,3.478,68.1,187.1,0.0037
"2029-02-18 13:00",4.76,305.8,279.79,69.7,100,0.1,3.445,67.7,183,0.0037
"2029-02-18 14:00",4.96,264.1,280.7,69.1,100,0.1,3.413,67.3,156.5,0.0037
"2029-02-18 15:00",4.7,197.97,279.72,70.9,100.1,0.1,3.381,66.8,108.1,0.0038
"2029-02-18 16:00",4,112.58,276.99,74.9,100.1,0.1,3.349,66.3,49.9,0.0038
"2029-02-18 17:00",2.92,11.6,272.78,81.3,100.1,0.1,3.317,65.9,11,0.0038
"2029-02-18 18:00",2.3,0,270.41,85.5,100.1,0.1,3.285,65.4,0,0.0038
"2029-02-18 19:00",2,0,269.3,87.9,100.1,0.1,3.254,64.9,0,0.0039
"2029-02-18 20:00",1.76,0,268.45,89.9,100.1,0.1,3.223,64.4,0,0.0039
"2029-02-18 21:00",1.58,0,267.82,91.6,100.1,0.1,3.192,63.9,0,0.0039
"2029-02-18 22:00",1.45,0,267.38,93,100.1,0.1,3.161,63.4,0,0.0039
"2029-02-18 23:00",1.36,0,267.11,94.2,100.1,0.1,3.131,62.9,0,0.0039
"2029-02-19 00:00",1.55,0,315.74,94.9,100.2,0.1,3.304,62.4,0,0.004
"2029-02-19 01:00",1.47,0,315.46,96,100.2,0.1,3.273,61.8,0,0.004
"2029-02-19 02:00",1.4,0,315.23,97,100.2,0.1,3.241,61.3,0,0.0041
"2029-02-19 03:00",1.34,0,315.03,98,100.3,0.2,3.21,60.7,0,0.0041
"2029-02-19 04:00",1.28,0,314.86,98.9,100.3,0.2,3.179,60.1,0,0.0041
"2029-02-19 05:00",1.23,0,314.63,99.2,100.3,0.2,3.149,59.5,0,0.0041
"2029-02-19 06:00",1.19,0,314.42,99.4,100.3,0.2,3.118,58.9,0,0.0041
"2029-02-19 07:00",1.15,0,314.22,99.5,100.3,0.2,3.088,58.3,0,0.0041
"2029-02-19 08:00",1.52,50.8,316.3,99.2,100.3,0.2,3.059,57.7,41.3,0.0042
"2029-02-19 09:00",2.27,110.7,319.86,94.8,100.3,0.2,3.03,57.1,96.2,0.0042
"2029-02-19 10:00",2.92,154.63,322.98,91,100.3,0.2,3.001,56.4,139.5,0.0043
"2029-02-19 11:00",3.63,180.92,326.41,87,100.3,0.2,2.973,55.8,166.3,0.0043
"2029-02-19 12:00",3.94,194.31,327.92,85.2,100.4,0.2,2.867,56.7,179.1,0.0043
"2029-02-19 13:00",4.07,189.61,328.52,84.5,100.4,0.2,2.762,57.7,174.4,0.0043
"2029-02-19 14:00",3.99,167.05,328.16,85,100.4,0.2,2.658,58.8,152.7,0.0043
"2029-02-19 15:00",3.72,128.07,326.87,86.7,100.5,0.2,2.556,60,115.4,0.0043
"2029-02-19 16:00",3.26,75.11,324.72,89.6,100.5,0.2,2.454,61.2,65.4,0.0043
"2029-02-19 17:00",2.65,9.82,321.86,93.6,100.5,0.2,2.354,62.6,9.4,0.0043
"2029-02-19 18:00",2.28,0,320.17,96.1,100.5,0.2,2.255,64.1,0,0.0043
"2029-02-19 19:00",2.08,0,319.25,97.6,100.6,0.2,2.158,65.8,0,0.0043
"2029-02-19 20:00",1.9,0,318.42,98.9,100.6,0.2,2.063,67.6,0,0.0043
"2029-02-19 21:00",1.74,0,317.6,99.6,100.6,0.2,1.97,69.6,0,0.0043
"2029-02-19 22:00",1.59,0,316.76,99.6,100.7,0.2,1.87,71.7,0,0.0042
"2029-02-19 23:00",1.46,0,316,99.6,100.7,0.1,1.783,74.1,0,0.0042
"2029-02-20 00:00",1.41,0,315.92,98.9,100.9,0.1,1.454,76.7,0,0.0041
"2029-02-20 01:00",1.27,0,315.23,99.4,101,0.1,1.386,79.6,0,0.0041
"2029-02-20 02:00",1.15,0,314.58,99.6,101,0.1,1.322,82.8,0,0.0041
"2029-02-20 03:00",1.05,0,313.99,99.6,101,0.1,1.262,86.3,0,0.004
"2029-02-20 04:00",0.96,0,313.47,99.6,101.1,0.1,1.207,90.1,0,0.004
"2029-02-20 05:00",0.88,0,313.01,99.6,101.1,0.1,1.158,94.3,0,0.004
"2029-02-20 06:00",0.81,0,312.61,99.6,101.1,0.1,1.116,98.8,0,0.004
"2029-02-20 07:00",0.74,0,312.26,99.6,101.2,0.1,1.081,103.6,0,0.0039
"2029-02-20 08:00",1.36,51.29,315.72,99.3,101.2,0.1,1.055,108.7,43,0.0041
"2029-02-20 09:00",2.53,111.83,321.2,91.7,101.2,0.1,1.037,114,98,0.0041
"2029-02-20 10:00",3.56,159.49,326.02,85.3,101.2,0.1,1.028,119.5,143,0.0041
"2029-02-20 11:00",3.64,191.39,326.42,84.8,101.3,0.1,1.053,125,173.2,0.0041
"2029-02-20 12:00",4.32,206.11,329.75,81.5,101.2,0.1,1.016,130.2,186.8,0.0042
"2029-02-20 13:00",4.7,201.87,331.69,79.9,101.2,0.2,0.989,135.8,182.3,0.0042
"2029-02-20 14:00",4.77,178.72,332.14,80.1,101.2,0.2,0.971,141.6,160,0.0042
"2029-02-20 15:00",4.53,138,331.12,82.1,101.2,0.2,0.964,147.6,121,0.0043
"2029-02-20 16:00",4,82.12,328.74,85.8,101.2,0.2,0.967,153.6,68.7,0.0043
"2029-02-20 17:00",3.23,12.82,325.21,91.2,101.1,0.2,0.981,159.5,12.3,0.0043
"2029-02-20 18:00",2.79,0,323.24,94.8,101.1,0.2,1.005,165.2,0,0.0044
"2029-02-20 19:00",2.61,0,322.52,96.7,101.1,0.2,0.986,170.5,0,0.0044
"2029-02-20 20:00",2.47,0,321.97,98.4,101.1,0.3,1.026,175.5,0,0.0044
"2029-02-20 21:00",2.36,0,321.53,99.6,101,0.3,1.073,180.1,0,0.0044
"2029-02-20 22:00",2.28,0,321.06,99.6,101,0.3,1.126,184.3,0,0.0044
"2029-02-20 23:00",2.22,0,320.72,99.6,101,0.3,1.185,188.1,0,0.0044
"2029-02-21 00:00",3.52,0,295.65,97.5,100.6,0.3,1.307,191.5,0,0.0047
"2029-02-21 01:00",3.21,0,294.32,99.6,100.6,0.3,1.378,194.6,0,0.0047
"2029-02-21 02:00",2.95,0,292.89,99.6,100.6,0.4,1.452,197.3,0,0.0047
"2029-02-21 03:00",2.71,0,291.67,99.6,100.6,0.4,1.529,199.8,0,0.0046
"2029-02-21 04:00",2.51,0,290.61,99.6,100.5,0.4,1.609,202.1,0,0.0045
"2029-02-21 05:00",2.34,0,289.69,99.6,100.5,0.4,1.691,204.1,0,0.0045
"2029-02-21 06:00",2.18,0,288.9,99.6,100.5,0.4,1.775,206,0,0.0044
"2029-02-21 07:00",2.05,0,288.21,99.6,100.5,0.4,1.831,207.6,0,0.0044
"2029-02-21 08:00",3.18,58.42,294.12,99.6,100.4,0.4,1.916,209.2,45.4,0.0047
"2029-02-21 09:00",5.27,124.7,304.07,91.5,100.4,0.5,2.003,210.6,103.4,0.005
"2029-02-21 10:00",7.13,177.31,312.41,81,100.4,0.5,2.091,211.8,151.8,0.0051
"2029-02-21 11:00",9.05,212.91,321.15,71.5,100.4,0.5,2.18,213,184.4,0.0051
"2029-02-21 12:00",10.1,232.72,325.89,66.3,100.4,0.5,2.266,213.6,200.1,0.0051
"2029-02-21 13:00",10.67,231.48,328.43,63.6,100.4,0.5,2.352,214.2,196.2,0.0051
"2029-02-21 14:00",10.72,208.3,328.59,63.1,100.5,0.4,2.439,214.8,172,0.005
"2029-02-21 15:00",10.24,163.78,326.32,64.9,100.5,0.4,2.525,215.3,128.7,0.005
"2029-02-21 16:00",9.26,99.91,321.77,68.9,100.5,0.4,2.612,215.7,70.7,0.005
"2029-02-21 17:00",7.84,18.24,315.24,75.6,100.5,0.4,2.699,216.2,15.1,0.005
"2029-02-21 18:00",6.66,0,309.9,81.6,100.6,0.4,2.786,216.6,0,0.0049
"2029-02-21 19:00",5.86,0,306.32,85.8,100.6,0.4,2.873,217,0,0.0049
"2029-02-21 20:00",5.17,0,303.2,89.7,100.6,0.3,2.961,217.3,0,0.0049
"2029-02-21 21:00",4.55,0,300.47,93.1,100.6,0.3,3.048,217.7,0,0.0049
"2029-02-21 22:00",4.02,0,298.08,96.3,100.7,0.3,3.136,218,0,0.0048
"2029-02-21 23:00",3.54,0,295.97,99.1,100.7,0.3,3.223,218.3,0,0.0048
"2029-02-22 00:00",2.7,0,276.7,97.3,101.1,0.3,3.514,218.6,0,0.0044
"2029-02-22 01:00",2.4,0,275.44,98.9,101.1,0.3,3.607,218.8,0,0.0044
"2029-02-22 02:00",2.14,0,274.25,99.6,101.2,0.2,3.7,219.1,0,0.0044
"2029-02-22 03:00",1.92,0,273.14,99.6,101.2,0.2,3.793,219.4,0,0.0043
"2029-02-22 04:00",1.72,0,272.18,99.6,101.2,0.2,3.887,219.6,0,0.0042
"2029-02-22 05:00",1.55,0,271.34,99.6,101.2,0.2,3.98,219.8,0,0.0042
"2029-02-22 06:00",1.41,0,270.62,99.6,101.3,0.2,4.074,220,0,0.0041
"2029-02-22 07:00",1.28,0,269.99,99.6,101.3,0.1,4.167,220.2,0,0.0041
"2029-02-22 08:00",2.49,98.73,275.33,95.1,101.3,0.1,4.261,220.4,46.9,0.0043
"2029-02-22 09:00",4.58,207.99,283.71,81.6,101.3,0.1,4.354,220.6,68.6,0.0042
"2029-02-22 10:00",6.43,296.81,291.29,71.4,101.4,0.1,4.448,220.8,107.4,0.0042
"2029-02-22 11:00",6.46,358.92,291.34,70.9,101.4,0.1,4.542,221,140.9,0.0042
"2029-02-22 12:00",7.77,370.23,297,65.4,101.3,0.1,4.57,220.7,173.4,0.0042
"2029-02-22 13:00",8.6,347.59,300.64,62.5,101.3,0.1,4.598,220.5,179,0.0043
"2029-02-22 14:00",8.89,295.26,302.06,61.8,101.2,0.1,4.627,220.2,158.1,0.0043
"2029-02-22 15:00",8.66,219.35,301.22,63.4,101.2,0.2,4.655,220,113.6,0.0044
"2029-02-22 16:00",7.93,127.12,298.24,67.2,101.1,0.2,4.684,219.8,55.7,0.0044
"2029-02-22 17:00",6.75,24.54,293.4,73.5,101,0.2,4.712,219.5,19.3,0.0045
"2029-02-22 18:00",5.85,0,289.76,79,101,0.2,4.741,219.3,0,0.0045
"2029-02-22 19:00",5.39,0,287.97,82.3,100.9,0.2,4.77,219.1,0,0.0045
"2029-02-22 20:00",5.02,0,286.57,85.2,100.9,0.2,4.799,218.9,0,0.0046
"2029-02-22 21:00",4.73,0,285.49,87.7,100.8,0.3,4.828,218.6,0,0.0046
"2029-02-22 22:00",4.5,0,284.69,89.9,100.7,0.3,4.857,218.4,0,0.0047
"2029-02-22 23:00",4.34,0,284.15,91.7,100.7,0.3,4.886,218.2,0,0.0047
"2029-02-23 00:00",4.89,0,331.56,98.9,100.2,0.3,4.671,218,0,0.0053
"2029-02-23 01:00",4.68,0,330.44,99.6,100.2,0.3,4.699,217.8,0,0.0053
"2029-02-23 02:00",4.49,0,329.36,99.6,100.1,0.3,4.727,217.6,0,0.0052
"2029-02-23 03:00",4.33,0,328.41,99.6,100,0.4,4.755,217.4,0,0.0052
"2029-02-23 04:00",4.19,0,327.59,99.6,100,0.4,4.783,217.2,0,0.0051
"2029-02-23 05:00",4.07,0,326.88,99.6,99.9,0.4,4.811,217,0,0.0051
"2029-02-23 06:00",3.97,0,326.26,99.6,99.9,0.4,4.839,216.8,0,0.005
"2029-02-23 07:00",3.87,0,325.72,99.6,99.8,0.4,4.867,216.6,0,0.005
"2029-02-23 08:00",4.85,17.62,331.47,99.6,99.7,0.5,4.895,216.4,17.6,0.0054
"2029-02-23 09:00",6.42,30.86,340.2,95.6,99.7,0.5,4.924,216.2,30.9,0.0057
"2029-02-23 10:00",7.81,36.26,347.15,87.6,99.6,0.5,4.952,216,36.3,0.0058
"2029-02-23 11:00",8.79,34.94,352.13,82.7,99.6,0.5,4.98,215.8,34.9,0.0058
"2029-02-23 12:00",9.6,45.64,356.04,77.5,99.6,0.5,5.023,216.6,45.6,0.0058
"2029-02-23 13:00",10.03,52.59,358.06,74.6,99.6,0.5,5.066,217.3,52.6,0.0057
"2029-02-23 14:00",10.06,53.67,358.04,73.7,99.6,0.5,5.11,218,53.7,0.0057
"2029-02-23 15:00",9.69,47.21,355.99,74.8,99.6,0.4,5.155,218.8,47.2,0.0056
"2029-02-23 16:00",8.94,32.21,352.04,77.9,99.5,0.4,5.2,219.5,32.2,0.0056
"2029-02-23 17:00",7.85,7.94,346.46,83.1,99.5,0.4,5.247,220.1,7.9,0.0055
"2029-02-23 18:00",7.01,0,342.15,87.1,99.5,0.4,5.294,220.8,0,0.0055
"2029-02-23 19:00",6.55,0,339.74,89,99.5,0.4,5.342,221.5,0,0.0054
"2029-02-23 20:00",6.15,0,337.64,90.6,99.5,0.4,5.39,222.1,0,0.0053
"2029-02-23 21:00",5.81,0,335.81,91.8,99.5,0.4,5.439,222.8,0,0.0053
"2029-02-23 22:00",5.51,0,334.21,92.7,99.5,0.3,5.489,223.4,0,0.0052
"2029-02-23 23:00",5.26,0,332.81,93.4,99.5,0.3,5.54,224,0,0.0052
"2029-02-24 00:00",4.95,0,281.56,86.3,99.4,0.3,6.208,224.6,0,0.0047
"2029-02-24 01:00",4.78,0,280.74,86.4,99.4,0.3,6.266,225.2,0,0.0046
"2029-02-24 02:00",4.64,0,280.01,86.3,99.4,0.3,6.324,225.8,0,0.0046
"2029-02-24 03:00",4.52,0,279.35,86.1,99.4,0.3,6.383,226.4,0,0.0045
"2029-02-24 04:00",4.41,0,278.75,85.8,99.4,0.2,6.442,226.9,0,0.0045
"2029-02-24 05:00",4.31,0,278.21,85.4,99.4,0.2,6.502,227.5,0,0.0044
"2029-02-24 06:00",4.23,0,277.72,84.9,99.4,0.2,6.563,228,0,0.0044
"2029-02-24 07:00",4.15,0,277.27,84.4,99.4,0.2,6.624,228.5,0,0.0043
"2029-02-24 08:00",4.99,91.66,280.46,78.7,99.4,0.2,6.686,229.1,41.7,0.0043
"2029-02-24 09:00",6.25,189.51,285.42,71.2,99.4,0.2,6.748,229.6,92.9,0.0042
"2029-02-24 10:00",7.36,273.44,289.8,65.2,99.4,0.1,6.811,230.1,147.1,0.0042
"2029-02-24 11:00",8.89,336.27,295.99,58.1,99.4,0.1,6.875,230.6,179.5,0.0041
"2029-02-24 12:00",9.41,358.1,298.19,56.1,99.4,0.1,6.743,230.7,197.3,0.0041
"2029-02-24 13:00",9.63,348.25,299.1,55.2,99.5,0.1,6.611,230.8,191.1,0.0041
"2029-02-24 14:00",9.52,307.56,298.64,55.6,99.6,0.1,6.48,230.9,160.8,0.0041
"2029-02-24 15:00",9.08,238.9,296.81,57.3,99.7,0.1,6.348,231,107.3,0.0041
"2029-02-24 16:00",8.34,146.85,293.71,60.2,99.8,0.1,6.217,231.1,55.1,0.0041
"2029-02-24 17:00",7.34,35.64,289.54,64.5,99.8,0.1,6.085,231.3,25.8,0.0041
"2029-02-24 18:00",6.53,0,286.21,68.1,99.9,0.1,5.954,231.4,0,0.0041
"2029-02-24 19:00",6.06,0,284.28,70.4,100,0.1,5.822,231.6,0,0.0041
"2029-02-24 20:00",5.63,0,282.56,72.5,100.1,0.1,5.691,231.7,0,0.0041
"2029-02-24 21:00",5.25,0,281.01,74.4,100.2,0.1,5.56,231.9,0,0.0041
"2029-02-24 22:00",4.91,0,279.61,76.2,100.2,0.1,5.428,232,0,0.0041
"2029-02-24 23:00",4.59,0,278.34,77.9,100.3,0.1,5.297,232.2,0,0.0041
"2029-02-25 00:00",4.49,0,286.49,77.7,100.9,0.1,4.475,232.4,0,0.004
"2029-02-25 01:00",4.26,0,285.56,78.9,100.9,0.1,4.362,232.6,0,0.004
"2029-02-25 02:00",4.06,0,284.75,80,101,0,4.248,232.8,0,0.004
"2029-02-25 03:00",3.89,0,284.05,80.9,101.1,0,4.134,233,0,0.004
"2029-02-25 04:00",3.75,0,283.44,81.8,101.2,0,4.021,233.2,0,0.004
"2029-02-25 05:00",3.62,0,282.91,82.5,101.3,0,3.908,233.4,0,0.004
"2029-02-25 06:00",3.51,0,282.45,83.1,101.4,0,3.794,233.7,0,0.004
"2029-02-25 07:00",2.82,0,279.66,87.3,101.4,0,3.681,234,0,0.004
"2029-02-25 08:00",4.5,102.51,286.53,77.5,101.5,0,3.568,234.2,45.6,0.004
"2029-02-25 09:00",6.09,199.43,293.13,69.4,101.6,0,3.455,234.6,89.9,0.004
"2029-02-25 10:00",7.49,275.03,299.04,63,101.7,0,3.342,234.9,152.3,0.004
"2029-02-25 11:00",8.36,324.76,302.78,59.3,101.8,0,3.229,235.2,192,0.004
"2029-02-25 12:00",9.21,340.02,306.64,56.8,101.8,0,3.185,234.5,209.8,0.004
"2029-02-25 13:00",9.68,325.31,308.91,55.8,101.8,0,3.141,233.7,204.7,0.0041
"2029-02-25 14:00",9.75,282.86,309.44,56.3,101.8,0,3.098,232.9,178.5,0.0042
"2029-02-25 15:00",9.43,216.65,308.22,58.3,101.8,0,3.056,232.1,132,0.0042
"2029-02-25 16:00",8.72,132.05,305.35,61.9,101.8,0,3.014,231.3,66.7,0.0043
"2029-02-25 17:00",7.68,33.96,301.05,67.4,101.8,0,2.973,230.4,23.7,0.0043
"2029-02-25 18:00",6.79,0,297.45,72.5,101.8,0,2.932,229.6,0,0.0044
"2029-02-25 19:00",6.3,0,295.58,75.9,101.8,0,2.892,228.7,0,0.0044
"2029-02-25 20:00",5.89,0,294,79.1,101.8,0,2.853,227.7,0,0.0045
"2029-02-25 21:00",5.53,0,292.68,82.1,101.8,0,2.815,226.8,0,0.0045
"2029-02-25 22:00",5.23,0,291.58,84.9,101.8,0,2.777,225.8,0,0.0046
"2029-02-25 23:00",4.97,0,290.67,87.5,101.8,0,2.741,224.8,0,0.0047
"2029-02-26 00:00",4.97,0,332.07,96.5,101.7,0,2.557,223.8,0,0.0051
"2029-02-26 01:00",4.74,0,331.16,99.2,101.7,0,2.524,222.7,0,0.0052
"2029-02-26 02:00",4.54,0,330.04,99.7,101.8,0,2.492,221.6,0,0.0051
"2029-02-26 03:00",4.37,0,329.01,99.7,101.8,0,2.461,220.5,0,0.0051
"2029-02-26 04:00",4.22,0,328.13,99.7,101.8,0,2.43,219.4,0,0.005
"2029-02-26 05:00",4.09,0,327.36,99.7,101.8,0,2.401,218.2,0,0.005
"2029-02-26 06:00",3.97,0,326.69,99.7,101.8,0,2.373,217,0,0.0049
"2029-02-26 07:00",3.34,0,323,99.7,101.8,0,2.346,215.8,0,0.0047
"2029-02-26 08:00",5.02,60.14,332.89,99.7,101.8,0,2.32,214.5,53.8,0.0053
"2029-02-26 09:00",6.61,111.7,341.66,95.4,101.8,0,2.295,213.3,104,0.0057
"2029-02-26 10:00",8,148.89,348.74,87.6,101.8,0,2.271,211.9,141.3,0.0057
"2029-02-26 11:00",9.33,170.31,355.54,80.9,101.8,0,2.248,210.6,163.5,0.0058
"2029-02-26 12:00",10.11,185.77,359.43,76.5,101.8,0,2.303,211.7,177.7,0.0058
"2029-02-26 13:00",10.52,185.31,361.46,74.2,101.7,0,2.359,212.8,176.2,0.0058
"2029-02-26 14:00",10.53,168.15,361.48,73.9,101.7,0,2.415,213.8,158.5,0.0058
"2029-02-26 15:00",10.15,134.65,359.47,75.5,101.6,0,2.472,214.7,125.1,0.0057
"2029-02-26 16:00",9.39,86.28,355.56,79.2,101.6,0,2.53,215.7,77.7,0.0057
"2029-02-26 17:00",8.29,24.72,350,85,101.6,0,2.588,216.5,22.3,0.0057
"2029-02-26 18:00",7.31,0,345.07,90.6,101.5,0,2.647,217.4,0,0.0057
"2029-02-26 19:00",6.74,0,342.21,93.9,101.5,0,2.707,218.2,0,0.0057
"2029-02-26 20:00",6.24,0,339.71,96.9,101.5,0,2.767,219,0,0.0056
"2029-02-26 21:00",5.8,0,337.48,99.2,101.4,0,2.827,219.7,0,0.0056
"2029-02-26 22:00",5.42,0,335.25,99.7,101.4,0,2.888,220.4,0,0.0055
"2029-02-26 23:00",5.08,0,333.25,99.7,101.4,0,2.949,221.1,0,0.0054
"2029-02-27 00:00",5.08,0,307.6,99.6,101.1,0,3.555,221.7,0,0.0054
"2029-02-27 01:00",4.75,0,305.83,99.6,101.1,0,3.629,222.3,0,0.0053
"2029-02-27 02:00",4.48,0,304.31,99.6,101,0,3.703,222.9,0,0.0052
"2029-02-27 03:00",4.24,0,303.01,99.6,101,0,3.777,223.5,0,0.0051
"2029-02-27 04:00",4.03,0,301.89,99.6,101,0,3.851,224.1,0,0.005
"2029-02-27 05:00",3.85,0,300.92,99.6,100.9,0,3.926,224.6,0,0.0049
"2029-02-27 06:00",3.7,0,300.1,99.6,100.9,0.1,4.001,225.1,0,0.0049
"2029-02-27 07:00",2.95,0.17,296.08,99.6,100.9,0.1,4.077,225.6,0.2,0.0046
"2029-02-27 08:00",5.05,88.77,307.4,99.2,100.8,0.1,4.153,226.1,53.8,0.0054
"2029-02-27 09:00",7.04,169.53,316.28,86.4,100.8,0.1,4.229,226.5,119,0.0054
"2029-02-27 10:00",8.8,235.44,324.27,76.4,100.8,0.1,4.305,227,172.4,0.0053
"2029-02-27 11:00",10.56,281.68,332.36,67.6,100.7,0.1,4.382,227.4,208.4,0.0053
"2029-02-27 12:00",11.57,303.37,336.86,62.2,100.7,0.1,4.369,227.9,223.7,0.0052
"2029-02-27 13:00",12.14,299.21,339.27,58.9,100.7,0,4.357,228.4,216.9,0.0052
"2029-02-27 14:00",12.23,268.82,339.41,57.6,100.7,0,4.345,228.9,188.2,0.0051
"2029-02-27 15:00",11.83,213.6,337.25,58.1,100.7,0,4.334,229.4,140.4,0.005
"2029-02-27 16:00",10.97,136.59,332.9,60.4,100.7,0,4.323,229.9,73.9,0.0049
"2029-02-27 17:00",9.69,41.13,326.64,64.7,100.6,0,4.312,230.5,26.8,0.0048
"2029-02-27 18:00",8.42,0,320.5,69.2,100.6,0,4.302,231,0,0.0047
"2029-02-27 19:00",7.59,0,316.43,71.9,100.6,0,4.292,231.5,0,0.0046
"2029-02-27 20:00",6.86,0,312.88,74.1,100.6,0,4.282,232,0,0.0045
"2029-02-27 21:00",6.23,0,309.78,76,100.6,0,4.273,232.6,0,0.0045
"2029-02-27 22:00",5.68,0,307.04,77.4,100.6,0,4.264,233.1,0,0.0044
"2029-02-27 23:00",5.2,0,304.63,78.4,100.6,0,4.256,233.6,0,0.0043
"2029-02-28 00:00",3.37,0,269.65,81.3,100.5,0,4.125,234.2,0,0.0039
"2029-02-28 01:00",3.21,0,268.78,80.5,100.5,0,4.117,234.7,0,0.0038
"2029-02-28 02:00",3.08,0,267.99,79.6,100.5,0,4.11,235.2,0,0.0038
"2029-02-28 03:00",2.96,0,267.28,78.5,100.5,0,4.103,235.8,0,0.0037
"2029-02-28 04:00",2.86,0,266.62,77.4,100.5,0,4.097,236.3,0,0.0036
"2029-02-28 05:00",2.77,0,266.02,76.1,100.5,0,4.091,236.9,0,0.0035
"2029-02-28 06:00",2.69,0,265.45,74.8,100.4,0,4.085,237.4,0,0.0034
"2029-02-28 07:00",2.34,1.92,263.8,74.9,100.4,0,4.08,238,1.9,0.0034
"2029-02-28 08:00",3.53,123.73,268.11,67.2,100.4,0,4.075,238.5,51.9,0.0033
"2029-02-28 09:00",4.65,230.81,272.17,60.6,100.4,0,4.07,239.1,81.6,0.0032
"2029-02-28 10:00",5.63,316.89,275.72,55.2,100.4,0,4.066,239.6,134.8,0.0031
"2029-02-28 11:00",7.73,375.99,283.83,46.5,100.4,0,4.062,240.2,172.9,0.003
"2029-02-28 12:00",8.08,397.25,285.12,44.9,100.4,0,4.023,240.4,193,0.003
"2029-02-28 13:00",8.17,384.76,285.32,44.2,100.4,0,3.984,240.7,188.2,0.003
"2029-02-28 14:00",7.97,339.84,284.38,44.3,100.4,0,3.945,240.9,158.7,0.0029
"2029-02-28 15:00",7.49,265.98,282.3,45.3,100.4,0,3.906,241.2,106.9,0.0029
"2029-02-28 16:00",6.74,168.41,279.17,47.1,100.5,0,3.868,241.5,59.9,0.0029
"2029-02-28 17:00",5.75,52.54,275.12,49.9,100.5,0,3.829,241.7,33.2,0.0028
"2029-02-28 18:00",4.85,0,271.42,52.5,100.5,0,3.79,242,0,0.0028
"2029-02-28 19:00",4.29,0,269.11,54,100.5,0,3.752,242.3,0,0.0028
"2029-02-28 20:00",3.78,0,266.99,55.3,100.5,0,3.713,242.6,0,0.0027
"2029-02-28 21:00",3.3,0,265.04,56.5,100.5,0,3.675,242.9,0,0.0027
"2029-02-28 22:00",2.87,0,263.23,57.6,100.6,0,3.637,243.2,0,0.0027
"2029-02-28 23:00",2.46,0,261.55,58.6,100.6,0,3.598,243.5,0,0.0026
"2029-03-01 00:00",0.12,0,255.86,66.7,100.7,0,3.349,243.8,0,0.0025
"2029-03-01 01:00",-0.01,0,255.23,66.5,100.7,0,3.313,244.1,0,0.0025
"2029-03-01 02:00",-0.12,0,254.67,66.2,100.7,0,3.278,244.4,0,0.0025
"2029-03-01 03:00",-0.22,0,254.16,65.9,100.7,0,3.242,244.8,0,0.0024
"2029-03-01 04:00",-0.3,0,253.7,65.4,100.7,0,3.207,245.1,0,0.0024
"2029-03-01 05:00",-0.38,0,253.28,64.9,100.8,0,3.172,245.5,0,0.0024
"2029-03-01 06:00",-0.44,0,252.89,64.4,100.8,0,3.137,245.8,0,0.0023
"2029-03-01 07:00",-0.71,4.25,251.74,64.8,100.8,0,3.102,246.2,4.1,0.0023
"2029-03-01 08:00",0.32,108.09,255.44,59.3,100.8,0,3.067,246.6,49.7,0.0023
"2029-03-01 09:00",1.29,195.02,258.91,54.5,100.8,0,3.032,247,120.1,0.0023
"2029-03-01 10:00",2.13,261.88,261.95,50.6,100.8,0,2.997,247.3,174.8,0.0022
"2029-03-01 11:00",3.85,304.79,268.37,44.2,100.9,0,2.963,247.7,212.2,0.0022
"2029-03-01 12:00",4.15,330.05,269.68,43.6,100.9,0,2.963,247.2,226.7,0.0022
"2029-03-01 13:00",4.23,327.84,270.09,43.8,100.9,0,2.964,246.6,218.5,0.0022
"2029-03-01 14:00",4.06,297.18,269.53,44.8,100.9,0,2.964,246,189.4,0.0023
"2029-03-01 15:00",3.64,239.05,268.02,46.6,100.9,0,2.966,245.5,139,0.0023
"2029-03-01 16:00",2.99,156.29,265.63,49.2,101,0,2.967,244.9,66.8,0.0023
"2029-03-01 17:00",2.14,52.41,262.47,52.8,101,0,2.969,244.3,32.1,0.0023
"2029-03-01 18:00",1.35,0,259.58,56.3,101,0,2.971,243.8,0,0.0023
"2029-03-01 19:00",0.9,0,257.98,58.7,101,0,2.973,243.2,0,0.0024
"2029-03-01 20:00",0.49,0,256.52,61.1,101,0,2.975,242.6,0,0.0024
"2029-03-01 21:00",0.1,0,255.19,63.3,101.1,0,2.978,242.1,0,0.0024
"2029-03-01 22:00",-0.25,0,253.97,65.5,101.1,0,2.981,241.5,0,0.0024
"2029-03-01 23:00",-0.58,0,252.84,67.7,101.1,0,2.985,240.9,0,0.0024
"2029-03-02 00:00",-0.97,0,237.82,68.6,101.2,0,2.978,240.4,0,0.0024
"2029-03-02 01:00",-1.32,0,236.68,71,101.2,0,2.982,239.8,0,0.0024
"2029-03-02 02:00",-1.62,0,235.72,73.3,101.2,0,2.986,239.3,0,0.0024
"2029-03-02 03:00",-1.88,0,234.9,75.3,101.3,0,2.991,238.7,0,0.0025
"2029-03-02 04:00",-2.11,0,234.2,77.2,101.3,0,2.996,238.2,0,0.0025
"2029-03-02 05:00",-2.3,0,233.62,79,101.3,0,3.001,237.6,0,0.0025
"2029-03-02 06:00",-2.47,0,233.12,80.7,101.3,0,3.006,237,0,0.0025
"2029-03-02 07:00",-3.05,11.06,231.23,84.9,101.3,0,3.012,236.5,10.7,0.0025
"2029-03-02 08:00",-0.69,165.87,239.49,71.9,101.4,0,3.018,235.9,67,0.0026
"2029-03-02 09:00",1.52,300.95,247.43,61.8,101.4,0,3.024,235.4,89.2,0.0026
"2029-03-02 10:00",3.46,410.66,254.62,54.2,101.4,0,3.031,234.9,103.7,0.0026
"2029-03-02 11:00",5.05,487,260.59,48.9,101.4,0,3.038,234.3,113.1,0.0026
"2029-03-02 12:00",2.3,505.35,250.89,61.8,101.4,0,3.077,233.7,114.7,0.0027
"2029-03-02 13:00",3.63,481.36,256.19,58.4,101.4,0,3.116,233.1,114.2,0.0028
"2029-03-02 14:00",4.42,418.77,259.55,57.3,101.4,0,3.155,232.5,104.2,0.0029
"2029-03-02 15:00",4.67,323.75,260.9,58.3,101.4,0,3.195,231.9,89,0.0031
"2029-03-02 16:00",4.41,204.33,260.29,61.5,101.4,0,3.236,231.4,70.9,0.0032
"2029-03-02 17:00",3.67,68.58,257.91,66.9,101.3,0,3.276,230.8,40.8,0.0033
"2029-03-02 18:00",2.91,0,255.44,72.9,101.3,0,3.317,230.3,0,0.0034
"2029-03-02 19:00",2.75,0,255.21,76.1,101.3,0,3.358,229.8,0,0.0035
"2029-03-02 20:00",2.71,0,255.4,78.6,101.3,0,3.399,229.3,0,0.0036
"2029-03-02 21:00",2.77,0,255.94,80.6,101.3,0,3.441,228.8,0,0.0037
"2029-03-02 22:00",2.92,0,256.81,82.1,101.3,0,3.483,228.3,0,0.0038
"2029-03-02 23:00",3.14,0,257.99,83,101.3,0,3.525,227.8,0,0.0039
"2029-03-03 00:00",5.37,0,319.92,83.5,101.1,0,3.759,227.4,0,0.0046
"2029-03-03 01:00",5.12,0,319.21,87.2,101.1,0,3.804,226.9,0,0.0047
"2029-03-03 02:00",4.91,0,318.64,90.8,101.1,0,3.849,226.5,0,0.0048
"2029-03-03 03:00",4.73,0,318.19,94.3,101.1,0,3.894,226.1,0,0.005
"2029-03-03 04:00",4.57,0,317.84,97.7,101.1,0,3.939,225.6,0,0.0051
"2029-03-03 05:00",4.43,0,317.33,99.4,101.1,0,3.985,225.2,0,0.0051
"2029-03-03 06:00",4.31,0,316.69,99.6,101,0,4.031,224.8,0,0.0051
"2029-03-03 07:00",3.96,8.91,314.72,99.6,101,0,4.077,224.4,8.8,0.005
"2029-03-03 08:00",5.71,87.08,324.58,98.8,101,0,4.123,224.1,69,0.0056
"2029-03-03 09:00",7.35,147.01,332.64,90.2,101,0,4.17,223.7,127.5,0.0057
"2029-03-03 10:00",8.78,188.17,339.86,83.5,101,0,4.217,223.3,170.1,0.0058
"2029-03-03 11:00",9.94,209.49,345.84,78.9,101,0,4.263,223,194,0.0059
"2029-03-03 12:00",9.68,223.52,344.69,80.8,101,0,4.282,223,207,0.006
"2029-03-03 13:00",10.3,219.23,347.88,78.1,101,0,4.301,223,202.4,0.006
"2029-03-03 14:00",10.52,196.67,349.09,77.5,101,0,4.321,222.9,180.5,0.0061
"2029-03-03 15:00",10.34,157.14,348.29,79,101,0,4.34,222.9,142.3,0.0061
"2029-03-03 16:00",9.76,103.02,345.59,82.7,101,0,4.359,222.9,90.6,0.0062
"2029-03-03 17:00",8.84,37.14,341.22,88.5,101,0,4.378,222.9,31.6,0.0062
"2029-03-03 18:00",7.92,0,336.9,94.9,101,0,4.397,222.9,0,0.0062
"2029-03-03 19:00",7.54,0,335.15,98.1,101,0,4.416,222.9,0,0.0063
"2029-03-03 20:00",7.23,0,333.58,99.7,101,0,4.435,222.9,0,0.0062
"2029-03-03 21:00",6.98,0,332.15,99.7,101,0,4.454,222.9,0,0.0061
"2029-03-03 22:00",6.8,0,331.06,99.7,101,0,4.473,222.9,0,0.0061
"2029-03-03 23:00",6.66,0,330.27,99.7,101,0,4.492,222.9,0,0.006
"2029-03-04 00:00",7.84,0,327.25,95.4,101,0,4.433,222.9,0,0.0062
"2029-03-04 01:00",7.51,0,325.84,98.2,101,0,4.451,222.9,0,0.0063
"2029-03-04 02:00",7.23,0,324.48,99.7,101,0,4.47,222.9,0,0.0062
"2029-03-04 03:00",6.99,0,323.09,99.7,101.1,0,4.489,222.9,0,0.0061
"2029-03-04 04:00",6.78,0,321.9,99.7,101.1,0,4.507,222.9,0,0.0061
"2029-03-04 05:00",6.6,0,320.88,99.7,101.1,0,4.526,222.9,0,0.006
"2029-03-04 06:00",6.45,0,319.99,99.7,101.1,0,4.545,222.8,0,0.0059
"2029-03-04 07:00",6.08,11.38,317.89,99.7,101.1,0,4.564,222.8,11.1,0.0058
"2029-03-04 08:00",8.22,88.85,329.88,97.8,101.1,0,4.582,222.8,71.5,0.0066
"2029-03-04 09:00",10.23,155.28,339.51,85.9,101.1,0,4.601,222.8,132,0.0066
"2029-03-04 10:00",11.99,208.14,348.17,76.9,101.1,0,4.62,222.8,180.7,0.0066
"2029-03-04 11:00",13.43,243.82,355.36,70.4,101.1,0,4.639,222.8,213.3,0.0067
"2029-03-04 12:00",12.96,262.9,353.11,72.9,101.1,0,4.658,222.9,228.7,0.0067
"2029-03-04 13:00",13.8,260.75,357.35,69.2,101.1,0,4.677,222.9,224.3,0.0067
"2029-03-04 14:00",14.16,236.71,359.21,67.8,101.2,0,4.696,222.9,199.7,0.0067
"2029-03-04 15:00",14.03,191.64,358.62,68.7,101.2,0,4.715,223,156,0.0068
"2029-03-04 16:00",13.43,127.84,355.69,71.6,101.2,0,4.734,223,96.4,0.0068
"2029-03-04 17:00",12.41,48.3,350.68,76.9,101.2,0,4.752,223,30.6,0.0068
"2029-03-04 18:00",11.3,0,345.32,83,101.2,0,4.771,223.1,0,0.0068
"2029-03-04 19:00",10.77,0,342.83,86.2,101.3,0,4.79,223.1,0,0.0069
"2029-03-04 20:00",10.35,0,340.87,89,101.3,0,4.809,223.1,0,0.0069
"2029-03-04 21:00",10.03,0,339.36,91.2,101.3,0,4.828,223.2,0,0.0069
"2029-03-04 22:00",9.79,0,338.26,93.1,101.3,0,4.847,223.2,0,0.0069
"2029-03-04 23:00",9.61,0,337.48,94.5,101.3,0,4.866,223.2,0,0.0069
"2029-03-05 00:00",10.15,0,336.42,95,101.4,0,5.367,223.3,0,0.0072
"2029-03-05 01:00",9.92,0,335.37,96.8,101.4,0,5.388,223.3,0,0.0073
"2029-03-05 02:00",9.72,0,334.42,98.1,101.4,0,5.409,223.3,0,0.0073
"2029-03-05 03:00",9.54,0,333.6,99.3,101.4,0,5.43,223.4,0,0.0073
"2029-03-05 04:00",9.39,0,332.79,99.7,101.4,0,5.451,223.4,0,0.0072
"2029-03-05 05:00",9.26,0,332.04,99.7,101.5,0,5.472,223.4,0,0.0071
"2029-03-05 06:00",9.15,0,331.39,99.7,101.5,0,5.493,223.5,0,0.0071
"2029-03-05 07:00",8.94,20.4,330.17,99.7,101.5,0,5.513,223.5,17.2,0.007
"2029-03-05 08:00",10.5,130.53,338.54,95.3,101.5,0,5.534,223.5,55.1,0.0074
"2029-03-05 09:00",11.95,226.71,345.61,86.8,101.5,0,5.555,223.6,123,0.0074
"2029-03-05 10:00",13.23,304.66,351.91,80.1,101.6,0,5.576,223.6,180.7,0.0075
"2029-03-05 11:00",14.27,358.68,357.1,75.1,101.6,0,5.597,223.6,216.5,0.0075
"2029-03-05 12:00",16.44,381.86,367.84,64.7,101.6,0,5.463,223.8,231.2,0.0074
"2029-03-05 13:00",16.6,374.35,368.46,63.3,101.6,0,5.33,223.9,223.7,0.0073
"2029-03-05 14:00",16.4,336.31,367.28,63.4,101.7,0,5.196,224,193.3,0.0072
"2029-03-05 15:00",15.86,269.95,364.3,65,101.7,0,5.063,224.2,138.9,0.0072
"2029-03-05 16:00",14.97,179.32,359.64,68.1,101.7,0,4.93,224.3,69.2,0.0071
"2029-03-05 17:00",13.77,69.35,353.49,72.7,101.8,0,4.796,224.5,38,0.007
"2029-03-05 18:00",12.5,0,347.08,78.1,101.8,0,4.663,224.7,0,0.0069
"2029-03-05 19:00",11.69,0,342.93,81.5,101.8,0,4.529,224.9,0,0.0068
"2029-03-05 20:00",10.95,0,339.19,84.6,101.9,0,4.396,225.1,0,0.0068
"2029-03-05 21:00",10.28,0,335.79,87.5,101.9,0,4.263,225.3,0,0.0067
"2029-03-05 22:00",9.66,0,332.69,90.1,101.9,0,4.13,225.5,0,0.0066
"2029-03-05 23:00",9.1,0,329.85,92.5,101.9,0,3.997,225.7,0,0.0065
"2029-03-06 00:00",6.9,0,309.58,99.7,102,0,3.637,226,0,0.006
"2029-03-06 01:00",6.59,0,307.93,99.7,102.1,0,3.512,226.3,0,0.0059
"2029-03-06 02:00",6.33,0,306.51,99.7,102.1,0,3.387,226.6,0,0.0058
"2029-03-06 03:00",6.11,0,305.29,99.7,102.1,0,3.262,226.9,0,0.0057
"2029-03-06 04:00",5.92,0,304.25,99.7,102.2,0,3.137,227.2,0,0.0056
"2029-03-06 05:00",5.75,0,303.35,99.7,102.2,0,3.012,227.6,0,0.0056
"2029-03-06 06:00",5.61,0,302.58,99.7,102.2,0,2.888,228,0,0.0055
"2029-03-06 07:00",5.41,29.08,301.51,99.7,102.3,0,2.763,228.4,23.1,0.0054
"2029-03-06 08:00",7.32,156.8,310.05,88.3,102.3,0,2.639,228.9,59.1,0.0055
"2029-03-06 09:00",9.11,266.71,317.82,77.1,102.3,0,2.515,229.4,91.1,0.0054
"2029-03-06 10:00",10.68,354.03,324.75,68.4,102.4,0,2.391,230,145.8,0.0053
"2029-03-06 11:00",11.97,412.83,330.43,62,102.4,0,2.267,230.7,184.5,0.0053
"2029-03-06 12:00",13.63,437.14,338.01,54.8,102.4,0,2.134,229.6,200.9,0.0052
"2029-03-06 13:00",14.03,426.62,339.68,52.7,102.4,0,2.002,228.4,192.7,0.0051
"2029-03-06 14:00",14.01,381.9,339.33,52.1,102.4,0,1.871,227,160.2,0.0051
"2029-03-06 15:00",13.55,305.92,336.95,52.9,102.4,0,1.741,225.4,107.8,0.005
"2029-03-06 16:00",12.68,203.63,332.64,55.2,102.5,0,1.612,223.5,67.5,0.0049
"2029-03-06 17:00",11.44,80.9,326.64,59.1,102.5,0,1.486,221.3,43.3,0.0048
"2029-03-06 18:00",10.05,0,320.09,63.9,102.5,0,1.362,218.8,0,0.0048
"2029-03-06 19:00",9.18,0,315.91,66.8,102.5,0,1.242,215.7,0,0.0047
"2029-03-06 20:00",8.4,0,312.23,69.3,102.5,0,1.126,212,0,0.0046
"2029-03-06 21:00",7.72,0,308.98,71.6,102.5,0,1.016,207.4,0,0.0046
"2029-03-06 22:00",7.12,0,306.09,73.4,102.6,0,0.929,201.8,0,0.0045
"2029-03-06 23:00",6.58,0,303.51,75,102.6,0,0.837,194.9,0,0.0044
"2029-03-07 00:00",4.65,0,284.13,78.1,102.7,0,1.048,186.1,0,0.004
"2029-03-07 01:00",4.46,0,283.16,77.9,102.8,0,0.971,175.9,0,0.004
"2029-03-07 02:00",4.3,0,282.28,77.5,102.8,0,0.978,164.4,0,0.0039
"2029-03-07 03:00",4.17,0,281.49,76.9,102.8,0,0.977,152.2,0,0.0038
"2029-03-07 04:00",4.05,0,280.77,76.3,102.8,0,1.019,140.5,0,0.0038
"2029-03-07 05:00",3.94,0,280.12,75.5,102.8,0,1.098,130,0,0.0037
"2029-03-07 06:00",3.85,0,279.54,74.7,102.8,0,1.179,121.2,0,0.0036
"2029-03-07 07:00",3.79,35.8,279.07,73.7,102.8,0,1.309,114,27,0.0036
"2029-03-07 08:00",5.15,168.32,284.34,65.8,102.9,0,1.454,108.2,62.4,0.0035
"2029-03-07 09:00",6.4,281.61,289.27,59.2,102.9,0,1.612,103.5,88.1,0.0034
"2029-03-07 10:00",7.49,370.68,293.57,53.9,102.9,0,1.779,99.7,135.5,0.0034
"2029-03-07 11:00",8.36,429.66,296.98,49.8,102.9,0,1.952,96.5,174.3,0.0033
"2029-03-07 12:00",8.48,452.93,297.64,50.1,102.9,0,1.723,101.8,192.2,0.0034
"2029-03-07 13:00",8.87,440.41,299.45,49.3,102.8,0,1.514,108.7,185.7,0.0034
"2029-03-07 14:00",8.95,393.17,299.93,49.7,102.8,0,1.333,117.6,155.3,0.0034
"2029-03-07 15:00",8.71,314.55,299.08,51.1,102.8,0,1.221,129,106.1,0.0035
"2029-03-07 16:00",8.17,209.91,296.96,53.6,102.7,0,1.136,142.7,68.9,0.0035
"2029-03-07 17:00",7.37,85.55,293.75,57.3,102.7,0,1.121,157.6,44.7,0.0036
"2029-03-07 18:00",6.52,0,290.32,61.4,102.6,0,1.123,171.9,0,0.0036
"2029-03-07 19:00",6.18,0,289.05,63.6,102.6,0,1.241,184,0,0.0037
"2029-03-07 20:00",5.89,0,288,65.6,102.6,0,1.406,193.7,0,0.0037
"2029-03-07 21:00",5.65,0,287.16,67.5,102.5,0,1.602,201.2,0,0.0037
"2029-03-07 22:00",5.46,0,286.51,69.1,102.5,0,1.79,207,0,0.0038
"2029-03-07 23:00",5.3,0,286.02,70.6,102.4,0,2.019,211.5,0,0.0038
"2029-03-08 00:00",5.78,0,295.98,79.5,102.1,0,2.032,215,0,0.0045
"2029-03-08 01:00",5.54,0,295.1,81.7,102,0,2.252,217.9,0,0.0045
"2029-03-08 02:00",5.33,0,294.37,83.7,102,0,2.477,220.3,0,0.0046
"2029-03-08 03:00",5.15,0,293.75,85.7,101.9,0,2.706,222.2,0,0.0046
"2029-03-08 04:00",4.99,0,293.24,87.5,101.9,0,2.937,223.9,0,0.0047
"2029-03-08 05:00",4.86,0,292.82,89.2,101.9,0,3.171,225.3,0,0.0047
"2029-03-08 06:00",4.74,0,292.48,90.8,101.8,0,3.406,226.5,0,0.0048
"2029-03-08 07:00",4.71,39.95,292.47,92,101.8,0,3.642,227.6,28.7,0.0048
"2029-03-08 08:00",6.3,167.46,299.38,83.1,101.7,0,3.88,228.5,61.1,0.0049
"2029-03-08 09:00",7.78,275.8,305.93,75.8,101.7,0,4.118,229.4,97.2,0.0049
"2029-03-08 10:00",9.08,360.08,311.77,70.1,101.7,0,4.357,230.1,157.1,0.0049
"2029-03-08 11:00",10.12,414.98,316.58,66,101.6,0,4.597,230.8,199,0.005
"2029-03-08 12:00",11.91,432.16,324.55,58.1,101.6,0,4.485,230.8,220.8,0.005
"2029-03-08 13:00",12.14,415.41,325.48,56.8,101.7,0,4.373,230.8,217.6,0.0049
"2029-03-08 14:00",12.02,366.85,324.78,56.9,101.7,0,4.261,230.8,190.3,0.0049
"2029-03-08 15:00",11.53,290.69,322.44,58.3,101.7,0,4.148,230.8,139.4,0.0048
"2029-03-08 16:00",10.7,192.81,318.57,61.1,101.7,0,4.036,230.8,73.8,0.0048
"2029-03-08 17:00",9.56,79.75,313.34,65.4,101.7,0,3.924,230.8,40.7,0.0048
"2029-03-08 18:00",8.28,0,307.6,70.8,101.7,0,3.812,230.8,0,0.0047
"2029-03-08 19:00",7.51,0,304.11,74,101.8,0,3.7,230.8,0,0.0047
"2029-03-08 20:00",6.82,0,301,77,101.8,0,3.588,230.9,0,0.0047
"2029-03-08 21:00",6.2,0,298.21,79.7,101.8,0,3.476,230.9,0,0.0046
"2029-03-08 22:00",5.64,0,295.71,82.2,101.8,0,3.364,230.9,0,0.0046
"2029-03-08 23:00",5.13,0,293.44,84.4,101.8,0,3.251,230.9,0,0.0045
"2029-03-09 00:00",3.22,0,299.26,88.3,102.2,0,2.226,230.9,0,0.0041
"2029-03-09 01:00",3.02,0,298.28,88.8,102.2,0,2.147,230.9,0,0.0041
"2029-03-09 02:00",2.85,0,297.43,89.1,102.2,0,2.067,231,0,0.0041
"2029-03-09 03:00",2.71,0,296.67,89.3,102.3,0,1.988,231,0,0.004
"2029-03-09 04:00",2.58,0,296,89.4,102.3,0,1.909,231,0,0.004
"2029-03-09 05:00",2.47,0,295.4,89.3,102.3,0,1.829,231,0,0.004
"2029-03-09 06:00",2.38,0,294.87,89.1,102.3,0,1.75,231.1,0,0.0039
"2029-03-09 07:00",2.41,32.38,294.87,88.1,102.3,0,1.67,231.1,22.2,0.0039
"2029-03-09 08:00",3.77,121.51,300.6,79.3,102.3,0,1.591,231.1,83.8,0.0039
"2029-03-09 09:00",5.03,194.54,305.98,71.9,102.4,0,1.512,231.2,149.8,0.0038
"2029-03-09 10:00",6.13,248.6,310.7,66.1,102.4,0,1.432,231.2,201.8,0.0038
"2029-03-09 11:00",7.01,280.95,314.49,61.6,102.4,0,1.353,231.3,234.7,0.0038
"2029-03-09 12:00",8.26,290.97,320.19,56.6,102.3,0,1.313,228.6,247.1,0.0038
"2029-03-09 13:00",8.48,278.34,321.17,55.8,102.3,0,1.277,225.8,238.6,0.0038
"2029-03-09 14:00",8.38,244.78,320.75,56.2,102.2,0,1.243,222.8,210.6,0.0038
"2029-03-09 15:00",7.97,193.4,318.92,57.9,102.2,0,1.213,219.6,165.5,0.0038
"2029-03-09 16:00",7.27,128.34,315.76,60.8,102.1,0,1.188,216.3,107.1,0.0038
"2029-03-09 17:00",6.31,54.15,311.45,65,102,0,1.166,212.9,42.9,0.0038
"2029-03-09 18:00",5.23,0,306.67,70.1,102,0,1.148,209.3,0,0.0038
"2029-03-09 19:00",4.65,0,304.14,73.1,101.9,0,1.154,205.7,0,0.0038
"2029-03-09 20:00",4.13,0,301.89,75.8,101.9,0.1,1.145,201.9,0,0.0038
"2029-03-09 21:00",3.67,0,299.9,78.4,101.8,0.1,1.141,198.2,0,0.0038
"2029-03-09 22:00",3.26,0,298.12,80.8,101.8,0.1,1.143,194.4,0,0.0038
"2029-03-09 23:00",2.88,0,296.53,83,101.7,0.1,1.149,190.6,0,0.0038
"2029-03-10 00:00",1.73,0,303.98,94.5,101.5,0.1,1.053,186.9,0,0.004
"2029-03-10 01:00",1.56,0,303.25,95.7,101.4,0.1,1.068,183.3,0,0.004
"2029-03-10 02:00",1.42,0,302.62,96.8,101.4,0.1,1.086,179.8,0,0.004
"2029-03-10 03:00",1.29,0,302.07,97.8,101.3,0.1,1.108,176.4,0,0.004
"2029-03-10 04:00",1.18,0,301.61,98.6,101.2,0.1,1.134,173.2,0,0.004
"2029-03-10 05:00",1.09,0,301.17,99.2,101.2,0.1,1.163,170.1,0,0.004
"2029-03-10 06:00",1.01,0,300.74,99.3,101.1,0.1,1.196,167.2,0,0.004
"2029-03-10 07:00",1.09,18.47,301.17,99.2,101.1,0.1,1.231,164.5,18,0.004
"2029-03-10 08:00",2.32,63.25,306.67,91.2,101,0.1,1.336,161.9,62.5,0.0041
"2029-03-10 09:00",3.45,99.08,311.77,84.2,101,0.1,1.379,159.5,98.4,0.0041
"2029-03-10 10:00",4.43,124.67,316.24,78.7,100.9,0.1,1.424,157.2,124.1,0.0041
"2029-03-10 11:00",5.21,138.96,319.82,74.5,100.9,0.1,1.471,155,138.5,0.0041
"2029-03-10 12:00",5.41,155.73,320.7,73.3,100.8,0.1,1.517,163.8,155,0.0041
"2029-03-10 13:00",5.74,160.81,322.16,71.5,100.7,0.1,1.516,171.8,159.8,0.0041
"2029-03-10 14:00",5.78,152.37,322.33,71.1,100.7,0.1,1.617,179,150.5,0.004
"2029-03-10 15:00",5.55,129.57,321.18,72.1,100.6,0.1,1.741,185.3,126.8,0.004
"2029-03-10 16:00",5.04,92.66,318.82,74.4,100.6,0.1,1.883,190.6,89.3,0.004
"2029-03-10 17:00",4.3,42.82,315.38,78.2,100.5,0.1,2.038,195.2,39.9,0.004
"2029-03-10 18:00",3.45,0,311.48,82.8,100.5,0.1,2.205,199.1,0,0.004
"2029-03-10 19:00",3.11,0,309.93,84.6,100.4,0.1,2.38,202.5,0,0.004
"2029-03-10 20:00",2.83,0,308.62,86.1,100.3,0.1,2.522,205.4,0,0.004
"2029-03-10 21:00",2.59,0,307.51,87.3,100.3,0.1,2.707,207.9,0,0.004
"2029-03-10 22:00",2.39,0,306.58,88.3,100.2,0.1,2.896,210,0,0.004
"2029-03-10 23:00",2.22,0,305.81,89.1,100.2,0.1,3.089,211.9,0,0.004
"2029-03-11 00:00",3.08,0,264.35,80.6,99.9,0.1,4.728,213.6,0,0.0038
"2029-03-11 01:00",2.74,0,263,82.4,99.8,0.1,5.014,215.1,0,0.0038
"2029-03-11 02:00",2.44,0,261.84,83.9,99.8,0.1,5.302,216.4,0,0.0038
"2029-03-11 03:00",2.19,0,260.85,85.2,99.7,0.1,5.594,217.6,0,0.0038
"2029-03-11 04:00",1.98,0,260,86.3,99.7,0.1,5.887,218.7,0,0.0038
"2029-03-11 05:00",1.79,0,259.27,87.2,99.6,0.1,6.182,219.6,0,0.0038
"2029-03-11 06:00",1.63,0,258.64,87.9,99.5,0.1,6.479,220.5,0,0.0038
"2029-03-11 07:00",1.8,46.37,259.22,86.7,99.5,0.1,6.777,221.3,29.2,0.0038
"2029-03-11 08:00",3.82,156.56,266.93,74.8,99.4,0.1,7.076,222.1,69.5,0.0038
"2029-03-11 09:00",5.71,256.86,274.23,65.4,99.4,0.1,7.377,222.7,140.9,0.0038
"2029-03-11 10:00",7.36,340.84,280.77,58.2,99.3,0.1,7.678,223.4,195.7,0.0037
"2029-03-11 11:00",8.71,401.62,286.17,52.9,99.3,0.1,7.98,223.9,228.9,0.0037
"2029-03-11 12:00",10.28,423.76,292.57,47.6,99.3,0.1,7.843,224.1,243.8,0.0037
"2029-03-11 13:00",10.75,413.77,294.5,46.1,99.3,0.1,7.705,224.2,235.8,0.0037
"2029-03-11 14:00",10.78,372.18,294.61,45.9,99.3,0.1,7.568,224.3,204.5,0.0037
"2029-03-11 15:00",10.36,301.7,292.88,47.2,99.3,0.1,7.43,224.4,149.5,0.0037
"2029-03-11 16:00",9.52,206.89,289.4,49.9,99.3,0.1,7.293,224.6,78.2,0.0037
"2029-03-11 17:00",8.28,93.45,284.34,54.2,99.3,0.1,7.155,224.7,44.7,0.0037
"2029-03-11 18:00",6.77,0,278.27,60,99.3,0.1,7.018,224.9,0,0.0037
"2029-03-11 19:00",5.79,0,274.4,64.2,99.3,0.1,6.881,225.1,0,0.0037
"2029-03-11 20:00",4.94,0,271.06,68,99.3,0.1,6.743,225.2,0,0.0037
"2029-03-11 21:00",4.2,0,268.16,71.6,99.3,0.1,6.606,225.4,0,0.0037
"2029-03-11 22:00",3.55,0,265.65,74.8,99.3,0.1,6.469,225.6,0,0.0037
"2029-03-11 23:00",2.98,0,263.46,77.8,99.4,0,6.332,225.8,0,0.0037
"2029-03-12 00:00",1.82,0,255.96,83.6,99.6,0,5.983,226,0,0.0036
"2029-03-12 01:00",1.5,0,254.75,85.4,99.6,0,5.851,226.2,0,0.0036
"2029-03-12 02:00",1.22,0,253.71,87.1,99.6,0,5.719,226.4,0,0.0036
"2029-03-12 03:00",0.98,0,252.82,88.5,99.6,0,5.587,226.6,0,0.0036
"2029-03-12 04:00",0.78,0,252.07,89.7,99.6,0,5.455,226.8,0,0.0036
"2029-03-12 05:00",0.61,0,251.42,90.7,99.6,0,5.323,227.1,0,0.0036
"2029-03-12 06:00",0.46,0,250.86,91.6,99.6,0,5.191,227.4,0,0.0036
"2029-03-12 07:00",0.7,60.28,251.72,90,99.6,0,5.059,227.6,36.5,0.0036
"2029-03-12 08:00",2.64,186.29,258.93,78.2,99.7,0,4.928,227.9,64,0.0036
"2029-03-12 09:00",4.44,295.04,265.74,68.8,99.7,0,4.796,228.2,110.2,0.0036
"2029-03-12 10:00",6.01,380.56,271.81,61.6,99.7,0,4.665,228.5,170.3,0.0036
"2029-03-12 11:00",7.29,437.12,276.81,56.3,99.7,0,4.534,228.9,209.7,0.0036
"2029-03-12 12:00",8.28,449.67,280.82,52.9,99.7,0,4.241,228.5,234.3,0.0036
"2029-03-12 13:00",8.79,428.19,282.93,51.4,99.7,0,3.947,228,233.2,0.0036
"2029-03-12 14:00",8.88,375.72,283.34,51.4,99.7,0,3.654,227.5,207.9,0.0037
"2029-03-12 15:00",8.54,297.32,282.05,52.9,99.7,0.1,3.362,226.9,159.7,0.0037
"2029-03-12 16:00",7.79,199.55,279.11,56,99.7,0.1,3.07,226.1,91.4,0.0037
"2029-03-12 17:00",6.66,89.56,274.71,60.8,99.7,0.1,2.778,225.2,42,0.0037
"2029-03-12 18:00",5.26,0,269.31,67.4,99.7,0.1,2.487,224.1,0,0.0037
"2029-03-12 19:00",4.43,0,266.19,71.8,99.7,0.1,2.198,222.7,0,0.0038
"2029-03-12 20:00",3.72,0,263.54,75.8,99.7,0.1,1.91,220.8,0,0.0038
"2029-03-12 21:00",3.11,0,261.29,79.6,99.7,0.1,1.625,218.3,0,0.0038
"2029-03-12 22:00",2.59,0,259.37,83,99.6,0.1,1.345,214.8,0,0.0038
"2029-03-12 23:00",2.13,0,257.74,86.2,99.6,0.1,1.072,209.4,0,0.0038
"2029-03-13 00:00",1.2,0,296.94,96.4,99.6,0.2,1.32,200.4,0,0.004
"2029-03-13 01:00",0.99,0,296.14,98.3,99.6,0.2,0.964,184.2,0,0.004
"2029-03-13 02:00",0.82,0,295.38,99.6,99.6,0.2,0.799,154.8,0,0.004
"2029-03-13 03:00",0.66,0,294.57,99.6,99.6,0.2,0.867,119.6,0,0.004
"2029-03-13 04:00",0.53,0,293.87,99.6,99.6,0.2,1.142,96.6,0,0.0039
"2029-03-13 05:00",0.42,0,293.26,99.6,99.6,0.2,1.541,84.3,0,0.0039
"2029-03-13 06:00",0.32,0,292.73,99.6,99.6,0.2,1.982,77.3,0,0.0039
"2029-03-13 07:00",0.58,33.38,294.1,99.6,99.6,0.2,2.443,72.8,29.8,0.004
"2029-03-13 08:00",2,93.44,301.05,94.7,99.6,0.2,2.914,69.8,86.6,0.0042
"2029-03-13 09:00",3.31,140.12,306.91,86.7,99.6,0.3,3.391,67.7,133.5,0.0042
"2029-03-13 10:00",4.45,171.81,312.06,80.4,99.6,0.3,3.891,66,166.1,0.0042
"2029-03-13 11:00",5.35,187.59,316.2,75.9,99.6,0.3,4.377,64.8,183.1,0.0042
"2029-03-13 12:00",4.2,200.06,311.06,82.6,99.6,0.3,4.104,64.2,194.9,0.0043
"2029-03-13 13:00",4.81,197.69,313.88,79.4,99.6,0.3,3.832,63.5,192.1,0.0043
"2029-03-13 14:00",5.1,180.23,315.25,78.1,99.6,0.3,3.561,62.7,174.5,0.0043
"2029-03-13 15:00",5.07,148.42,315.15,78.6,99.6,0.2,3.29,61.8,142.8,0.0043
"2029-03-13 16:00",4.72,104.03,313.67,80.8,99.6,0.2,3.021,60.8,98.9,0.0043
"2029-03-13 17:00",4.11,49.51,310.95,84.7,99.6,0.2,2.753,59.5,45.8,0.0043
"2029-03-13 18:00",3.3,0,307.4,90,99.6,0.2,2.486,57.9,0,0.0044
"2029-03-13 19:00",3.11,0,306.63,91.5,99.6,0.2,2.222,56,0,0.0044
"2029-03-13 20:00",2.99,0,306.15,92.6,99.6,0.2,1.96,53.6,0,0.0044
"2029-03-13 21:00",2.93,0,305.92,93.4,99.6,0.2,1.704,50.4,0,0.0044
"2029-03-13 22:00",2.91,0,305.9,93.8,99.6,0.2,1.454,46.1,0,0.0044
"2029-03-13 23:00",2.94,0,306.08,94,99.6,0.2,1.217,40.1,0,0.0044
"2029-03-14 00:00",3.92,0,315.11,91.4,99.4,0.2,0.676,31.2,0,0.0046
"2029-03-14 01:00",3.84,0,314.78,92.3,99.4,0.2,0.551,17.9,0,0.0046
"2029-03-14 02:00",3.76,0,314.5,93.1,99.4,0.2,0.487,358.6,0,0.0047
"2029-03-14 03:00",3.7,0,314.27,93.9,99.4,0.2,0.448,335.2,0,0.0047
"2029-03-14 04:00",3.64,0,314.07,94.6,99.4,0.2,0.543,314.2,0,0.0047
"2029-03-14 05:00",3.6,0,313.91,95.2,99.4,0.1,0.656,299.2,0,0.0047
"2029-03-14 06:00",3.55,0,313.77,95.9,99.4,0.1,0.799,289.2,0,0.0047
"2029-03-14 07:00",3.69,41,314.46,95.2,99.4,0.1,0.959,282.4,33.4,0.0047
"2029-03-14 08:00",4.32,114.99,317.35,91.5,99.4,0.1,1.129,277.7,97.7,0.0048
"2029-03-14 09:00",4.88,180.27,320.02,88.2,99.4,0.1,1.305,274.2,157.9,0.0048
"2029-03-14 10:00",5.38,232.83,322.34,85.6,99.4,0.1,1.485,271.6,206.1,0.0048
"2029-03-14 11:00",5.76,268.82,324.19,83.6,99.4,0.1,1.668,269.6,238.5,0.0048
"2029-03-14 12:00",7.08,282.82,330.22,75.7,99.4,0.1,1.678,271.6,251.3,0.0048
"2029-03-14 13:00",7.03,275.98,329.86,75.3,99.5,0.1,1.69,273.6,244.7,0.0047
"2029-03-14 14:00",6.84,248.68,328.82,75.7,99.5,0.1,1.704,275.6,219.2,0.0047
"2029-03-14 15:00",6.51,202.72,327.13,76.8,99.6,0.1,1.72,277.5,176.1,0.0046
"2029-03-14 16:00",6.04,141.1,324.81,78.6,99.6,0.1,1.738,279.4,118.5,0.0046
"2029-03-14 17:00",5.45,67.61,321.96,81.2,99.6,0.1,1.758,281.3,52.6,0.0046
"2029-03-14 18:00",4.78,0,318.71,84.4,99.7,0.1,1.78,283.1,0,0.0045
"2029-03-14 19:00",4.4,0,316.86,85.9,99.7,0.1,1.803,284.9,0,0.0045
"2029-03-14 20:00",4.06,0,315.13,87.2,99.7,0.1,1.828,286.6,0,0.0044
"2029-03-14 21:00",3.73,0,313.51,88.5,99.8,0.1,1.854,288.3,0,0.0044
"2029-03-14 22:00",3.43,0,311.99,89.6,99.8,0.1,1.883,289.9,0,0.0044
"2029-03-14 23:00",3.14,0,310.55,90.6,99.9,0.1,1.912,291.5,0,0.0043
"2029-03-15 00:00",1.01,0,287.01,98.9,99.9,0.1,1.738,293.1,0,0.004
"2029-03-15 01:00",0.81,0,285.99,99.1,100,0.1,1.873,294.6,0,0.004
"2029-03-15 02:00",0.64,0,285.1,99.3,100,0.1,1.905,296,0,0.0039
"2029-03-15 03:00",0.49,0,284.32,99.3,100.1,0,1.938,297.3,0,0.0039
"2029-03-15 04:00",0.36,0,283.65,99.3,100.1,0,1.973,298.7,0,0.0039
"2029-03-15 05:00",0.24,0,283.07,99.1,100.1,0,2.008,299.9,0,0.0038
"2029-03-15 06:00",0.15,0,282.56,98.9,100.2,0,2.045,301.2,0,0.0038
"2029-03-15 07:00",0.48,46.64,283.89,96.2,100.2,0,2.082,302.4,35.3,0.0038
"2029-03-15 08:00",1.81,123.79,289.3,86.6,100.2,0,2.12,303.5,101.8,0.0037
"2029-03-15 09:00",3.03,190.48,294.34,78.6,100.3,0,2.159,304.6,163.5,0.0037
"2029-03-15 10:00",4.08,242.79,298.74,72.2,100.3,0,2.199,305.7,211.9,0.0037
"2029-03-15 11:00",4.93,277.23,302.25,67.4,100.4,0,2.24,306.7,243.7,0.0036
"2029-03-15 12:00",5.97,293.33,306.71,62.2,100.4,0,2.188,308.9,257.4,0.0036
"2029-03-15 13:00",6.2,288.06,307.64,60.7,100.5,0,2.14,311.1,251.4,0.0036
"2029-03-15 14:00",6.14,261.41,307.27,60.5,100.5,0,2.096,313.5,225.8,0.0035
"2029-03-15 15:00",5.79,214.86,305.61,61.6,100.6,0,2.055,316,181.8,0.0035
"2029-03-15 16:00",5.15,151.21,302.71,63.9,100.6,0,2.018,318.5,122.2,0.0035
"2029-03-15 17:00",4.26,74.2,298.74,67.5,100.7,0,1.985,321.2,54.1,0.0035
"2029-03-15 18:00",3.14,0,293.88,72.4,100.7,0,1.957,323.9,0,0.0034
"2029-03-15 19:00",2.57,0,291.34,74.8,100.8,0,1.933,326.7,0,0.0034
"2029-03-15 20:00",2.06,0,289.11,76.9,100.8,0,1.914,329.6,0,0.0034
"2029-03-15 21:00",1.62,0,287.15,78.8,100.9,0,1.9,332.5,0,0.0033
"2029-03-15 22:00",1.23,0,285.4,80.4,100.9,0,1.892,335.5,0,0.0033
"2029-03-15 23:00",0.88,0,283.85,81.8,101,0,1.888,338.4,0,0.0033
"2029-03-16 00:00",0.13,0,272.47,82.6,101.4,0,2.062,341.4,0,0.0031
"2029-03-16 01:00",-0.07,0,271.56,83.2,101.4,0,2.069,344.4,0,0.0031
"2029-03-16 02:00",-0.25,0,270.77,83.5,101.5,0,2.081,347.3,0,0.0031
"2029-03-16 03:00",-0.4,0,270.07,83.7,101.5,0,2.099,350.2,0,0.003
"2029-03-16 04:00",-0.53,0,269.46,83.8,101.6,0,2.123,353.1,0,0.003
"2029-03-16 05:00",-0.64,0,268.91,83.8,101.6,0,2.151,355.9,0,0.003
"2029-03-16 06:00",-0.73,0,268.43,83.6,101.7,0,2.214,358.6,0,0.003
"2029-03-16 07:00",-0.35,61.39,269.86,80.5,101.7,0,2.011,1.2,32.6,0.0029
"2029-03-16 08:00",0.98,157.21,275.03,72.6,101.8,0,2.108,3.7,102.1,0.0029
"2029-03-16 09:00",2.2,241.07,279.84,65.9,101.8,0,2.162,6.1,169.7,0.0029
"2029-03-16 10:00",3.25,307.81,284.03,60.6,101.9,0,2.362,8.5,224.2,0.0029
"2029-03-16 11:00",4.09,352.71,287.37,56.6,101.9,0,2.416,10.7,259.8,0.0028
"2029-03-16 12:00",4.83,362.16,290.52,54,101.9,0,2.303,12,274.4,0.0028
"2029-03-16 13:00",5.11,345.24,291.75,53.2,101.9,0,2.192,13.5,266.5,0.0029
"2029-03-16 14:00",5.09,304.24,291.75,53.5,101.9,0,2.081,15.1,237,0.0029
"2029-03-16 15:00",4.78,243.01,290.5,54.9,101.8,0,1.845,16.9,188.3,0.0029
"2029-03-16 16:00",4.19,166.58,288.09,57.5,101.8,0,1.746,18.9,124.9,0.0029
"2029-03-16 17:00",3.34,80.56,284.65,61.4,101.8,0,1.649,21.1,54.6,0.0029
"2029-03-16 18:00",2.27,0,280.34,66.5,101.8,0,1.554,23.6,0,0.0029
"2029-03-16 19:00",1.73,0,278.2,69.5,101.7,0,1.464,26.4,0,0.0029
"2029-03-16 20:00",1.28,0,276.42,72.1,101.7,0.1,1.377,29.6,0,0.003
"2029-03-16 21:00",0.88,0,274.88,74.5,101.7,0.1,1.295,33.2,0,0.003
"2029-03-16 22:00",0.54,0,273.56,76.8,101.7,0.1,1.219,37.3,0,0.003
"2029-03-16 23:00",0.24,0,272.42,78.8,101.6,0.1,1.149,41.9,0,0.003
"2029-03-17 00:00",-0.68,0,293.48,88.3,101.3,0.1,1.23,47.1,0,0.0032
"2029-03-17 01:00",-0.76,0,293.19,89.2,101.3,0.1,1.172,52.8,0,0.0032
"2029-03-17 02:00",-0.83,0,292.95,90.1,101.3,0.1,1.127,59.1,0,0.0032
"2029-03-17 03:00",-0.89,0,292.75,90.9,101.2,0.1,1.096,65.8,0,0.0032
"2029-03-17 04:00",-0.94,0,292.58,91.6,101.2,0.1,1.076,72.7,0,0.0032
"2029-03-17 05:00",-0.98,0,292.44,92.3,101.2,0.1,1.076,79.8,0,0.0032
"2029-03-17 06:00",-1.02,0,292.33,93,101.1,0.1,1.093,86.7,0,0.0032
"2029-03-17 07:00",-0.82,35.17,293.28,92,101.1,0.1,1.126,93.3,33.7,0.0033
"2029-03-17 08:00",-0.22,83.03,295.91,88.5,101.1,0.1,1.172,99.5,81.3,0.0033
"2029-03-17 09:00",0.33,120.69,298.34,85.5,101.1,0.1,1.231,105.1,119.4,0.0033
"2029-03-17 10:00",0.79,146.6,300.44,83,101,0.1,1.331,110.2,145.7,0.0033
"2029-03-17 11:00",1.16,159.83,302.1,81.2,101,0.1,1.411,114.8,159.1,0.0033
"2029-03-17 12:00",1.85,171.76,305.27,77.7,101,0.1,1.305,116.8,170.9,0.0033
"2029-03-17 13:00",1.89,171.45,305.53,78,101,0.1,1.2,119.2,170.4,0.0034
"2029-03-17 14:00",1.79,158.32,305.18,79.1,101,0.1,1.097,122,157,0.0034
"2029-03-17 15:00",1.56,132.64,304.23,80.9,101,0.1,0.998,125.4,131,0.0034
"2029-03-17 16:00",1.2,95.63,302.72,83.6,101,0.1,0.903,129.6,93.9,0.0034
"2029-03-17 17:00",0.72,49.2,300.71,87.1,101,0.1,0.814,134.7,47.6,0.0035
"2029-03-17 18:00",0.15,0,298.29,91.3,101,0.1,0.732,141,0,0.0035
"2029-03-17 19:00",-0.13,0,297.15,93.7,101,0.1,0.661,148.7,0,0.0035
"2029-03-17 20:00",-0.36,0,296.21,95.9,101,0.1,0.574,158.1,0,0.0035
"2029-03-17 21:00",-0.58,0,295.35,98.1,101,0.1,0.538,169,0,0.0035
"2029-03-17 22:00",-0.77,0,294.5,99.5,101,0.1,0.523,180.9,0,0.0035
"2029-03-17 23:00",-0.95,0,293.56,99.5,101,0.1,0.532,192.9,0,0.0035
"2029-03-18 00:00",-0.44,0,274.79,97.9,100.9,0.1,0.415,203.9,0,0.0036
"2029-03-18 01:00",-0.81,0,273.19,99.5,100.9,0.1,0.445,213.5,0,0.0035
"2029-03-18 02:00",-1.12,0,271.65,99.5,100.9,0.1,0.492,221.4,0,0.0035
"2029-03-18 03:00",-1.39,0,270.35,99.5,100.9,0.1,0.547,227.8,0,0.0034
"2029-03-18 04:00",-1.62,0,269.25,99.5,100.9,0.1,0.608,233.1,0,0.0033
"2029-03-18 05:00",-1.81,0,268.31,99.5,100.9,0.1,0.672,237.3,0,0.0033
"2029-03-18 06:00",-1.98,0,267.51,99.5,100.9,0.1,0.74,240.8,0,0.0032
"2029-03-18 07:00",-1.24,51.54,271.08,99.5,100.9,0,0.81,243.7,42.9,0.0034
"2029-03-18 08:00",0.83,123.94,280.52,93.6,100.9,0,0.882,246.1,107.8,0.0037
"2029-03-18 09:00",2.74,188.72,288.49,82.2,100.9,0,0.956,248.2,167.5,0.0038
"2029-03-18 10:00",4.4,241.53,295.59,73.5,100.9,0,1.03,250,215.6,0.0038
"2029-03-18 11:00",5.74,278.33,301.44,67.3,100.9,0,1.105,251.5,248.2,0.0038
"2029-03-18 12:00",6.72,292.76,305.74,63.2,100.9,0,1.154,250.1,261,0.0038
"2029-03-18 13:00",6.18,286.41,303.47,65.9,100.9,0,1.204,248.9,254.5,0.0038
"2029-03-18 14:00",6.51,259.53,304.98,64.8,101,0,1.255,247.8,229,0.0039
"2029-03-18 15:00",6.39,213.74,304.55,65.6,101,0,1.306,246.7,185.8,0.0039
"2029-03-18 16:00",5.85,151.95,302.25,68.5,101,0,1.357,245.7,127.8,0.0039
"2029-03-18 17:00",4.9,77.96,298.25,73.5,101,0,1.409,244.8,60.6,0.0039
"2029-03-18 18:00",3.61,0,292.81,80.9,101,0,1.461,244,0,0.0039
"2029-03-18 19:00",2.81,0,289.51,86,101.1,0,1.513,243.2,0,0.004
"2029-03-18 20:00",2.2,0,287.05,90.3,101.1,0,1.566,242.5,0,0.004
"2029-03-18 21:00",1.72,0,285.11,93.9,101.1,0,1.619,241.8,0,0.004
"2029-03-18 22:00",1.34,0,283.6,97,101.1,0,1.672,241.2,0,0.004
"2029-03-18 23:00",1.05,0,282.44,99.4,101.1,0,1.725,240.6,0,0.004
"2029-03-19 00:00",1.74,0,282.38,95.7,101.3,0,2.019,240,0,0.0041
"2029-03-19 01:00",1.38,0,280.91,98.6,101.3,0,2.08,239.5,0,0.0041
"2029-03-19 02:00",1.06,0,279.46,99.6,101.3,0,2.141,239,0,0.004
"2029-03-19 03:00",0.79,0,278.1,99.6,101.4,0,2.202,238.5,0,0.004
"2029-03-19 04:00",0.57,0,276.95,99.6,101.4,0,2.263,238,0,0.0039
"2029-03-19 05:00",0.37,0,275.98,99.6,101.4,0,2.325,237.6,0,0.0038
"2029-03-19 06:00",0.21,0,275.15,99.6,101.4,0,2.387,237.2,0,0.0038
"2029-03-19 07:00",1.02,62.64,279.26,99.6,101.4,0,2.448,236.8,44.5,0.004
"2029-03-19 08:00",3.07,144.08,288.41,90.4,101.5,0,2.51,236.5,114.3,0.0042
"2029-03-19 09:00",4.95,215,296.44,79.6,101.5,0,2.572,236.1,178.5,0.0042
"2029-03-19 10:00",6.6,270.94,303.57,71.3,101.5,0,2.634,235.8,228.9,0.0043
"2029-03-19 11:00",7.92,308.04,309.45,65.4,101.5,0,2.697,235.5,261.9,0.0043
"2029-03-19 12:00",8.88,325.16,313.72,61.4,101.5,0,2.633,235.9,275.7,0.0043
"2029-03-19 13:00",8.53,319.44,312.18,63,101.5,0,2.57,236.4,268.9,0.0043
"2029-03-19 14:00",8.82,290.85,313.49,61.9,101.5,0,2.507,237,241.5,0.0043
"2029-03-19 15:00",8.67,240.95,312.85,62.7,101.5,0,2.444,237.5,195,0.0043
"2029-03-19 16:00",8.09,172.73,310.33,65.3,101.5,0,2.382,238.1,132.2,0.0043
"2029-03-19 17:00",7.12,90.27,306.1,69.9,101.5,0,2.32,238.7,60.3,0.0043
"2029-03-19 18:00",5.81,0.11,300.43,76.6,101.5,0,2.258,239.3,0.1,0.0043
"2029-03-19 19:00",4.95,0,296.78,81.5,101.5,0,2.196,240,0,0.0043
"2029-03-19 20:00",4.31,0,294.06,85.4,101.5,0,2.135,240.7,0,0.0043
"2029-03-19 21:00",3.79,0,291.88,88.8,101.5,0,2.074,241.5,0,0.0044
"2029-03-19 22:00",3.37,0,290.14,91.6,101.5,0,2.013,242.3,0,0.0044
"2029-03-19 23:00",3.03,0,288.77,94,101.5,0,1.953,243.2,0,0.0044
"2029-03-20 00:00",3.31,0,284.13,92.5,101.5,0,1.772,244.1,0,0.0044
"2029-03-20 01:00",2.99,0,282.86,94.8,101.5,0,1.716,245,0,0.0044
"2029-03-20 02:00",2.73,0,281.79,96.7,101.5,0,1.662,246.1,0,0.0044
"2029-03-20 03:00",2.5,0,280.88,98.5,101.5,0,1.608,247.2,0,0.0044
"2029-03-20 04:00",2.3,0,280.04,99.5,101.5,0,1.554,248.3,0,0.0044
"2029-03-20 05:00",2.14,0,279.21,99.6,101.5,0,1.501,249.6,0,0.0043
"2029-03-20 06:00",1.99,0,278.49,99.6,101.5,0,1.45,250.9,0,0.0043
"2029-03-20 07:00",2.78,83.36,282.15,97.2,101.5,0,1.399,252.4,39.3,0.0044
"2029-03-20 08:00",4.57,186.75,289.56,85.8,101.5,0,1.349,253.9,108.2,0.0045
"2029-03-20 09:00",6.21,277.47,296.5,76.7,101.5,0,1.3,255.6,178.3,0.0045
"2029-03-20 10:00",7.64,349.65,302.62,69.7,101.5,0,1.252,257.4,231.8,0.0045
"2029-03-20 11:00",8.78,398.15,307.62,64.6,101.5,0,1.295,259.3,266.9,0.0045
"2029-03-20 12:00",9.6,407.86,311.21,61.1,101.5,0,1.13,258.2,282.8,0.0045
"2029-03-20 13:00",9.81,388.97,312.12,60.2,101.5,0,1.055,256.9,275.8,0.0045
"2029-03-20 14:00",9.93,343.92,312.66,59.7,101.5,0,0.981,255.5,246.5,0.0045
"2029-03-20 15:00",9.67,276.87,311.51,60.7,101.5,0,0.907,253.8,197.2,0.0045
"2029-03-20 16:00",9.04,193.27,308.72,63.3,101.5,0,0.834,251.8,132.3,0.0045
"2029-03-20 17:00",8.07,99.26,304.47,67.6,101.5,0,0.763,249.5,58.1,0.0045
"2029-03-20 18:00",6.79,1,298.99,73.7,101.5,0.1,0.693,246.7,1,0.0045
"2029-03-20 19:00",5.94,0,295.36,78.2,101.4,0.1,0.625,243.2,0,0.0045
"2029-03-20 20:00",5.3,0,292.63,81.7,101.4,0.1,0.56,238.9,0,0.0045
"2029-03-20 21:00",4.75,0,290.34,84.9,101.4,0.1,0.499,233.6,0,0.0045
"2029-03-20 22:00",4.3,0,288.43,87.6,101.4,0.1,0.443,226.8,0,0.0045
"2029-03-20 23:00",3.91,0,286.83,89.9,101.4,0.1,0.396,218.3,0,0.0045
"2029-03-21 00:00",3.2,0,316.77,97.2,101.3,0.1,0.325,207.7,0,0.0046
"2029-03-21 01:00",3.15,0,316.52,97.5,101.3,0.1,0.312,195.2,0,0.0046
"2029-03-21 02:00",3.11,0,316.31,97.8,101.3,0.1,0.31,181.8,0,0.0046
"2029-03-21 03:00",3.07,0,316.13,98,101.2,0.1,0.325,168.7,0,0.0046
"2029-03-21 04:00",3.03,0,315.97,98.2,101.2,0.1,0.373,157.2,0,0.0046
"2029-03-21 05:00",3.01,0,315.83,98.4,101.2,0.1,0.415,147.7,0,0.0046
"2029-03-21 06:00",2.98,0,315.7,98.5,101.2,0.1,0.466,140.1,0,0.0046
"2029-03-21 07:00",3.17,49.27,316.56,97.2,101.2,0.1,0.523,134.1,45.8,0.0046
"2029-03-21 08:00",3.54,102.99,318.26,94.6,101.2,0.1,0.584,129.3,98.7,0.0046
"2029-03-21 09:00",3.88,145.51,319.8,92.3,101.2,0.1,0.648,125.5,141.4,0.0046
"2029-03-21 10:00",4.16,174.87,321.12,90.5,101.2,0.2,0.714,122.4,171.4,0.0046
"2029-03-21 11:00",4.39,189.95,322.16,89,101.1,0.2,0.765,119.8,187.3,0.0046
"2029-03-21 12:00",4.54,201.96,322.77,87.6,101.1,0.2,0.771,111.5,198.7,0.0046
"2029-03-21 13:00",5.41,200.05,326.79,82,101.2,0.1,0.794,103.6,196.4,0.0045
"2029-03-21 14:00",5.24,183.89,325.9,82.5,101.2,0.1,0.831,96.2,179.9,0.0045
"2029-03-21 15:00",4.99,154.08,324.63,83.5,101.2,0.1,0.88,89.6,150.1,0.0045
"2029-03-21 16:00",4.66,112.24,322.99,85,101.2,0.1,0.94,83.8,108.4,0.0045
"2029-03-21 17:00",4.26,60.71,321.04,87,101.2,0.1,1.009,78.7,57.5,0.0044
"2029-03-21 18:00",3.79,1.64,318.82,89.4,101.2,0.1,1.085,74.4,1.6,0.0044
"2029-03-21 19:00",3.48,0,317.29,90.9,101.2,0.1,1.172,70.6,0,0.0044
"2029-03-21 20:00",3.22,0,316,92,101.2,0.1,1.259,67.3,0,0.0044
"2029-03-21 21:00",2.97,0,314.78,93.2,101.2,0.1,1.349,64.4,0,0.0043
"2029-03-21 22:00",2.74,0,313.62,94.2,101.2,0.1,1.443,61.9,0,0.0043
"2029-03-21 23:00",2.51,0,312.51,95.2,101.2,0.1,1.539,59.8,0,0.0043
"2029-03-22 00:00",0.68,0,277.06,99.6,101.3,0.1,1.793,57.8,0,0.0039
"2029-03-22 01:00",0.4,0,275.62,99.6,101.3,0.1,1.902,56.1,0,0.0038
"2029-03-22 02:00",0.15,0,274.42,99.5,101.3,0.1,2.012,54.6,0,0.0038
"2029-03-22 03:00",-0.05,0,273.39,99.5,101.3,0.1,2.124,53.2,0,0.0037
"2029-03-22 04:00",-0.23,0,272.52,99.5,101.3,0.1,2.237,52,0,0.0037
"2029-03-22 05:00",-0.38,0,271.79,99.6,101.3,0,2.351,50.9,0,0.0036
"2029-03-22 06:00",-0.51,0,271.17,99.6,101.3,0,2.466,49.9,0,0.0036
"2029-03-22 07:00",0.33,63.6,275.29,99.6,101.3,0,2.582,49,53,0.0038
"2029-03-22 08:00",1.93,135.85,282.28,91.9,101.3,0,2.698,48.2,118.8,0.004
"2029-03-22 09:00",3.4,200.01,288.28,82.3,101.3,0,2.814,47.4,178.3,0.0039
"2029-03-22 10:00",4.68,251.76,293.53,74.8,101.3,0,2.931,46.7,225.7,0.0039
"2029-03-22 11:00",5.7,287.23,297.79,69.2,101.3,0,3.049,46,257.4,0.0039
"2029-03-22 12:00",6.43,301.89,300.79,65.2,101.3,0,3.083,45.4,270.2,0.0039
"2029-03-22 13:00",7.35,295.88,304.62,60.6,101.4,0,3.118,44.9,263.8,0.0038
"2029-03-22 14:00",7.32,269.34,304.34,60.2,101.4,0,3.153,44.3,238.3,0.0038
"2029-03-22 15:00",6.94,223.79,302.57,61.1,101.4,0,3.188,43.8,195.1,0.0037
"2029-03-22 16:00",6.23,162.05,299.39,63.6,101.4,0,3.224,43.3,136.8,0.0037
"2029-03-22 17:00",5.22,87.92,294.93,67.5,101.4,0,3.26,42.8,68.8,0.0037
"2029-03-22 18:00",3.94,4.17,289.41,73.1,101.4,0,3.296,42.2,4,0.0036
"2029-03-22 19:00",2.98,0,285.33,77.5,101.5,0,3.332,41.8,0,0.0036
"2029-03-22 20:00",2.25,0,282.17,80.8,101.5,0,3.369,41.3,0,0.0036
"2029-03-22 21:00",1.6,0,279.42,83.7,101.5,0,3.406,40.8,0,0.0035
"2029-03-22 22:00",1.04,0,277.02,86.3,101.5,0,3.443,40.3,0,0.0035
"2029-03-22 23:00",0.55,0,274.91,88.5,101.5,0,3.48,39.9,0,0.0034
"2029-03-23 00:00",-0.8,0,265.21,94,101.7,0,3.353,39.4,0,0.0033
"2029-03-23 01:00",-1,0,264.32,94.4,101.7,0,3.389,39,0,0.0033
"2029-03-23 02:00",-1.17,0,263.54,94.5,101.7,0,3.425,38.6,0,0.0032
"2029-03-23 03:00",-1.31,0,262.86,94.5,101.7,0,3.461,38.2,0,0.0032
"2029-03-23 04:00",-1.44,0,262.25,94.3,101.7,0,3.498,37.8,0,0.0032
"2029-03-23 05:00",-1.54,0,261.72,94,101.7,0,3.535,37.4,0,0.0031
"2029-03-23 06:00",-1.63,0,261.24,93.5,101.8,0,3.571,37,0,0.0031
"2029-03-23 07:00",-0.95,81.85,263.75,87.9,101.8,0,3.608,36.6,52.7,0.0031
"2029-03-23 08:00",0.24,169.49,268.26,79.7,101.8,0,3.646,36.2,126.3,0.003
"2029-03-23 09:00",1.33,246.14,272.4,72.8,101.8,0,3.683,35.9,193.2,0.003
"2029-03-23 10:00",2.26,306.79,275.98,67.3,101.8,0,3.72,35.5,245.6,0.003
"2029-03-23 11:00",3.01,347.16,278.82,63.1,101.8,0,3.758,35.1,279.6,0.0029
"2029-03-23 12:00",3.52,358.23,280.86,60.6,101.8,0,3.766,34.9,292,0.0029
"2029-03-23 13:00",4.23,344.91,283.72,57.4,101.8,0,3.773,34.7,282.8,0.0029
"2029-03-23 14:00",4.16,308.61,283.36,57.4,101.8,0,3.781,34.4,253.1,0.0029
"2029-03-23 15:00",3.83,252.28,281.95,58.6,101.8,0,3.788,34.2,204.8,0.0029
"2029-03-23 16:00",3.24,180.12,279.54,60.8,101.8,0,3.796,34,141.6,0.0029
"2029-03-23 17:00",2.43,97.13,276.23,64.1,101.7,0,3.804,33.8,70.3,0.0029
"2029-03-23 18:00",1.43,6.71,272.18,68.6,101.7,0,3.812,33.5,6.5,0.0028
"2029-03-23 19:00",0.74,0,269.39,71.9,101.7,0,3.82,33.3,0,0.0028
"2029-03-23 20:00",0.22,0,267.34,74.3,101.7,0,3.828,33.1,0,0.0028
"2029-03-23 21:00",-0.23,0,265.53,76.4,101.7,0,3.836,32.9,0,0.0028
"2029-03-23 22:00",-0.62,0,263.94,78.3,101.7,0,3.844,32.6,0,0.0028
"2029-03-23 23:00",-0.98,0,262.53,80,101.7,0,3.852,32.4,0,0.0028
"2029-03-24 00:00",-1.73,0,280.61,86.8,101.5,0,3.796,32.2,0,0.0029
"2029-03-24 01:00",-1.83,0,280.11,87.1,101.5,0,3.805,32,0,0.0028
"2029-03-24 02:00",-1.93,0,279.68,87.3,101.5,0,3.813,31.7,0,0.0028
"2029-03-24 03:00",-2.01,0,279.3,87.5,101.5,0,3.821,31.5,0,0.0028
"2029-03-24 04:00",-2.07,0,278.97,87.6,101.5,0,3.829,31.3,0,0.0028
"2029-03-24 05:00",-2.13,0,278.68,87.6,101.5,0,3.838,31.1,0,0.0028
"2029-03-24 06:00",-2.47,0,277.24,89.4,101.4,0,3.846,30.9,0,0.0028
"2029-03-24 07:00",-1.76,66.48,280.12,84.5,101.4,0,3.855,30.7,57.4,0.0028
"2029-03-24 08:00",-1.08,132,282.9,80,101.4,0,3.863,30.4,119.7,0.0028
"2029-03-24 09:00",-0.46,186.68,285.43,76.1,101.4,0,3.872,30.2,173,0.0028
"2029-03-24 10:00",0.08,227.37,287.61,72.9,101.4,0,3.88,30,213,0.0027
"2029-03-24 11:00",0.49,251.75,289.32,70.5,101.4,0,3.889,29.8,237.3,0.0027
"2029-03-24 12:00",0.78,263.02,290.49,68.8,101.3,0.1,3.891,29.8,248,0.0027
"2029-03-24 13:00",2.06,256.58,295.9,62.5,101.3,0.1,3.894,29.8,241.6,0.0027
"2029-03-24 14:00",1.84,232.79,294.9,63.3,101.3,0.1,3.896,29.9,218.6,0.0027
"2029-03-24 15:00",1.46,193.17,293.26,64.8,101.3,0.1,3.899,29.9,180.3,0.0027
"2029-03-24 16:00",0.95,140.32,291.02,67,101.3,0.1,3.901,29.9,129.3,0.0027
"2029-03-24 17:00",0.3,77.6,288.24,69.9,101.3,0.2,3.904,29.9,69.3,0.0027
"2029-03-24 18:00",-0.45,7.27,285.02,73.5,101.3,0.2,3.906,29.9,7,0.0027
"2029-03-24 19:00",-1.02,0,282.63,76.4,101.3,0.2,3.909,29.9,0,0.0027
"2029-03-24 20:00",-1.46,0,280.73,78.6,101.3,0.2,3.911,30,0,0.0027
"2029-03-24 21:00",-1.88,0,278.98,80.8,101.2,0.2,3.914,30,0,0.0026
"2029-03-24 22:00",-2.26,0,277.35,82.8,101.2,0.2,3.916,30,0,0.0026
"2029-03-24 23:00",-2.62,0,275.83,84.7,101.2,0.3,3.919,30,0,0.0026
"2029-03-25 00:00",-4.93,0,262.65,97.4,101.3,0.3,3.733,30,0,0.0025
"2029-03-25 01:00",-5.11,0,261.89,98.2,101.2,0.3,3.735,30.1,0,0.0025
"2029-03-25 02:00",-5.27,0,261.16,98.4,101.2,0.3,3.738,30.1,0,0.0025
"2029-03-25 03:00",-5.4,0,260.54,98.5,101.2,0.3,3.74,30.1,0,0.0025
"2029-03-25 04:00",-5.51,0,260.01,98.5,101.2,0.3,3.743,30.1,0,0.0025
"2029-03-25 05:00",-5.61,0,259.56,98.6,101.2,0.4,3.745,30.1,0,0.0024
"2029-03-25 06:00",-6.12,0,257.22,99.2,101.2,0.4,3.748,30.2,0,0.0024
"2029-03-25 07:00",-4.97,71.79,262.22,95.1,101.2,0.4,3.75,30.2,60.6,0.0025
"2029-03-25 08:00",-3.87,141.81,266.5,87.2,101.2,0.4,3.753,30.2,125.8,0.0025
"2029-03-25 09:00",-2.87,202.53,270.44,80.6,101.2,0.4,3.755,30.2,183.2,0.0025
"2029-03-25 10:00",-2.01,250.01,273.84,75.3,101.1,0.4,3.758,30.2,228,0.0024
"2029-03-25 11:00",-1.34,281,276.54,71.4,101.1,0.5,3.76,30.2,257,0.0024
"2029-03-25 12:00",-0.87,287.58,278.51,69.4,101.1,0.5,3.816,30.3,265,0.0024
"2029-03-25 13:00",-1.16,274.89,277.38,71.2,101.1,0.5,3.871,30.3,254.5,0.0025
"2029-03-25 14:00",-1.06,244.46,277.85,71.1,101.1,0.5,3.927,30.4,227,0.0025
"2029-03-25 15:00",-1.2,198.96,277.35,72.2,101.1,0.5,3.983,30.4,184.7,0.0025
"2029-03-25 16:00",-1.57,142,275.91,74.6,101,0.5,4.038,30.4,131,0.0025
"2029-03-25 17:00",-2.15,77.7,273.64,78.3,101,0.5,4.094,30.5,70.2,0.0025
"2029-03-25 18:00",-2.9,8.91,270.65,83.2,101,0.5,4.15,30.5,8.5,0.0025
"2029-03-25 19:00",-3.39,0,268.76,86.8,101,0.5,4.205,30.5,0,0.0025
"2029-03-25 20:00",-3.68,0,267.66,89.2,100.9,0.4,4.261,30.6,0,0.0026
"2029-03-25 21:00",-3.92,0,266.79,91.2,100.9,0.4,4.317,30.6,0,0.0026
"2029-03-25 22:00",-4.1,0,266.12,93,100.9,0.4,4.372,30.6,0,0.0026
"2029-03-25 23:00",-4.25,0,265.6,94.5,100.9,0.4,4.428,30.7,0,0.0026
"2029-03-26 00:00",-4.11,0,281.04,97.2,100.8,0.4,4.751,30.7,0,0.0027
"2029-03-26 01:00",-4.26,0,280.45,98.3,100.8,0.4,4.81,30.7,0,0.0027
"2029-03-26 02:00",-4.38,0,279.94,99.1,100.8,0.4,4.869,30.7,0,0.0027
"2029-03-26 03:00",-4.48,0,279.43,99.3,100.7,0.4,4.928,30.8,0,0.0027
"2029-03-26 04:00",-4.57,0,278.99,99.4,100.7,0.4,4.987,30.8,0,0.0027
"2029-03-26 05:00",-4.65,0,278.61,99.5,100.7,0.4,5.047,30.8,0,0.0027
"2029-03-26 06:00",-5.02,0.2,276.73,99.5,100.7,0.4,5.106,30.8,0.2,0.0026
"2029-03-26 07:00",-4.08,44.91,281.45,99.1,100.7,0.4,5.165,30.9,44.4,0.0028
"2029-03-26 08:00",-3.19,84.48,285.43,94.3,100.6,0.4,5.224,30.9,84.1,0.0028
"2029-03-26 09:00",-2.38,116.36,288.94,89.2,100.6,0.4,5.283,30.9,116,0.0028
"2029-03-26 10:00",-1.69,138.89,291.96,85.2,100.6,0.4,5.342,30.9,138.6,0.0028
"2029-03-26 11:00",-1.14,151.03,294.36,82.3,100.6,0.4,5.402,31,150.8,0.0029
"2029-03-26 12:00",-0.77,161.1,296.02,80.4,100.6,0.4,5.431,31.1,160.8,0.0029
"2029-03-26 13:00",-1.88,160.55,291.29,87.6,100.6,0.4,5.461,31.2,160.2,0.0029
"2029-03-26 14:00",-1.65,148.92,292.32,86.5,100.5,0.4,5.491,31.3,148.5,0.0029
"2029-03-26 15:00",-1.62,126.51,292.52,86.7,100.5,0.4,5.52,31.4,126,0.0029
"2029-03-26 16:00",-1.78,94.42,291.9,88.1,100.5,0.4,5.55,31.5,93.9,0.0029
"2029-03-26 17:00",-2.1,54.41,290.57,90.6,100.5,0.3,5.58,31.6,53.8,0.0029
"2029-03-26 18:00",-2.57,7.76,288.61,94.2,100.5,0.3,5.609,31.7,7.7,0.0029
"2029-03-26 19:00",-2.81,0,287.65,96.3,100.5,0.3,5.639,31.9,0,0.003
"2029-03-26 20:00",-2.87,0,287.45,97.2,100.5,0.3,5.669,32,0,0.003
"2029-03-26 21:00",-2.89,0,287.43,97.7,100.5,0.3,5.699,32.1,0,0.003
"2029-03-26 22:00",-2.86,0,287.57,98,100.5,0.3,5.729,32.2,0,0.003
"2029-03-26 23:00",-2.81,0,287.84,98,100.5,0.3,5.758,32.3,0,0.003
"2029-03-27 00:00",-1.79,0,292.57,92.4,100.4,0.3,6.013,32.4,0,0.0031
"2029-03-27 01:00",-1.89,0,292.21,93.4,100.4,0.2,6.044,32.5,0,0.0031
"2029-03-27 02:00",-1.97,0,291.9,94.4,100.4,0.2,6.075,32.6,0,0.0031
"2029-03-27 03:00",-2.04,0,291.65,95.3,100.4,0.2,6.106,32.7,0,0.0031
"2029-03-27 04:00",-2.1,0,291.43,96.1,100.4,0.2,6.137,32.8,0,0.0031
"2029-03-27 05:00",-2.16,0,291.26,96.9,100.4,0.2,6.168,32.9,0,0.0031
"2029-03-27 06:00",-2.39,1.49,290.28,98.9,100.4,0.2,6.199,33,1.5,0.0031
"2029-03-27 07:00",-1.72,65.57,293.24,94.5,100.4,0.2,6.23,33.1,60.6,0.0032
"2029-03-27 08:00",-1.08,126.45,296.07,90.6,100.4,0.1,6.261,33.1,119,0.0032
"2029-03-27 09:00",-0.5,180.91,298.65,87.2,100.3,0.1,6.293,33.2,171.3,0.0032
"2029-03-27 10:00",-0.01,225.11,300.86,84.3,100.3,0.1,6.324,33.3,213.3,0.0032
"2029-03-27 11:00",0.37,255.69,302.6,82.5,100.3,0.1,6.355,33.4,241.9,0.0032
"2029-03-27 12:00",0.63,269.06,303.74,81,100.3,0.1,6.285,33.4,254,0.0032
"2029-03-27 13:00",0.66,264.8,303.87,80.8,100.3,0.1,6.216,33.5,249.1,0.0032
"2029-03-27 14:00",0.65,242.8,303.85,80.8,100.3,0.1,6.146,33.5,227.2,0.0032
"2029-03-27 15:00",0.51,204.18,303.2,81.7,100.3,0.1,6.076,33.5,189.4,0.0032
"2029-03-27 16:00",0.23,151.2,301.97,83.3,100.4,0.1,6.007,33.5,137.9,0.0032
"2029-03-27 17:00",-0.17,87.07,300.2,85.7,100.4,0.1,5.937,33.5,76.3,0.0032
"2029-03-27 18:00",-0.68,14.22,297.99,89,100.4,0.1,5.868,33.5,13.5,0.0032
"2029-03-27 19:00",-1.01,0,296.54,91.2,100.4,0.1,5.798,33.6,0,0.0032
"2029-03-27 20:00",-1.19,0,295.73,92.4,100.4,0.1,5.728,33.6,0,0.0032
"2029-03-27 21:00",-1.35,0,295.04,93.5,100.4,0.1,5.659,33.6,0,0.0032
"2029-03-27 22:00",-1.49,0,294.46,94.4,100.4,0.1,5.589,33.6,0,0.0032
"2029-03-27 23:00",-1.6,0,293.97,95.2,100.4,0.1,5.519,33.6,0,0.0032
"2029-03-28 00:00",-1.26,0,271.76,88.8,100.4,0.1,5.447,33.6,0,0.0031
"2029-03-28 01:00",-1.42,0,271.1,89.9,100.4,0,5.378,33.7,0,0.0031
"2029-03-28 02:00",-1.57,0,270.53,90.9,100.4,0,5.308,33.7,0,0.0031
"2029-03-28 03:00",-1.69,0,270.05,91.7,100.4,0,5.239,33.7,0,0.0031
"2029-03-28 04:00",-1.79,0,269.64,92.4,100.4,0,5.169,33.7,0,0.0031
"2029-03-28 05:00",-1.88,0,269.29,93,100.4,0,5.099,33.7,0,0.0031
"2029-03-28 06:00",-2.21,4.4,267.96,95.3,100.4,0,5.03,33.8,4.3,0.0031
"2029-03-28 07:00",-1.18,87.66,272.06,88.4,100.4,0,4.96,33.8,69.6,0.0031
"2029-03-28 08:00",-0.2,164.95,276.01,82.1,100.4,0,4.891,33.8,139.3,0.0031
"2029-03-28 09:00",0.69,233.05,279.63,77.1,100.4,0,4.821,33.8,201.4,0.0031
"2029-03-28 10:00",1.45,287.3,282.75,73,100.4,0,4.752,33.9,250.1,0.0031
"2029-03-28 11:00",2.05,323.77,285.22,69.9,100.5,0,4.682,33.9,282.1,0.0031
"2029-03-28 12:00",2.46,344.15,287.05,68.5,100.5,0,4.552,33.5,296.8,0.0031
"2029-03-28 13:00",3,342.2,289.4,66.5,100.5,0,4.422,33,290.9,0.0031
"2029-03-28 14:00",2.94,317.09,289.25,67.3,100.5,0,4.292,32.5,264.2,0.0031
"2029-03-28 15:00",2.66,269.63,288.2,69.2,100.5,0,4.162,32,217.5,0.0032
"2029-03-28 16:00",2.18,202.23,286.31,72.2,100.6,0,4.033,31.5,153.4,0.0032
"2029-03-28 17:00",1.52,118.67,283.66,76.3,100.6,0,3.905,30.9,78.8,0.0032
"2029-03-28 18:00",0.7,22.07,280.38,81.6,100.6,0,3.776,30.2,17.4,0.0032
"2029-03-28 19:00",0.06,0,277.87,85.9,100.6,0,3.649,29.6,0,0.0033
"2029-03-28 20:00",-0.36,0,276.25,89.4,100.6,0,3.521,28.9,0,0.0033
"2029-03-28 21:00",-0.73,0,274.84,92.7,100.6,0,3.395,28.1,0,0.0033
"2029-03-28 22:00",-1.06,0,273.61,95.7,100.7,0,3.269,27.3,0,0.0033
"2029-03-28 23:00",-1.35,0,272.52,98.3,100.7,0,3.144,26.4,0,0.0034
"2029-03-29 00:00",-0.48,0,260.08,96,100.8,0,2.839,25.4,0,0.0035
"2029-03-29 01:00",-0.96,0,258.28,99.3,100.8,0,2.723,24.3,0,0.0035
"2029-03-29 02:00",-1.35,0,256.48,99.5,100.8,0,2.609,23.2,0,0.0034
"2029-03-29 03:00",-1.68,0,254.95,99.5,100.8,0,2.495,22,0,0.0033
"2029-03-29 04:00",-1.96,0,253.67,99.5,100.8,0,2.383,20.6,0,0.0032
"2029-03-29 05:00",-2.2,0,252.6,99.5,100.9,0,2.272,19.1,0,0.0032
"2029-03-29 06:00",-2.93,11.57,249.29,99.5,100.9,0,2.313,17.4,11.3,0.003
"2029-03-29 07:00",-0.65,143.07,259.7,99.5,100.9,0,2.199,15.6,55.5,0.0036
"2029-03-29 08:00",1.52,266.39,268.52,88.2,100.9,0,2.087,13.6,101.6,0.0037
"2029-03-29 09:00",3.51,376.45,276.48,77,100.9,0,1.979,11.3,173,0.0037
"2029-03-29 10:00",5.25,465.5,283.58,68.7,101,0,1.753,8.8,226,0.0038
"2029-03-29 11:00",6.66,526.76,289.48,62.7,101,0,1.659,6,255.7,0.0038
"2029-03-29 12:00",7.7,547.13,293.79,58.3,101,0,1.576,5.8,269,0.0038
"2029-03-29 13:00",7.67,532.17,293.58,58.3,101,0,1.493,5.6,259.2,0.0038
"2029-03-29 14:00",7.98,482.9,294.89,56.9,101,0,1.411,5.3,226.3,0.0038
"2029-03-29 15:00",7.86,402.64,294.35,57.2,101,0,1.329,5,170.5,0.0037
"2029-03-29 16:00",7.31,296.79,292,59.3,101.1,0,1.24,4.7,100.2,0.0037
"2029-03-29 17:00",6.34,172.29,287.98,63.2,101.1,0,1.158,4.4,62.6,0.0037
"2029-03-29 18:00",5.01,34.82,282.5,69.1,101.1,0,1.077,4,26.4,0.0037
"2029-03-29 19:00",3.69,0,277.13,75.7,101.1,0,0.995,3.5,0,0.0037
"2029-03-29 20:00",2.68,0,273.1,81.1,101.1,0,0.935,2.9,0,0.0037
"2029-03-29 21:00",1.86,0,269.83,85.8,101.1,0,0.852,2.2,0,0.0037
"2029-03-29 22:00",1.19,0,267.18,89.8,101.1,0,0.769,1.4,0,0.0037
"2029-03-29 23:00",0.65,0,265.04,93.1,101.2,0,0.652,0.4,0,0.0037
"2029-03-30 00:00",0.13,0,250.28,93.6,101.2,0,0.735,358.2,0,0.0035
"2029-03-30 01:00",-0.22,0,248.96,95.8,101.2,0,0.636,356.3,0,0.0035
"2029-03-30 02:00",-0.52,0,247.85,97.6,101.3,0,0.539,353.6,0,0.0035
"2029-03-30 03:00",-0.77,0,246.92,99.2,101.3,0,0.437,349.7,0,0.0035
"2029-03-30 04:00",-0.98,0,246.02,99.5,101.3,0,0.354,343.4,0,0.0035
"2029-03-30 05:00",-1.16,0,245.24,99.5,101.3,0,0.272,332.3,0,0.0034
"2029-03-30 06:00",-1.65,18.27,243.09,99.5,101.3,0,0.205,310.3,16.6,0.0033
"2029-03-30 07:00",0.16,159.5,250.21,91.7,101.3,0,0.177,272.6,60.8,0.0035
"2029-03-30 08:00",1.89,287.88,256.56,80.8,101.3,0,0.21,239.8,91.1,0.0035
"2029-03-30 09:00",3.46,398.5,262.45,72.1,101.4,0,0.285,222.6,157,0.0035
"2029-03-30 10:00",4.82,484.16,267.62,65.3,101.4,0,0.372,213.6,215.2,0.0035
"2029-03-30 11:00",5.92,539.11,271.85,60.4,101.4,0,0.465,208.3,251.4,0.0034
"2029-03-30 12:00",6.71,552.19,274.95,57.2,101.4,0,0.377,211,271.2,0.0034
"2029-03-30 13:00",7.47,529.85,277.97,54.3,101.4,0,0.293,215.4,267.4,0.0034
"2029-03-30 14:00",7.52,474.5,278.16,54.1,101.4,0,0.213,223.7,240.2,0.0034
"2029-03-30 15:00",7.21,390.73,276.94,55.3,101.3,0,0.146,243.7,189.9,0.0034
"2029-03-30 16:00",6.56,284.9,274.36,57.8,101.3,0,0.124,293.8,118.9,0.0034
"2029-03-30 17:00",5.58,164.53,270.54,61.9,101.3,0,0.172,337.3,59.1,0.0035
"2029-03-30 18:00",4.31,35.82,265.65,67.7,101.3,0,0.241,353.6,26.2,0.0035
"2029-03-30 19:00",3.12,0,261.12,73.6,101.3,0,0.321,0.8,0,0.0035
"2029-03-30 20:00",2.24,0,257.8,78.4,101.3,0,0.405,4.7,0,0.0035
"2029-03-30 21:00",1.48,0,255,82.8,101.3,0,0.492,7.2,0,0.0035
"2029-03-30 22:00",0.84,0,252.62,86.7,101.3,0,0.581,8.9,0,0.0035
"2029-03-30 23:00",0.29,0,250.59,90.2,101.3,0,0.67,10.1,0,0.0035
"2029-03-31 00:00",-0.37,0,266.54,95.6,101.1,0,0.696,11.4,0,0.0035
"2029-03-31 01:00",-0.76,0,264.99,98.4,101.1,0,0.778,12.1,0,0.0035
"2029-03-31 02:00",-1.1,0,263.55,99.6,101.1,0,0.861,12.6,0,0.0035
"2029-03-31 03:00",-1.38,0,262.22,99.5,101.1,0,0.993,13,0,0.0034
"2029-03-31 04:00",-1.61,0,261.11,99.5,101.1,0,1.081,13.4,0,0.0033
"2029-03-31 05:00",-1.81,0,260.18,99.6,101.1,0,1.168,13.7,0,0.0033
"2029-03-31 06:00",-2.28,17.3,258.01,99.6,101.1,0,1.256,13.9,14.7,0.0032
"2029-03-31 07:00",-0.27,116.89,266.93,95.1,101.1,0,1.312,14.1,73.7,0.0035
"2029-03-31 08:00",1.64,204.14,274.49,82.9,101.1,0,1.398,14.3,150.6,0.0035
"2029-03-31 09:00",3.38,275.98,281.51,73.3,101.1,0,1.483,14.5,217.6,0.0035
"2029-03-31 10:00",4.89,328.23,287.7,65.9,101,0,1.569,14.7,268,0.0035
"2029-03-31 11:00",6.1,358.07,292.77,60.6,101,0,1.655,14.8,298.7,0.0035
"2029-03-31 12:00",6.98,371.81,296.46,57,101,0,1.656,14.2,310.7,0.0035
"2029-03-31 13:00",6.7,361.94,295.28,58,101,0,1.657,13.7,301.7,0.0035
"2029-03-31 14:00",6.97,329.07,296.38,56.9,101,0,1.658,13.1,272.3,0.0035
"2029-03-31 15:00",6.84,275.39,295.83,57.4,101,0,1.66,12.5,224.1,0.0035
"2029-03-31 16:00",6.33,204.47,293.66,59.4,101,0,1.662,12,160.3,0.0035
"2029-03-31 17:00",5.46,120.95,290.01,63.1,101,0,1.663,11.4,86.6,0.0035
"2029-03-31 18:00",4.26,28.9,285.07,68.5,101.1,0,1.665,10.9,20.4,0.0035
"2029-03-31 19:00",3.13,0,280.42,74.1,101.1,0,1.668,10.3,0,0.0035
"2029-03-31 20:00",2.34,0,277.21,78.4,101.1,0,1.67,9.8,0,0.0035
"2029-03-31 21:00",1.7,0,274.62,82,101.1,0,1.672,9.2,0,0.0035
"2029-03-31 22:00",1.18,0,272.54,85,101.1,0,1.715,8.7,0,0.0035
"2029-03-31 23:00",0.76,0,270.89,87.5,101.1,0,1.717,8.1,0,0.0035
"2029-04-01 00:00",0.59,0,258.84,90.3,101.1,0,1.418,7.6,0,0.0035
"2029-04-01 01:00",0.29,0,257.66,92.3,101.1,0,1.42,7,0,0.0035
"2029-04-01 02:00",0.02,0,256.67,93.9,101.1,0,1.423,6.5,0,0.0035
"2029-04-01 03:00",-0.2,0,255.84,95.4,101.1,0,1.426,5.9,0,0.0035
"2029-04-01 04:00",-0.38,0,255.13,96.6,101.1,0,1.463,5.4,0,0.0035
"2029-04-01 05:00",-0.54,0,254.53,97.6,101.1,0,1.466,4.9,0,0.0035
"2029-04-01 06:00",-0.84,20.57,253.3,98.8,101.1,0,1.47,4.3,16.5,0.0035
"2029-04-01 07:00",0.78,118,259.48,88.6,101.1,0,1.473,3.8,78.2,0.0035
"2029-04-01 08:00",2.32,207.11,265.34,79.3,101.1,0,1.477,3.3,153.7,0.0035
"2029-04-01 09:00",3.71,284.03,270.76,71.8,101.1,0,1.481,2.8,220.9,0.0035
"2029-04-01 10:00",4.92,343.69,275.49,65.9,101.1,0,1.484,2.3,272.7,0.0035
"2029-04-01 11:00",5.88,382.04,279.32,61.6,101.1,0,1.489,1.7,305.6,0.0035
"2029-04-01 12:00",6.57,392.29,282.02,58.4,101.1,0,1.501,2.2,317.1,0.0035
"2029-04-01 13:00",7.47,377.79,285.57,54.5,101.1,0,1.513,2.6,307,0.0035
"2029-04-01 14:00",7.45,339.97,285.4,54.3,101.1,0,1.526,3,276.3,0.0034
"2029-04-01 15:00",7.11,281.82,283.94,55.2,101.1,0,1.538,3.4,227,0.0034
"2029-04-01 16:00",6.45,207.59,281.24,57.4,101.2,0,1.515,3.8,162.6,0.0034
"2029-04-01 17:00",5.52,122.47,277.4,60.9,101.2,0,1.528,4.2,89,0.0034
"2029-04-01 18:00",4.32,31,272.6,65.7,101.2,0,1.54,4.5,21.7,0.0034
"2029-04-01 19:00",3.19,0,268.12,70.7,101.2,0,1.553,4.9,0,0.0033
"2029-04-01 20:00",2.38,0,264.9,74.5,101.2,0,1.566,5.3,0,0.0033
"2029-04-01 21:00",1.68,0,262.13,77.8,101.2,0,1.578,5.6,0,0.0033
"2029-04-01 22:00",1.07,0,259.75,80.7,101.2,0,1.591,6,0,0.0033
"2029-04-01 23:00",0.54,0,257.69,83.3,101.2,0,1.604,6.3,0,0.0033
"2029-04-02 00:00",-0.89,0,262.33,90.2,101.2,0,1.956,6.7,0,0.0032
"2029-04-02 01:00",-1.1,0,261.41,91,101.3,0,1.971,7,0,0.0032
"2029-04-02 02:00",-1.29,0,260.62,91.7,101.3,0,1.987,7.3,0,0.0031
"2029-04-02 03:00",-1.45,0,259.95,92.1,101.3,0,2.142,7.7,0,0.0031
"2029-04-02 04:00",-1.58,0,259.36,92.4,101.3,0,2.159,8,0,0.0031
"2029-04-02 05:00",-1.69,0,258.86,92.5,101.3,0,2.176,8.3,0,0.0031
"2029-04-02 06:00",-1.86,18.05,258.14,93,101.3,0,2.193,8.6,16.8,0.003
"2029-04-02 07:00",-0.66,88.47,262.65,84.6,101.3,0,2.211,8.9,79.1,0.003
"2029-04-02 08:00",0.47,151.28,266.96,77.4,101.3,0,2.228,9.2,139.8,0.003
"2029-04-02 09:00",1.5,203.8,270.9,71.4,101.3,0,2.246,9.5,191.1,0.003
"2029-04-02 10:00",2.37,242.84,274.3,66.5,101.3,0,2.263,9.8,229.4,0.003
"2029-04-02 11:00",3.07,266.06,277.01,62.9,101.3,0,2.281,10.1,252.6,0.0029
"2029-04-02 12:00",3.57,290.23,278.93,60.4,101.4,0,2.181,8.8,272.1,0.0029
"2029-04-02 13:00",5.22,296.36,285.59,53.6,101.4,0,2.083,7.3,273.8,0.0029
"2029-04-02 14:00",5,282.32,284.63,54.2,101.4,0,1.986,5.8,255.8,0.0029
"2029-04-02 15:00",4.54,247.44,282.7,55.7,101.4,0,1.892,4,218.1,0.0029
"2029-04-02 16:00",3.85,192.69,279.85,58.1,101.4,0,1.674,2.1,162,0.0029
"2029-04-02 17:00",2.95,120.6,276.17,61.7,101.4,0,1.59,359.9,91.5,0.0029
"2029-04-02 18:00",1.86,34.1,271.79,66.3,101.4,0,1.509,357.6,22.9,0.0028
"2029-04-02 19:00",0.84,0,267.73,71,101.4,0,1.464,354.9,0,0.0028
"2029-04-02 20:00",0.09,0,264.74,74.6,101.4,0,1.319,352,0,0.0028
"2029-04-02 21:00",-0.59,0,262.07,78,101.4,0,1.231,348.8,0,0.0028
"2029-04-02 22:00",-1.2,0,259.67,81.2,101.4,0,1.254,345.2,0,0.0028
"2029-04-02 23:00",-1.76,0,257.5,84.2,101.4,0,1.194,341.1,0,0.0028
"2029-04-03 00:00",-2.88,0,219.36,84.5,101.5,0,0.857,336.6,0,0.0026
"2029-04-03 01:00",-3.4,0,217.62,87.4,101.5,0,0.822,331.7,0,0.0025
"2029-04-03 02:00",-3.84,0,216.16,89.9,101.5,0,0.795,326.5,0,0.0025
"2029-04-03 03:00",-4.2,0,214.95,92,101.6,0,0.775,320.8,0,0.0025
"2029-04-03 04:00",-4.51,0,213.93,93.6,101.6,0,0.763,314.9,0,0.0025
"2029-04-03 05:00",-4.76,0,213.07,95,101.6,0,0.76,308.9,0,0.0025
"2029-04-03 06:00",-5.06,45.94,212.07,96.7,101.6,0,0.766,302.7,33.1,0.0025
"2029-04-03 07:00",-2.7,207.64,219.59,80.6,101.6,0,0.726,296.7,74.2,0.0025
"2029-04-03 08:00",-0.46,363.85,226.92,67.9,101.6,0,0.746,290.9,97.6,0.0025
"2029-04-03 09:00",1.59,506.05,233.76,58.3,101.6,0,0.772,285.5,115.2,0.0024
"2029-04-03 10:00",3.37,623.7,239.84,51.1,101.6,0,0.805,280.4,128.8,0.0024
"2029-04-03 11:00",4.83,707.32,244.88,45.9,101.6,0,0.844,275.7,138.4,0.0024
"2029-04-03 12:00",5.91,717.21,248.83,43,101.6,0,0.873,270.7,141.6,0.0024
"2029-04-03 13:00",6.57,682.54,251.32,41.6,101.6,0,0.909,266,143.3,0.0025
"2029-04-03 14:00",6.52,607.4,251.27,42.2,101.6,0,0.95,261.7,135.6,0.0025
"2029-04-03 15:00",6.36,498.51,250.8,43.1,101.6,0,0.996,257.8,115.8,0.0025
"2029-04-03 16:00",5.76,364.64,248.76,45.5,101.5,0,1.045,254.3,95.8,0.0026
"2029-04-03 17:00",4.74,215.7,245.27,49.3,101.5,0,1.098,251.1,74.2,0.0026
"2029-04-03 18:00",3.34,60.49,240.49,55,101.5,0,1.155,248.2,38.6,0.0026
"2029-04-03 19:00",1.8,0,235.27,62,101.5,0,1.213,245.6,0,0.0026
"2029-04-03 20:00",0.57,0,231.19,68.5,101.5,0.1,1.274,243.3,0,0.0027
"2029-04-03 21:00",-0.45,0,227.87,74.5,101.5,0.1,1.337,241.2,0,0.0027
"2029-04-03 22:00",-1.29,0,225.18,80,101.4,0.1,1.401,239.2,0,0.0027
"2029-04-03 23:00",-1.98,0,222.99,85.1,101.4,0.1,1.467,237.5,0,0.0028
"2029-04-04 00:00",-2.67,0,247.91,98.5,101.3,0.1,1.911,235.9,0,0.003
"2029-04-04 01:00",-3.12,0,246.02,99.5,101.3,0.1,1.996,234.5,0,0.003
"2029-04-04 02:00",-3.49,0,244.35,99.5,101.3,0.1,2.082,233.2,0,0.0029
"2029-04-04 03:00",-3.81,0,242.96,99.5,101.3,0.1,2.169,231.9,0,0.0028
"2029-04-04 04:00",-4.07,0,241.8,99.5,101.2,0.1,2.257,230.8,0,0.0028
"2029-04-04 05:00",-4.29,0,240.83,99.5,101.2,0.1,2.346,229.8,0,0.0027
"2029-04-04 06:00",-4.46,33.04,240.09,99.5,101.2,0.1,2.436,228.8,22.7,0.0027
"2029-04-04 07:00",-2.35,127.32,249.47,99.5,101.2,0.1,2.526,227.9,87.7,0.0031
"2029-04-04 08:00",-0.34,207.38,257.42,89.6,101.2,0.1,2.617,227.1,162.9,0.0033
"2029-04-04 09:00",1.48,269.91,264.49,79.2,101.1,0.1,2.708,226.3,225.8,0.0033
"2029-04-04 10:00",3.07,311.78,270.74,71.4,101.1,0.1,2.8,225.6,270.3,0.0033
"2029-04-04 11:00",4.35,331.42,275.91,65.8,101.1,0.1,2.892,224.9,294.4,0.0034
"2029-04-04 12:00",5.28,343.53,279.69,61.9,101.1,0.1,2.881,225.4,305.3,0.0034
"2029-04-04 13:00",5.84,334.52,281.97,59.8,101.1,0.1,2.871,225.9,296.7,0.0034
"2029-04-04 14:00",4.14,304.91,275.24,67.5,101.1,0.1,2.861,226.4,269.2,0.0034
"2029-04-04 15:00",4.3,256.64,275.9,67.1,101.1,0.1,2.851,226.9,224.3,0.0034
"2029-04-04 16:00",4.06,192.91,274.98,68.5,101.1,0.1,2.841,227.4,164.9,0.0034
"2029-04-04 17:00",3.44,117.9,272.59,71.8,101.1,0.1,2.832,227.9,95.5,0.0035
"2029-04-04 18:00",2.49,35.65,268.9,77.1,101.1,0.1,2.823,228.4,26.7,0.0035
"2029-04-04 19:00",1.46,0,264.94,83.3,101,0.1,2.814,228.9,0,0.0035
"2029-04-04 20:00",0.77,0,262.34,87.9,101,0.1,2.805,229.4,0,0.0035
"2029-04-04 21:00",0.26,0,260.43,91.5,101,0.1,2.796,229.9,0,0.0035
"2029-04-04 22:00",-0.11,0,259.09,94.2,101,0.1,2.788,230.4,0,0.0035
"2029-04-04 23:00",-0.34,0,258.24,96.3,101,0.1,2.78,230.9,0,0.0035
"2029-04-05 00:00",0.62,0,280.03,92.6,101,0.1,2.585,231.5,0,0.0036
"2029-04-05 01:00",0.33,0,278.91,94.9,101,0.1,2.577,232,0,0.0037
"2029-04-05 02:00",0.09,0,277.97,96.6,100.9,0.1,2.571,232.5,0,0.0037
"2029-04-05 03:00",-0.11,0,277.11,97.7,100.9,0.1,2.564,233,0,0.0036
"2029-04-05 04:00",-0.28,0,276.33,98.2,100.9,0.1,2.557,233.6,0,0.0036
"2029-04-05 05:00",-0.42,0,275.67,98.6,100.9,0.1,2.551,234.1,0,0.0036
"2029-04-05 06:00",-0.46,31.87,275.5,98.8,100.9,0.1,2.545,234.7,23.5,0.0036
"2029-04-05 07:00",1,117.03,281.9,92.4,100.9,0.1,2.539,235.2,91.9,0.0037
"2029-04-05 08:00",2.37,195.6,287.65,84,100.9,0.1,2.534,235.7,163.5,0.0038
"2029-04-05 09:00",3.62,263.45,292.93,77.2,100.9,0.1,2.528,236.3,225.6,0.0038
"2029-04-05 10:00",4.69,316.05,297.53,71.9,100.9,0.1,2.523,236.8,273.4,0.0038
"2029-04-05 11:00",5.55,349.8,301.25,67.9,100.9,0.1,2.518,237.4,303.8,0.0038
"2029-04-05 12:00",6.16,367.62,303.78,64.7,100.9,0.1,2.486,236.3,317,0.0038
"2029-04-05 13:00",6.49,363.02,305.16,62.7,100.9,0.1,2.454,235.3,309.7,0.0037
"2029-04-05 14:00",7.48,335.65,309.4,58.2,100.9,0.1,2.423,234.2,282.1,0.0037
"2029-04-05 15:00",7.05,286.73,307.4,59.5,100.9,0.1,2.393,233,235.2,0.0037
"2029-04-05 16:00",6.34,219.04,304.22,62.1,100.9,0.1,2.364,231.9,171.6,0.0037
"2029-04-05 17:00",5.38,136.63,299.94,65.9,100.9,0.1,2.336,230.7,96.8,0.0036
"2029-04-05 18:00",4.18,43.79,294.74,71.1,100.9,0.1,2.309,229.5,26.5,0.0036
"2029-04-05 19:00",2.99,0,289.62,76.8,100.9,0.1,2.283,228.2,0,0.0036
"2029-04-05 20:00",2.11,0,285.87,81.1,100.9,0.1,2.258,227,0,0.0036
"2029-04-05 21:00",1.35,0,282.6,85.1,100.9,0.1,2.234,225.7,0,0.0035
"2029-04-05 22:00",0.67,0,279.72,88.7,101,0.1,2.212,224.3,0,0.0035
"2029-04-05 23:00",0.06,0,277.17,91.8,101,0.1,2.19,223,0,0.0035
"2029-04-06 00:00",-1.25,0,249.36,85.8,101.3,0.1,1.74,221.6,0,0.0029
"2029-04-06 01:00",-1.66,0,247.75,87.8,101.3,0.1,1.725,220.2,0,0.0029
"2029-04-06 02:00",-2.01,0,246.4,89.4,101.3,0.1,1.711,218.7,0,0.0029
"2029-04-06 03:00",-2.3,0,245.26,90.7,101.3,0,1.698,217.3,0,0.0029
"2029-04-06 04:00",-2.55,0,244.29,91.6,101.3,0,1.687,215.8,0,0.0028
"2029-04-06 05:00",-2.75,0,243.47,92.3,101.4,0,1.676,214.3,0,0.0028
"2029-04-06 06:00",-2.75,49.32,243.41,91.5,101.4,0,1.666,212.8,31.1,0.0028
"2029-04-06 07:00",-0.76,170.13,250.54,78.4,101.4,0,1.658,211.3,67.3,0.0028
"2029-04-06 08:00",1.11,284.23,257.43,67.9,101.4,0,1.651,209.7,149,0.0028
"2029-04-06 09:00",2.82,385.14,263.78,59.6,101.4,0,1.645,208.2,220.5,0.0027
"2029-04-06 10:00",4.28,465.76,269.35,53.3,101.4,0,1.64,206.6,271.8,0.0027
"2029-04-06 11:00",5.47,520.1,273.87,48.6,101.4,0,1.663,205,302.6,0.0027
"2029-04-06 12:00",6.32,530.44,277.64,47.4,101.3,0,1.734,205.7,315.8,0.0028
"2029-04-06 13:00",6.82,508.6,280,47.2,101.2,0.1,1.832,206.2,307.2,0.0029
"2029-04-06 14:00",3.31,456.87,266.6,62.2,101.2,0.1,1.929,206.8,277.9,0.003
"2029-04-06 15:00",3.84,379.49,268.98,61.7,101.1,0.1,2.027,207.2,229.2,0.0031
"2029-04-06 16:00",3.99,282.3,269.92,62.8,101,0.1,2.126,207.6,161.5,0.0031
"2029-04-06 17:00",3.8,172.25,269.49,65.5,100.9,0.1,2.224,208,77.5,0.0032
"2029-04-06 18:00",3.29,55.9,267.84,69.7,100.8,0.1,2.322,208.4,32.8,0.0033
"2029-04-06 19:00",2.71,0,265.87,74.6,100.8,0.1,2.421,208.7,0,0.0034
"2029-04-06 20:00",2.48,0,265.29,77.8,100.7,0.1,2.519,209,0,0.0035
"2029-04-06 21:00",2.42,0,265.33,80.1,100.6,0.1,2.618,209.3,0,0.0036
"2029-04-06 22:00",2.49,0,265.9,81.6,100.5,0.1,2.716,209.5,0,0.0037
"2029-04-06 23:00",2.68,0,266.91,82.4,100.4,0.1,2.815,209.8,0,0.0038
"2029-04-07 00:00",5.92,0,314.87,85.8,99.9,0.2,4.051,210,0,0.005
"2029-04-07 01:00",5.66,0,314.06,89.4,99.8,0.2,4.188,210.2,0,0.0051
"2029-04-07 02:00",5.44,0,313.42,92.7,99.7,0.2,4.326,210.4,0,0.0052
"2029-04-07 03:00",5.26,0,312.94,95.9,99.6,0.2,4.463,210.6,0,0.0053
"2029-04-07 04:00",5.11,0,312.57,99,99.5,0.2,4.601,210.8,0,0.0054
"2029-04-07 05:00",4.98,0,311.95,99.7,99.5,0.2,4.738,210.9,0,0.0054
"2029-04-07 06:00",5.05,39.63,312.33,99.7,99.4,0.2,4.876,211.1,27.1,0.0055
"2029-04-07 07:00",6.34,124.45,319.11,96.5,99.3,0.2,5.013,211.2,97.5,0.0058
"2029-04-07 08:00",7.56,199.62,325.04,90.5,99.2,0.2,5.151,211.3,168.4,0.0059
"2029-04-07 09:00",8.67,261.27,330.5,85.5,99.1,0.2,5.289,211.5,227.9,0.006
"2029-04-07 10:00",9.61,305.77,335.28,81.7,99.1,0.2,5.426,211.6,271.5,0.0061
"2029-04-07 11:00",10.37,330.67,339.18,79.1,99,0.3,5.564,211.7,297.2,0.0063
"2029-04-07 12:00",10.9,348.51,341.47,75,99,0.2,5.454,212.2,310.8,0.0061
"2029-04-07 13:00",11.2,345.42,342.6,72.2,99,0.2,5.344,212.8,305,0.006
"2029-04-07 14:00",12.76,320.84,349.85,64,99,0.2,5.234,213.3,279.5,0.0059
"2029-04-07 15:00",12.23,275.71,346.96,65.1,99,0.2,5.125,213.9,235.2,0.0058
"2029-04-07 16:00",11.46,212.47,342.91,67.2,99,0.2,5.017,214.5,174.5,0.0057
"2029-04-07 17:00",10.47,134.85,337.81,70.4,99,0.2,4.909,215.2,101.9,0.0056
"2029-04-07 18:00",9.27,46.96,331.8,74.8,99,0.2,4.802,215.8,29.6,0.0055
"2029-04-07 19:00",8.04,0,325.73,79.7,99,0.2,4.695,216.5,0,0.0054
"2029-04-07 20:00",7.11,0,321.07,83.2,99,0.2,4.589,217.3,0,0.0053
"2029-04-07 21:00",6.26,0,316.91,86.4,99,0.2,4.484,218,0,0.0052
"2029-04-07 22:00",5.51,0,313.15,89.1,99,0.2,4.38,218.8,0,0.0051
"2029-04-07 23:00",4.82,0,309.73,91.5,99,0.2,4.277,219.7,0,0.005
"2029-04-08 00:00",1.85,0,261.37,87.6,99.1,0.1,3.968,220.6,0,0.0038
"2029-04-08 01:00",1.57,0,260.03,87.4,99.1,0.1,3.872,221.5,0,0.0038
"2029-04-08 02:00",1.34,0,258.87,86.9,99.1,0.1,3.777,222.5,0,0.0037
"2029-04-08 03:00",1.14,0,257.86,86,99.1,0.1,3.683,223.5,0,0.0036
"2029-04-08 04:00",0.97,0,256.96,85,99.1,0.1,3.59,224.6,0,0.0035
"2029-04-08 05:00",0.83,0,256.15,83.7,99.1,0.1,3.498,225.7,0,0.0034
"2029-04-08 06:00",0.96,60.29,256.36,80.8,99.1,0.1,3.408,226.9,35.2,0.0033
"2029-04-08 07:00",2.38,184.8,261.41,71.1,99.1,0.1,3.32,228.2,68.7,0.0032
"2029-04-08 08:00",3.72,303.14,266.21,62.9,99.1,0.1,3.233,229.5,146.4,0.0032
"2029-04-08 09:00",4.93,408.24,270.55,56.2,99.1,0.1,3.148,230.9,217.9,0.0031
"2029-04-08 10:00",5.96,492.62,274.26,50.9,99.1,0.1,3.065,232.4,268.8,0.003
"2029-04-08 11:00",6.79,549.93,277.15,46.7,99.1,0.1,2.984,233.9,298,0.0029
"2029-04-08 12:00",7.37,553.5,279.53,45.1,99.1,0.1,2.83,233.7,316.1,0.0029
"2029-04-08 13:00",7.69,524,280.89,44.4,99.1,0.1,2.677,233.4,310.2,0.0029
"2029-04-08 14:00",8.54,464.97,284.37,42.2,99.1,0.1,2.524,233.1,282.2,0.0029
"2029-04-08 15:00",8.14,381.87,282.84,43.6,99.1,0.1,2.371,232.7,234.5,0.003
"2029-04-08 16:00",7.48,281.52,280.25,45.9,99.1,0.1,2.218,232.3,169.7,0.003
"2029-04-08 17:00",6.56,171.55,276.68,49.1,99.1,0.1,2.066,231.9,89.2,0.003
"2029-04-08 18:00",5.43,58.99,272.29,53.4,99.1,0.1,1.913,231.3,32.9,0.003
"2029-04-08 19:00",4.25,0,267.79,58.4,99.1,0.1,1.761,230.7,0,0.003
"2029-04-08 20:00",3.41,0,264.61,62.3,99.1,0.1,1.609,230,0,0.003
"2029-04-08 21:00",2.67,0,261.87,66,99.2,0.1,1.457,229.1,0,0.0031
"2029-04-08 22:00",2.02,0,259.49,69.5,99.2,0.1,1.306,228,0,0.0031
"2029-04-08 23:00",1.45,0,257.41,72.8,99.2,0.1,1.155,226.6,0,0.0031
"2029-04-09 00:00",0.01,0,277.67,92.2,99.1,0.1,1.032,225.1,0,0.0035
"2029-04-09 01:00",-0.27,0,276.59,94.8,99.1,0.1,0.876,222.7,0,0.0036
"2029-04-09 02:00",-0.51,0,275.69,97,99.1,0.1,0.723,219.3,0,0.0036
"2029-04-09 03:00",-0.71,0,274.88,98.4,99.1,0.1,0.573,214,0,0.0036
"2029-04-09 04:00",-0.88,0,274.14,99.1,99.1,0.1,0.44,205,0,0.0036
"2029-04-09 05:00",-1.02,0,273.49,99.5,99.1,0.1,0.337,188,0,0.0035
"2029-04-09 06:00",-0.82,28.87,274.44,99.3,99.1,0.1,0.279,156,27.6,0.0036
"2029-04-09 07:00",0.63,78.97,280.64,91.8,99.2,0.1,0.308,118.9,77.4,0.0037
"2029-04-09 08:00",1.99,120.14,286.34,83.7,99.2,0.1,0.408,96.7,119.1,0.0037
"2029-04-09 09:00",3.22,150.5,291.55,77.1,99.2,0.1,0.541,85.2,149.8,0.0037
"2029-04-09 10:00",4.27,168.78,296.07,72,99.2,0.1,0.69,78.8,168.3,0.0037
"2029-04-09 11:00",5.1,174.68,299.7,68.3,99.2,0.1,0.846,74.8,174.4,0.0038
"2029-04-09 12:00",5.68,195.89,302.23,65.6,99.2,0.1,0.683,82.3,195.2,0.0038
"2029-04-09 13:00",6,205.52,303.6,64.1,99.2,0.1,0.543,94.5,204.4,0.0038
"2029-04-09 14:00",6.06,201.25,303.85,63.9,99.3,0.1,0.444,114.4,198.8,0.0038
"2029-04-09 15:00",5.81,181.79,302.77,65,99.3,0.1,0.424,142.1,177.8,0.0038
"2029-04-09 16:00",5.29,147.11,300.51,67.4,99.3,0.1,0.478,168.1,141.8,0.0038
"2029-04-09 17:00",4.51,98.5,297.18,71.1,99.4,0.1,0.6,185.3,92.4,0.0038
"2029-04-09 18:00",3.51,38.12,292.92,76.3,99.4,0.1,0.72,195.8,34.1,0.0038
"2029-04-09 19:00",2.47,0,288.52,82.1,99.4,0.1,0.886,202.4,0,0.0037
"2029-04-09 20:00",1.79,0,285.69,86.2,99.4,0,1.043,206.8,0,0.0037
"2029-04-09 21:00",1.22,0,283.32,89.8,99.5,0,1.22,210,0,0.0037
"2029-04-09 22:00",0.74,0,281.34,93,99.5,0,1.399,212.3,0,0.0037
"2029-04-09 23:00",0.33,0,279.67,95.7,99.5,0,1.58,214.2,0,0.0037
"2029-04-10 00:00",1.1,0,230.6,85.2,99.9,0,2.621,215.6,0,0.0035
"2029-04-10 01:00",0.49,0,228.55,89,99.9,0,2.89,216.8,0,0.0035
"2029-04-10 02:00",-0.02,0,226.86,92.3,99.9,0,3.16,217.7,0,0.0035
"2029-04-10 03:00",-0.44,0,225.47,95.1,99.9,0,3.431,218.6,0,0.0035
"2029-04-10 04:00",-0.78,0,224.28,97.1,100,0,3.702,219.2,0,0.0035
"2029-04-10 05:00",-1.07,0,223.29,98.7,100,0,3.974,219.8,0,0.0035
"2029-04-10 06:00",-0.71,80.75,224.53,96.6,100,0,4.246,220.4,44.2,0.0035
"2029-04-10 07:00",1.8,228.98,232.96,80.9,100.1,0,4.518,220.8,74.4,0.0035
"2029-04-10 08:00",4.17,374.96,241.1,68.4,100.1,0,4.791,221.2,98.3,0.0035
"2029-04-10 09:00",6.33,509.23,248.7,58.8,100.1,0,5.063,221.6,130.4,0.0035
"2029-04-10 10:00",8.21,621.58,255.46,51.7,100.2,0,5.336,221.9,150.7,0.0035
"2029-04-10 11:00",9.75,702.72,261.09,46.6,100.2,0,5.61,222.2,156.5,0.0035
"2029-04-10 12:00",10.89,702.83,265.37,43.3,100.1,0,5.138,222.5,179.4,0.0035
"2029-04-10 13:00",11.61,661.57,268.09,41.4,100.1,0,4.667,222.8,195.7,0.0035
"2029-04-10 14:00",11.33,584.07,267.07,42.3,100.1,0.1,4.196,223.2,193,0.0035
"2029-04-10 15:00",11.25,477.74,266.81,42.6,100,0.1,3.725,223.7,165.5,0.0035
"2029-04-10 16:00",10.72,351.6,264.85,44.2,100,0.1,3.255,224.4,115.9,0.0035
"2029-04-10 17:00",9.76,215.45,261.3,47.3,99.9,0.1,2.785,225.3,69.3,0.0036
"2029-04-10 18:00",8.4,78.32,256.34,52,99.9,0.1,2.316,226.5,41.7,0.0036
"2029-04-10 19:00",6.73,0,250.34,58.4,99.9,0.2,1.849,228.4,0,0.0036
"2029-04-10 20:00",5.27,0,245.17,64.8,99.8,0.2,1.385,231.5,0,0.0036
"2029-04-10 21:00",4.08,0,241.03,70.6,99.8,0.2,0.93,237.8,0,0.0036
"2029-04-10 22:00",3.11,0,237.71,75.7,99.8,0.2,0.547,255.4,0,0.0036
"2029-04-10 23:00",2.33,0,235.07,80.2,99.7,0.2,0.331,322.5,0,0.0036
"2029-04-11 00:00",0.53,0,306.1,91.6,99.5,0.3,0.545,10.4,0,0.0036
"2029-04-11 01:00",0.39,0,305.52,92.8,99.4,0.3,0.937,22.9,0,0.0036
"2029-04-11 02:00",0.27,0,305.03,93.7,99.4,0.3,1.347,27.9,0,0.0037
"2029-04-11 03:00",0.17,0,304.62,94.6,99.3,0.3,1.763,30.6,0,0.0037
"2029-04-11 04:00",0.09,0,304.28,95.3,99.3,0.4,2.181,32.2,0,0.0037
"2029-04-11 05:00",0.02,0,303.99,96,99.3,0.4,2.601,33.4,0,0.0037
"2029-04-11 06:00",0.2,36.56,304.84,95.1,99.2,0.4,3.021,34.2,34,0.0037
"2029-04-11 07:00",0.99,89.55,308.44,90,99.2,0.4,3.442,34.8,86.5,0.0037
"2029-04-11 08:00",1.74,130.21,311.83,85.6,99.1,0.4,3.863,35.3,128.3,0.0037
"2029-04-11 09:00",2.4,156.9,314.89,81.8,99.1,0.5,4.284,35.7,156,0.0037
"2029-04-11 10:00",2.96,169.02,317.49,78.8,99.1,0.5,4.706,36,168.6,0.0037
"2029-04-11 11:00",3.4,167.3,319.53,76.5,99,0.5,5.128,36.2,167.1,0.0037
"2029-04-11 12:00",3.69,172.7,321.17,76.5,99,0.5,5.007,37,172.5,0.0038
"2029-04-11 13:00",3.83,168.02,322.12,77.2,99,0.5,4.887,37.9,167.8,0.0039
"2029-04-11 14:00",3.38,153.54,320.32,81.3,98.9,0.5,4.768,38.7,153.4,0.004
"2029-04-11 15:00",3.3,130.23,320.24,83.3,98.9,0.5,4.651,39.6,130.1,0.0041
"2029-04-11 16:00",3.07,99.64,319.46,86.2,98.9,0.6,4.535,40.6,99.5,0.0041
"2029-04-11 17:00",2.7,63.78,318.03,90.2,98.9,0.6,4.42,41.6,63.6,0.0042
"2029-04-11 18:00",2.2,24.8,316.04,95.1,98.8,0.6,4.306,42.7,24.7,0.0043
"2029-04-11 19:00",1.7,0,313.87,99.4,98.8,0.6,4.194,43.8,0,0.0043
"2029-04-11 20:00",1.48,0,312.65,99.6,98.8,0.6,4.084,45,0,0.0043
"2029-04-11 21:00",1.31,0,311.67,99.6,98.8,0.6,3.976,46.2,0,0.0042
"2029-04-11 22:00",1.17,0,310.91,99.6,98.7,0.6,3.87,47.5,0,0.0042
"2029-04-11 23:00",1.07,0,310.35,99.6,98.7,0.6,3.766,48.9,0,0.0041
"2029-04-12 00:00",2.97,0,316.89,99.6,98.6,0.6,2.966,50.4,0,0.0048
"2029-04-12 01:00",2.38,0,313.52,99.6,98.6,0.7,2.886,51.9,0,0.0046
"2029-04-12 02:00",1.89,0,310.76,99.6,98.6,0.7,2.808,53.5,0,0.0044
"2029-04-12 03:00",1.49,0,308.5,99.6,98.6,0.7,2.732,55.3,0,0.0043
"2029-04-12 04:00",1.16,0,306.65,99.6,98.5,0.7,2.659,57.1,0,0.0042
"2029-04-12 05:00",0.89,0,305.12,99.6,98.5,0.7,2.589,59,0,0.0041
"2029-04-12 06:00",1.41,28.27,308.06,99.6,98.5,0.7,2.522,61,27.9,0.0043
"2029-04-12 07:00",3.79,71.9,321.54,99.6,98.5,0.7,2.459,63.1,71.5,0.005
"2029-04-12 08:00",6.03,112.36,334.47,98.3,98.4,0.7,2.399,65.4,111.9,0.0058
"2029-04-12 09:00",8.07,147.2,344.61,86.7,98.4,0.7,2.331,67.7,146.7,0.0059
"2029-04-12 10:00",9.84,174.08,353.64,77.9,98.4,0.8,2.28,70.2,173.5,0.006
"2029-04-12 11:00",11.29,191.16,361.21,71.7,98.3,0.8,2.233,72.7,190.6,0.0061
"2029-04-12 12:00",12.38,196.09,366.6,66.2,98.3,0.8,1.9,75.8,195.5,0.006
"2029-04-12 13:00",13.06,189.65,369.97,62.9,98.3,0.7,1.576,80.3,189.1,0.006
"2029-04-12 14:00",13.72,172.37,373.28,59.7,98.3,0.7,1.267,86.9,171.9,0.0059
"2029-04-12 15:00",13.46,145.5,371.77,60.3,98.3,0.7,0.986,97.6,145.1,0.0059
"2029-04-12 16:00",12.77,110.92,368.06,62.5,98.3,0.7,0.766,115.6,110.5,0.0058
"2029-04-12 17:00",11.68,71,362.3,66.7,98.3,0.7,0.682,143.1,70.6,0.0058
"2029-04-12 18:00",10.2,28.19,354.71,72.9,98.3,0.7,0.721,171.8,27.9,0.0057
"2029-04-12 19:00",8.42,0,345.72,81.6,98.3,0.6,0.925,191.3,0,0.0057
"2029-04-12 20:00",6.79,0,337.61,90.4,98.3,0.6,1.195,203,0,0.0057
"2029-04-12 21:00",5.43,0,330.94,98.5,98.3,0.6,1.47,210.1,0,0.0056
"2029-04-12 22:00",4.29,0,324.45,99.6,98.3,0.6,1.78,214.8,0,0.0052
"2029-04-12 23:00",3.33,0,318.93,99.6,98.2,0.6,2.098,218.1,0,0.0049
"2029-04-13 00:00",1.76,0,318.68,99.6,98,0.6,2.445,220.5,0,0.0044
"2029-04-13 01:00",1.28,0,315.92,99.6,97.9,0.5,2.774,222.3,0,0.0042
"2029-04-13 02:00",0.88,0,313.64,99.6,97.9,0.5,3.106,223.8,0,0.0041
"2029-04-13 03:00",0.55,0,311.76,99.6,97.9,0.5,3.439,224.9,0,0.004
"2029-04-13 04:00",0.28,0,310.21,99.6,97.9,0.5,3.773,225.9,0,0.0039
"2029-04-13 05:00",0.05,0,308.93,99.5,97.9,0.5,4.108,226.7,0,0.0039
"2029-04-13 06:00",0.62,23.87,312.15,99.6,97.9,0.5,4.444,227.4,23.8,0.004
"2029-04-13 07:00",2.7,58.31,324.12,99.6,97.9,0.5,4.78,228,58.3,0.0047
"2029-04-13 08:00",4.65,89.83,333.91,89.4,97.9,0.4,5.117,228.5,89.8,0.0048
"2029-04-13 09:00",6.42,116.55,342.35,78.3,97.9,0.4,5.454,228.9,116.5,0.0048
"2029-04-13 10:00",7.95,136.72,349.73,69.9,97.9,0.4,5.792,229.3,136.7,0.0047
"2029-04-13 11:00",9.18,149.04,355.73,63.7,97.9,0.4,6.129,229.7,149,0.0047
"2029-04-13 12:00",10.08,166.11,360.07,59.2,98,0.4,6.147,229.8,166,0.0046
"2029-04-13 13:00",10.61,173.61,362.57,56.5,98.1,0.4,6.164,229.9,173.4,0.0046
"2029-04-13 14:00",9.87,169.75,358.57,58.6,98.1,0.3,6.182,230,169.3,0.0045
"2029-04-13 15:00",9.82,153.58,358.1,58.1,98.2,0.3,6.199,230.1,152.9,0.0045
"2029-04-13 16:00",9.39,125.18,355.73,59.1,98.3,0.3,6.217,230.2,124.3,0.0044
"2029-04-13 17:00",8.61,85.67,351.57,61.5,98.4,0.3,6.234,230.3,84.2,0.0043
"2029-04-13 18:00",7.5,36.95,345.83,65.5,98.5,0.3,6.252,230.4,35.4,0.0043
"2029-04-13 19:00",6.16,0,339.06,70.8,98.6,0.3,6.269,230.5,0,0.0042
"2029-04-13 20:00",5.12,0,333.82,75.1,98.7,0.2,6.287,230.6,0,0.0042
"2029-04-13 21:00",4.29,0,329.63,78.6,98.8,0.2,6.305,230.7,0,0.0041
"2029-04-13 22:00",3.63,0,326.3,81.2,98.9,0.2,6.322,230.8,0,0.004
"2029-04-13 23:00",3.12,0,323.66,83,99,0.2,6.34,230.9,0,0.004
"2029-04-14 00:00",2.98,0,275.36,73.4,99.7,0.2,5.623,231,0,0.0035
"2029-04-14 01:00",2.65,0,273.86,74.1,99.8,0.2,5.638,231.1,0,0.0034
"2029-04-14 02:00",2.37,0,272.58,74.5,99.9,0.2,5.654,231.2,0,0.0034
"2029-04-14 03:00",2.14,0,271.48,74.6,100,0.1,5.67,231.3,0,0.0033
"2029-04-14 04:00",1.94,0,270.54,74.5,100,0.1,5.685,231.4,0,0.0033
"2029-04-14 05:00",1.78,0,269.72,74.2,100.1,0.1,5.701,231.5,0,0.0032
"2029-04-14 06:00",2.3,74.62,271.57,70.4,100.2,0.1,5.717,231.5,36.7,0.0031
"2029-04-14 07:00",3.88,183.2,277.67,61.9,100.3,0.1,5.733,231.6,109,0.0031
"2029-04-14 08:00",5.36,290.16,283.46,54.9,100.4,0.1,5.748,231.7,185.5,0.003
"2029-04-14 09:00",6.69,388.35,288.71,49.3,100.5,0,5.764,231.8,249.2,0.003
"2029-04-14 10:00",7.83,470.29,293.22,44.8,100.6,0,5.78,231.9,296.8,0.0029
"2029-04-14 11:00",8.74,529.26,296.79,41.4,100.7,0,5.796,232,325.1,0.0029
"2029-04-14 12:00",9.38,542.05,299.86,40.8,100.7,0,5.756,231.6,335.3,0.003
"2029-04-14 13:00",9.73,523.85,301.72,40.9,100.7,0,5.716,231.1,325.4,0.003
"2029-04-14 14:00",8.19,476.18,295.56,46.6,100.7,0,5.676,230.7,295.3,0.0031
"2029-04-14 15:00",8.28,402.53,296.24,47.5,100.7,0,5.637,230.3,246.9,0.0032
"2029-04-14 16:00",8.07,308.08,295.7,49.4,100.7,0,5.598,229.8,179.6,0.0033
"2029-04-14 17:00",7.59,199.31,294,52.3,100.7,0,5.559,229.3,93.8,0.0034
"2029-04-14 18:00",6.87,82.99,291.27,56.3,100.7,0,5.521,228.9,40.8,0.0035
"2029-04-14 19:00",6,0,287.97,61.2,100.7,0,5.483,228.4,0,0.0035
"2029-04-14 20:00",5.5,0,286.21,64.8,100.7,0,5.445,227.9,0,0.0036
"2029-04-14 21:00",5.14,0,285.02,67.9,100.7,0,5.408,227.4,0,0.0037
"2029-04-14 22:00",4.9,0,284.29,70.6,100.7,0,5.371,226.9,0,0.0038
"2029-04-14 23:00",4.75,0,283.95,72.9,100.7,0,5.335,226.4,0,0.0039
"2029-04-15 00:00",5.94,0,285.79,83.6,100.5,0,5.138,225.9,0,0.0048
"2029-04-15 01:00",5.63,0,284.8,87.2,100.5,0,5.104,225.4,0,0.0049
"2029-04-15 02:00",5.37,0,284.03,90.6,100.5,0,5.07,224.9,0,0.005
"2029-04-15 03:00",5.16,0,283.42,93.8,100.5,0,5.036,224.4,0,0.0051
"2029-04-15 04:00",4.98,0,282.95,96.8,100.5,0,5.003,223.8,0,0.0052
"2029-04-15 05:00",4.83,0,282.56,99.4,100.5,0,4.97,223.3,0,0.0053
"2029-04-15 06:00",5.36,79.51,285.04,97.9,100.5,0,4.938,222.8,38.1,0.0054
"2029-04-15 07:00",6.81,182.76,291.29,90.1,100.5,0,4.906,222.2,114.2,0.0055
"2029-04-15 08:00",8.16,277.14,297.25,83.6,100.5,0,4.875,221.6,191.7,0.0056
"2029-04-15 09:00",9.39,356.89,302.71,78.4,100.5,0,4.844,221.1,259.5,0.0057
"2029-04-15 10:00",10.43,416.83,307.47,74.3,100.5,0.1,4.814,220.5,310.9,0.0058
"2029-04-15 11:00",11.26,453.12,311.35,71.5,100.5,0.1,4.784,219.9,342.7,0.0059
"2029-04-15 12:00",11.84,466.37,313.87,68.6,100.5,0.1,4.758,219.5,353.4,0.0059
"2029-04-15 13:00",12.17,453.14,315.26,66.9,100.5,0.1,4.733,219.2,342.4,0.0059
"2029-04-15 14:00",12.88,414.31,318.35,63.6,100.4,0.1,4.707,218.8,310.4,0.0059
"2029-04-15 15:00",12.53,352.5,316.72,64.8,100.4,0.1,4.682,218.4,259,0.0058
"2029-04-15 16:00",11.9,271.88,313.91,67.3,100.4,0.1,4.657,218.1,191.5,0.0058
"2029-04-15 17:00",11.03,177.82,310.03,71,100.4,0.1,4.633,217.7,114.5,0.0058
"2029-04-15 18:00",9.94,76.12,305.21,76.1,100.3,0.1,4.608,217.3,37.6,0.0058
"2029-04-15 19:00",8.7,0,299.83,82.5,100.3,0.1,4.584,216.9,0,0.0058
"2029-04-15 20:00",7.79,0,295.93,87.4,100.3,0.1,4.56,216.5,0,0.0057
"2029-04-15 21:00",7.01,0,292.61,91.8,100.2,0.1,4.536,216.1,0,0.0057
"2029-04-15 22:00",6.34,0,289.76,95.8,100.2,0.1,4.513,215.7,0,0.0057
"2029-04-15 23:00",5.76,0,287.3,99.3,100.2,0.1,4.489,215.3,0,0.0057
"2029-04-16 00:00",4.51,0,281.59,99.5,100,0.1,4.855,214.9,0,0.0052
"2029-04-16 01:00",4.25,0,280.31,99.6,100,0.1,4.83,214.4,0,0.0051
"2029-04-16 02:00",4.04,0,279.24,99.7,99.9,0.1,4.805,214,0,0.0051
"2029-04-16 03:00",3.86,0,278.35,99.7,99.9,0.1,4.781,213.6,0,0.005
"2029-04-16 04:00",3.71,0,277.61,99.7,99.9,0.2,4.757,213.2,0,0.0049
"2029-04-16 05:00",3.58,0,276.99,99.7,99.9,0.2,4.733,212.7,0,0.0049
"2029-04-16 06:00",4.07,83.45,279.39,99.5,99.8,0.2,4.709,212.3,39.4,0.0051
"2029-04-16 07:00",5.27,187.89,284.71,94.5,99.8,0.2,4.686,211.8,116.4,0.0052
"2029-04-16 08:00",6.4,284.6,289.27,87,99.8,0.2,4.663,211.4,193.5,0.0052
"2029-04-16 09:00",7.41,367.54,293.41,80.9,99.8,0.2,4.64,210.9,261.1,0.0052
"2029-04-16 10:00",8.27,431.13,296.97,76,99.7,0.2,4.618,210.5,312.4,0.0052
"2029-04-16 11:00",8.95,471.07,299.81,72.3,99.7,0.2,4.596,210,344.2,0.0052
"2029-04-16 12:00",9.44,479.83,301.76,69.4,99.7,0.2,4.463,210.4,355.2,0.0051
"2029-04-16 13:00",9.7,461.55,302.78,67.6,99.7,0.2,4.331,210.8,344.4,0.0051
"2029-04-16 14:00",11.26,417.92,309.38,60.5,99.7,0.2,4.199,211.2,312.4,0.005
"2029-04-16 15:00",10.76,352.32,307.12,62,99.7,0.2,4.068,211.6,261.3,0.005
"2029-04-16 16:00",10.05,269.54,303.92,64.5,99.7,0.2,3.936,212.1,194.3,0.005
"2029-04-16 17:00",9.13,175.38,299.86,68.1,99.7,0.2,3.805,212.6,117.8,0.0049
"2029-04-16 18:00",8.02,75.86,295.07,72.8,99.7,0.2,3.675,213.1,40,0.0049
"2029-04-16 19:00",6.79,0,289.8,78.6,99.8,0.2,3.544,213.7,0,0.0048
"2029-04-16 20:00",5.84,0,285.76,83.2,99.8,0.2,3.414,214.3,0,0.0048
"2029-04-16 21:00",4.99,0,282.21,87.5,99.8,0.2,3.285,215,0,0.0048
"2029-04-16 22:00",4.24,0,279.04,91.5,99.8,0.2,3.155,215.7,0,0.0047
"2029-04-16 23:00",3.56,0,276.2,95.2,99.8,0.2,3.027,216.5,0,0.0047
"2029-04-17 00:00",0.97,0,277.3,99.6,99.8,0.2,2.407,217.4,0,0.0041
"2029-04-17 01:00",0.63,0,275.63,99.6,99.8,0.2,2.302,218.3,0,0.004
"2029-04-17 02:00",0.36,0,274.25,99.6,99.8,0.2,2.197,219.3,0,0.0039
"2029-04-17 03:00",0.13,0,273.12,99.5,99.8,0.2,2.092,220.5,0,0.0038
"2029-04-17 04:00",-0.06,0,272.19,99.5,99.8,0.2,1.989,221.7,0,0.0038
"2029-04-17 05:00",-0.22,0,271.42,99.5,99.8,0.2,1.887,223.1,0,0.0037
"2029-04-17 06:00",0.44,68.91,274.65,99.6,99.8,0.2,1.786,224.6,51.3,0.0039
"2029-04-17 07:00",1.92,149.6,281.64,96,99.8,0.2,1.687,226.4,123.5,0.0042
"2029-04-17 08:00",3.31,222.37,287.26,86.1,99.8,0.2,1.589,228.3,192.3,0.0042
"2029-04-17 09:00",4.57,282.82,292.36,78.2,99.8,0.2,1.493,230.5,249.9,0.0041
"2029-04-17 10:00",5.64,327.15,296.75,71.9,99.9,0.2,1.4,232.9,292.6,0.0041
"2029-04-17 11:00",6.49,352.71,300.26,67.1,99.9,0.2,1.31,235.8,317.9,0.004
"2029-04-17 12:00",7.1,365.09,302.82,64.1,99.9,0.2,1.27,236.6,328.3,0.004
"2029-04-17 13:00",7.44,357.02,304.25,62.4,99.9,0.2,1.231,237.5,319.9,0.004
"2029-04-17 14:00",8.45,328.8,308.61,58,99.9,0.2,1.192,238.4,292.9,0.004
"2029-04-17 15:00",8.05,282.12,306.79,59.4,100,0.2,1.153,239.4,248.8,0.004
"2029-04-17 16:00",7.38,219.93,303.8,61.9,100,0.2,1.114,240.5,190.2,0.004
"2029-04-17 17:00",6.45,146.26,299.74,65.8,100,0.2,1.076,241.7,121.1,0.0039
"2029-04-17 18:00",5.29,65.61,294.74,71,100.1,0.2,1.039,242.9,49.3,0.0039
"2029-04-17 19:00",3.95,0,289.06,77.6,100.1,0.2,1.002,244.3,0,0.0039
"2029-04-17 20:00",2.92,0,284.73,83.2,100.1,0.2,0.965,245.7,0,0.0039
"2029-04-17 21:00",2.03,0,281.02,88.3,100.2,0.2,0.93,247.3,0,0.0039
"2029-04-17 22:00",1.26,0,277.82,93,100.2,0.2,0.895,249,0,0.0039
"2029-04-17 23:00",0.58,0,275.05,97.2,100.2,0.2,0.861,250.8,0,0.0038
"2029-04-18 00:00",-0.45,0,251.17,99.5,100.3,0.2,0.704,253,0,0.0036
"2029-04-18 01:00",-0.95,0,248.95,99.5,100.4,0.2,0.677,255.2,0,0.0035
"2029-04-18 02:00",-1.35,0,247.13,99.5,100.4,0.2,0.7,257.5,0,0.0034
"2029-04-18 03:00",-1.69,0,245.64,99.5,100.4,0.2,0.673,260,0,0.0033
"2029-04-18 04:00",-1.97,0,244.41,99.5,100.5,0.2,0.649,262.8,0,0.0033
"2029-04-18 05:00",-2.2,0,243.4,99.5,100.5,0.2,0.626,265.7,0,0.0032
"2029-04-18 06:00",-1.24,76.52,247.64,99.5,100.5,0.2,0.605,269,51.8,0.0034
"2029-04-18 07:00",0.8,165.25,256.08,93.1,100.5,0.2,0.586,272.4,127.2,0.0037
"2029-04-18 08:00",2.72,248.44,263.27,80.8,100.6,0.2,0.57,276.1,201,0.0037
"2029-04-18 09:00",4.45,320.75,269.89,71.2,100.6,0.2,0.556,280,264.5,0.0037
"2029-04-18 10:00",5.93,377.18,275.66,63.9,100.6,0.2,0.545,284.2,313.1,0.0037
"2029-04-18 11:00",7.13,413.72,280.38,58.6,100.7,0.2,0.537,288.5,343.6,0.0037
"2029-04-18 12:00",8,432.36,283.82,54.9,100.7,0.2,0.564,283.8,355.3,0.0036
"2029-04-18 13:00",8.52,426.92,285.86,52.7,100.7,0.2,0.595,279.6,345.9,0.0036
"2029-04-18 14:00",8.29,397.09,284.83,53.3,100.7,0.2,0.628,275.9,315.6,0.0036
"2029-04-18 15:00",8.14,344.22,284.17,53.5,100.7,0.2,0.664,272.6,265.6,0.0036
"2029-04-18 16:00",7.63,271.36,282.04,55.1,100.8,0.2,0.703,269.7,198.9,0.0036
"2029-04-18 17:00",6.77,182.97,278.53,58.1,100.8,0.2,0.743,267.1,121.4,0.0035
"2029-04-18 18:00",5.59,84.37,273.79,62.6,100.8,0.2,0.785,264.8,41.9,0.0035
"2029-04-18 19:00",4.14,0,268.07,68.9,100.8,0.2,0.828,262.8,0,0.0035
"2029-04-18 20:00",2.92,0,263.31,74.7,100.8,0.2,0.873,260.9,0,0.0035
"2029-04-18 21:00",1.93,0,259.46,79.7,100.9,0.2,0.918,259.3,0,0.0035
"2029-04-18 22:00",1.12,0,256.37,84,100.9,0.2,0.964,257.8,0,0.0034
"2029-04-18 23:00",0.47,0,253.87,87.5,100.9,0.1,1.011,256.4,0,0.0034
"2029-04-19 00:00",0.74,0,255.74,80.1,101,0.1,1.421,255.1,0,0.0032
"2029-04-19 01:00",0.35,0,254.22,81.9,101,0.1,1.485,254,0,0.0032
"2029-04-19 02:00",0.03,0,252.96,83.2,101.1,0.1,1.55,253,0,0.0031
"2029-04-19 03:00",-0.24,0,251.9,84.4,101.1,0.1,1.615,252,0,0.0031
"2029-04-19 04:00",-0.46,0,251.02,85.3,101.1,0.1,1.681,251.2,0,0.0031
"2029-04-19 05:00",-1.5,0,247.14,91.5,101.1,0.1,1.747,250.4,0,0.0031
"2029-04-19 06:00",0.22,116,253.37,80.2,101.1,0.1,1.689,249.6,50.8,0.0031
"2029-04-19 07:00",1.87,246.85,259.5,70.7,101.2,0.1,1.751,248.9,83.6,0.003
"2029-04-19 08:00",3.42,371.21,265.33,62.9,101.2,0.1,1.814,248.3,158.1,0.003
"2029-04-19 09:00",4.82,480.93,270.65,56.7,101.2,0.1,1.876,247.7,226.1,0.003
"2029-04-19 10:00",6.01,568.21,275.25,51.8,101.2,0.1,1.939,247.1,273.2,0.003
"2029-04-19 11:00",6.97,626.56,278.96,48.2,101.2,0.1,2.002,246.6,298.2,0.003
"2029-04-19 12:00",7.66,632.82,281.95,46.9,101.2,0.1,2.037,246,317.4,0.003
"2029-04-19 13:00",8.05,604.13,283.78,46.5,101.2,0.1,2.071,245.5,314,0.0031
"2029-04-19 14:00",5.93,543.48,275.51,54.8,101.2,0.1,2.106,244.9,288.1,0.0031
"2029-04-19 15:00",6.16,455.92,276.65,54.9,101.2,0.1,2.141,244.4,240.7,0.0032
"2029-04-19 16:00",6.1,348.17,276.61,56.1,101.2,0.1,2.176,243.9,173,0.0033
"2029-04-19 17:00",5.75,228.03,275.44,58.5,101.1,0.1,2.211,243.4,90.9,0.0033
"2029-04-19 18:00",5.14,103.44,273.26,62.1,101.1,0.1,2.246,243,46.6,0.0034
"2029-04-19 19:00",4.32,0,270.23,66.9,101.1,0.1,2.282,242.5,0,0.0034
"2029-04-19 20:00",3.76,0,268.25,70.8,101.1,0.1,2.318,242,0,0.0035
"2029-04-19 21:00",3.37,0,266.94,73.9,101.1,0.1,2.353,241.6,0,0.0035
"2029-04-19 22:00",3.12,0,266.19,76.4,101.1,0.1,2.389,241.2,0,0.0036
"2029-04-19 23:00",3,0,265.89,78.3,101,0.1,2.425,240.8,0,0.0037
"2029-04-20 00:00",4.47,0,298.6,76.9,101,0.1,2.24,240.4,0,0.004
"2029-04-20 01:00",4.2,0,297.66,79.6,101,0,2.273,240,0,0.004
"2029-04-20 02:00",3.97,0,296.92,82.1,101,0,2.306,239.6,0,0.0041
"2029-04-20 03:00",3.78,0,296.33,84.4,101,0,2.339,239.3,0,0.0042
"2029-04-20 04:00",3.63,0,295.88,86.6,100.9,0,2.372,238.9,0,0.0042
"2029-04-20 05:00",2.91,0,293.03,92.4,100.9,0,2.406,238.6,0,0.0043
"2029-04-20 06:00",4.2,82.58,298.77,85.6,100.9,0,2.439,238.2,56.8,0.0044
"2029-04-20 07:00",5.45,165.94,304.4,79.5,100.9,0,2.473,237.9,132.1,0.0044
"2029-04-20 08:00",6.61,238.83,309.73,74.4,100.9,0,2.506,237.6,202.4,0.0045
"2029-04-20 09:00",7.65,296.94,314.58,70.2,100.9,0,2.54,237.3,259.6,0.0045
"2029-04-20 10:00",8.54,336.93,318.77,67,100.8,0,2.574,237,300.3,0.0046
"2029-04-20 11:00",9.23,356.86,322.15,64.8,100.8,0,2.608,236.7,322.5,0.0047
"2029-04-20 12:00",9.72,366.03,324.69,63.8,100.8,0,2.689,235.9,331.1,0.0047
"2029-04-20 13:00",9.98,355.12,326.19,63.9,100.7,0,2.77,235.1,321.1,0.0048
"2029-04-20 14:00",10.01,324.88,326.62,64.9,100.7,0,2.852,234.4,293.1,0.0049
"2029-04-20 15:00",8.99,277.4,322.21,70.7,100.7,0,2.934,233.7,249,0.005
"2029-04-20 16:00",8.76,215.92,321.44,73,100.6,0.1,3.017,233,191.5,0.0051
"2029-04-20 17:00",8.32,144.57,319.69,76.5,100.6,0.1,3.1,232.4,124.6,0.0052
"2029-04-20 18:00",7.69,67.89,317.07,81.3,100.5,0.1,3.184,231.8,54.7,0.0053
"2029-04-20 19:00",6.89,0,313.72,87.2,100.5,0.1,3.268,231.2,0,0.0054
"2029-04-20 20:00",6.41,0,311.83,91.6,100.5,0.1,3.352,230.7,0,0.0055
"2029-04-20 21:00",6.05,0,310.46,95.4,100.4,0.1,3.436,230.2,0,0.0055
"2029-04-20 22:00",5.78,0,309.52,98.7,100.4,0.1,3.521,229.7,0,0.0056
"2029-04-20 23:00",5.6,0,308.65,99.7,100.3,0.1,3.606,229.2,0,0.0056
"2029-04-21 00:00",7.36,0,323.6,97.9,100.2,0.1,4.178,228.8,0,0.0062
"2029-04-21 01:00",6.9,0,321.24,99.7,100.2,0.1,4.275,228.4,0,0.0062
"2029-04-21 02:00",6.52,0,319.07,99.7,100.1,0.1,4.372,228,0,0.006
"2029-04-21 03:00",6.21,0,317.3,99.7,100.1,0.1,4.469,227.6,0,0.0059
"2029-04-21 04:00",5.95,0,315.86,99.7,100.1,0.1,4.566,227.2,0,0.0058
"2029-04-21 05:00",4.91,0,310.06,99.7,100,0.1,4.663,226.9,0,0.0054
"2029-04-21 06:00",6.81,73.1,320.74,99.7,100,0.1,4.761,226.6,60.3,0.0061
"2029-04-21 07:00",8.65,147.62,331.22,98.9,99.9,0.1,4.858,226.2,129.3,0.0069
"2029-04-21 08:00",10.38,216.47,339.64,89.3,99.9,0.1,4.956,225.9,194.4,0.007
"2029-04-21 09:00",11.93,275.23,347.38,81.6,99.9,0.1,5.054,225.6,249.8,0.0071
"2029-04-21 10:00",13.26,319.97,354.18,75.7,99.8,0.1,5.152,225.3,291.9,0.0072
"2029-04-21 11:00",14.34,347.7,359.78,71.5,99.8,0.1,5.25,225.1,317.9,0.0073
"2029-04-21 12:00",15.13,363,363.57,67.3,99.7,0.1,5.24,224.8,330.1,0.0072
"2029-04-21 13:00",15.6,358.47,365.79,64.7,99.7,0.1,5.23,224.6,323.6,0.0072
"2029-04-21 14:00",15.74,333.85,366.34,63.5,99.7,0.1,5.22,224.4,298.6,0.0071
"2029-04-21 15:00",15.96,290.28,367.25,62.1,99.6,0.1,5.211,224.1,256.1,0.007
"2029-04-21 16:00",15.34,230.25,363.94,64,99.6,0.1,5.201,223.9,198.4,0.007
"2029-04-21 17:00",14.41,157.48,359.08,67.3,99.6,0.1,5.191,223.7,129.2,0.0069
"2029-04-21 18:00",13.19,76.4,352.85,72.1,99.6,0.1,5.182,223.4,56.1,0.0068
"2029-04-21 19:00",11.72,0,345.48,78.6,99.5,0.1,5.172,223.2,0,0.0068
"2029-04-21 20:00",10.38,0,338.82,85.1,99.5,0.1,5.163,223,0,0.0067
"2029-04-21 21:00",9.26,0,333.33,90.8,99.5,0.1,5.154,222.7,0,0.0066
"2029-04-21 22:00",8.32,0,328.75,95.8,99.4,0.1,5.145,222.5,0,0.0066
"2029-04-21 23:00",7.53,0,324.85,99.7,99.4,0.1,5.136,222.2,0,0.0065
"2029-04-22 00:00",5.74,0,280.17,99.7,99.3,0.1,5.459,222,0,0.0057
"2029-04-22 01:00",5.39,0,278.45,99.7,99.3,0.1,5.449,221.7,0,0.0056
"2029-04-22 02:00",5.11,0,277.03,99.6,99.2,0.1,5.44,221.5,0,0.0055
"2029-04-22 03:00",4.87,0,275.87,99.6,99.2,0.1,5.431,221.3,0,0.0054
"2029-04-22 04:00",4.67,0,274.91,99.6,99.2,0.1,5.422,221,0,0.0053
"2029-04-22 05:00",3.92,0.66,271.19,99.6,99.1,0.1,5.413,220.8,0.7,0.0051
"2029-04-22 06:00",5.45,106.96,278.44,97.3,99.1,0.1,5.404,220.5,48.8,0.0055
"2029-04-22 07:00",6.94,215.21,284.28,86.8,99.1,0.1,5.395,220.3,130,0.0054
"2029-04-22 08:00",8.33,318.15,289.79,78.1,99,0,5.386,220,205.5,0.0054
"2029-04-22 09:00",9.57,408.94,294.78,71,99,0,5.378,219.8,271.1,0.0053
"2029-04-22 10:00",10.63,481.12,299.06,65.4,99,0,5.369,219.5,320.1,0.0053
"2029-04-22 11:00",11.47,529.32,302.45,61.1,98.9,0,5.361,219.3,349.4,0.0052
"2029-04-22 12:00",12.07,535.4,304.99,58.7,98.9,0,5.162,218.7,361.4,0.0052
"2029-04-22 13:00",12.4,512.49,306.41,57.3,98.9,0.1,4.963,218.1,351.7,0.0052
"2029-04-22 14:00",12.47,462.84,306.67,57,98.9,0.1,4.765,217.5,320.7,0.0052
"2029-04-22 15:00",12.42,390.49,306.46,57.1,98.9,0.1,4.568,216.8,270.2,0.0052
"2029-04-22 16:00",11.91,300.87,304.22,59,98.9,0.1,4.371,216,203.5,0.0052
"2029-04-22 17:00",11.14,200.39,300.92,62,98.9,0.1,4.175,215.1,127.6,0.0052
"2029-04-22 18:00",10.13,95.7,296.68,66.2,98.9,0.1,3.981,214.2,46.7,0.0052
"2029-04-22 19:00",8.93,0,291.65,71.7,98.9,0.2,3.787,213.2,0,0.0052
"2029-04-22 20:00",7.98,0,287.7,76.4,98.9,0.2,3.595,212,0,0.0051
"2029-04-22 21:00",7.2,0,284.49,80.5,98.9,0.2,3.404,210.8,0,0.0051
"2029-04-22 22:00",6.54,0,281.83,84.1,98.9,0.2,3.216,209.4,0,0.0051
"2029-04-22 23:00",6,0,279.61,87.2,98.9,0.2,3.029,207.8,0,0.0051
"2029-04-23 00:00",4.55,0,304.95,99.7,98.9,0.2,2.569,206,0,0.0053
"2029-04-23 01:00",4.36,0,303.89,99.6,98.9,0.3,2.406,204,0,0.0052
"2029-04-23 02:00",4.2,0,303.01,99.6,98.9,0.3,2.283,201.6,0,0.0052
"2029-04-23 03:00",4.06,0,302.27,99.6,98.9,0.3,2.125,198.9,0,0.0051
"2029-04-23 04:00",3.95,0,301.66,99.6,98.9,0.3,1.973,195.8,0,0.0051
"2029-04-23 05:00",3.53,1.91,299.39,99.6,98.9,0.3,1.828,192.2,1.9,0.0049
"2029-04-23 06:00",4.48,81.25,304.58,99.7,98.8,0.3,1.691,188,65.1,0.0053
"2029-04-23 07:00",5.41,155.7,308.93,95.2,98.8,0.4,1.565,183.1,135,0.0054
"2029-04-23 08:00",6.26,221.62,312.73,89.6,98.8,0.4,1.453,177.4,198.9,0.0054
"2029-04-23 09:00",7.02,274.97,316.14,84.9,98.8,0.4,1.358,170.7,251.2,0.0054
"2029-04-23 10:00",7.67,312.55,319.03,81.1,98.8,0.4,1.284,163.2,288.7,0.0054
"2029-04-23 11:00",8.17,332.34,321.31,78.3,98.8,0.4,1.235,154.9,309.4,0.0053
"2029-04-23 12:00",8.52,342.09,322.82,76.1,98.8,0.4,1.096,153,318.3,0.0053
"2029-04-23 13:00",8.7,333.42,323.57,74.8,98.9,0.4,0.959,150.5,309.7,0.0053
"2029-04-23 14:00",8.71,306.78,323.52,74.3,98.9,0.4,0.869,147.1,284.2,0.0053
"2029-04-23 15:00",9.34,263.89,326.37,70.8,98.9,0.4,0.732,142.5,243.2,0.0052
"2029-04-23 16:00",8.81,207.55,323.84,73,98.9,0.4,0.603,135.8,189.4,0.0052
"2029-04-23 17:00",8.13,141.48,320.6,76.1,98.9,0.4,0.487,125.5,126.2,0.0052
"2029-04-23 18:00",7.3,69.88,316.75,80.1,98.9,0.4,0.394,109.4,59.2,0.0052
"2029-04-23 19:00",6.35,0,312.4,85.1,99,0.4,0.344,86.2,0,0.0051
"2029-04-23 20:00",5.64,0,309.15,88.9,99,0.4,0.347,60.8,0,0.0051
"2029-04-23 21:00",5.03,0,306.4,92.2,99,0.4,0.42,41.1,0,0.0051
"2029-04-23 22:00",4.5,0,303.97,95.2,99,0.4,0.527,28.2,0,0.005
"2029-04-23 23:00",4.02,0,301.8,97.9,99,0.4,0.651,20,0,0.005
"2029-04-24 00:00",2.71,0,301.87,99.6,99,0.4,1.027,14.7,0,0.0046
"2029-04-24 01:00",2.45,0,300.5,99.6,99,0.4,1.206,10.8,0,0.0046
"2029-04-24 02:00",2.24,0,299.36,99.6,99,0.3,1.422,7.9,0,0.0045
"2029-04-24 03:00",2.07,0,298.42,99.6,99.1,0.3,1.613,5.7,0,0.0044
"2029-04-24 04:00",1.93,0,297.65,99.6,99.1,0.3,1.805,4,0,0.0044
"2029-04-24 05:00",1.44,3.77,295.03,99.6,99.1,0.3,1.998,2.6,3.7,0.0042
"2029-04-24 06:00",2.63,81.69,301.47,99.6,99.1,0.3,2.193,1.4,67.1,0.0046
"2029-04-24 07:00",3.78,157.71,306.81,93.5,99.1,0.3,2.388,0.5,137.1,0.0047
"2029-04-24 08:00",4.85,228.59,311.48,86.3,99.1,0.3,2.584,359.6,203.4,0.0047
"2029-04-24 09:00",5.8,289.69,315.68,80.3,99.2,0.3,2.781,358.9,260.1,0.0046
"2029-04-24 10:00",6.6,336.84,319.25,75.5,99.2,0.3,2.977,358.3,303.6,0.0046
"2029-04-24 11:00",7.24,366.75,322.06,71.9,99.2,0.3,3.174,357.8,330.8,0.0046
"2029-04-24 12:00",7.68,379.9,324,69.4,99.2,0.3,2.92,355.6,341.5,0.0046
"2029-04-24 13:00",7.91,372.69,325,67.9,99.3,0.3,2.828,353.3,333.3,0.0045
"2029-04-24 14:00",7.93,345.26,325,67.5,99.4,0.3,2.742,350.9,306.6,0.0045
"2029-04-24 15:00",7.66,299.15,323.69,68.4,99.4,0.3,2.618,348.3,262.7,0.0045
"2029-04-24 16:00",7.27,237.2,321.82,69.8,99.5,0.2,2.731,345.5,204.2,0.0045
"2029-04-24 17:00",6.69,163.39,319.07,72.3,99.5,0.2,2.817,342.6,134.7,0.0044
"2029-04-24 18:00",5.94,82.34,315.54,75.7,99.6,0.2,2.747,339.5,61.5,0.0044
"2029-04-24 19:00",5.03,0.21,311.35,80.3,99.6,0.2,2.648,336.3,0.2,0.0044
"2029-04-24 20:00",4.37,0,308.32,83.6,99.7,0.2,2.631,332.9,0,0.0044
"2029-04-24 21:00",3.85,0,305.95,86.2,99.7,0.2,2.587,329.4,0,0.0043
"2029-04-24 22:00",3.43,0,303.99,88.3,99.8,0.2,2.553,325.8,0,0.0043
"2029-04-24 23:00",3.08,0,302.38,90,99.8,0.2,2.53,322.1,0,0.0043
"2029-04-25 00:00",3.58,0,287.27,84.3,100.1,0.2,1.922,318.3,0,0.0041
"2029-04-25 01:00",3.16,0,285.44,86.4,100.2,0.2,1.92,314.5,0,0.0041
"2029-04-25 02:00",2.81,0,283.93,88,100.2,0.1,1.926,310.8,0,0.0041
"2029-04-25 03:00",2.53,0,282.67,89.3,100.3,0.1,1.941,307.1,0,0.0041
"2029-04-25 04:00",2.3,0,281.64,90.3,100.3,0.1,1.963,303.5,0,0.004
"2029-04-25 05:00",1.6,7.51,278.73,94.3,100.4,0.1,1.993,299.9,7.5,0.004
"2029-04-25 06:00",3.36,104.8,285.85,82.7,100.4,0.1,2.031,296.5,64.6,0.004
"2029-04-25 07:00",5.05,200.43,292.83,73,100.5,0.1,1.958,293.2,143.5,0.004
"2029-04-25 08:00",6.63,290.57,299.44,65.1,100.6,0.1,2.006,290.1,219.3,0.0039
"2029-04-25 09:00",8.05,369.23,305.45,58.7,100.6,0.1,2.059,287.2,284.2,0.0039
"2029-04-25 10:00",9.25,430.91,310.65,53.8,100.7,0.1,2.118,284.4,333.5,0.0039
"2029-04-25 11:00",10.22,471.17,314.83,50.1,100.7,0,2.182,281.7,363.9,0.0039
"2029-04-25 12:00",10.92,482.75,317.89,47.6,100.7,0,2.188,278.8,373.5,0.0038
"2029-04-25 13:00",11.32,468.64,319.66,46.2,100.7,0,2.199,275.9,362,0.0038
"2029-04-25 14:00",11.43,429.81,320.06,45.8,100.7,0,2.217,273,330,0.0038
"2029-04-25 15:00",11.19,368.91,318.95,46.3,100.8,0,2.239,270.2,279.2,0.0038
"2029-04-25 16:00",10.69,290.08,316.67,47.7,100.8,0,2.267,267.5,212.5,0.0038
"2029-04-25 17:00",9.91,198.61,313.14,50.1,100.8,0,2.3,264.8,135.3,0.0038
"2029-04-25 18:00",8.86,100.42,308.49,53.6,100.8,0,2.338,262.2,54.1,0.0038
"2029-04-25 19:00",7.58,1.26,302.9,58.3,100.8,0,2.381,259.7,1.3,0.0038
"2029-04-25 20:00",6.43,0,297.91,62.9,100.8,0,2.428,257.3,0,0.0037
"2029-04-25 21:00",5.51,0,293.95,66.8,100.8,0,2.48,255,0,0.0037
"2029-04-25 22:00",4.75,0,290.72,70.2,100.8,0,2.535,252.8,0,0.0037
"2029-04-25 23:00",4.13,0,288.09,73.1,100.8,0,2.415,250.7,0,0.0037
"2029-04-26 00:00",3.46,0,271.87,72.5,100.8,0,2.83,248.7,0,0.0035
"2029-04-26 01:00",3.06,0,270.29,74.3,100.8,0,2.899,246.7,0,0.0035
"2029-04-26 02:00",2.74,0,268.99,75.8,100.8,0,2.972,244.9,0,0.0035
"2029-04-26 03:00",2.48,0,267.92,76.9,100.8,0,3.048,243.1,0,0.0035
"2029-04-26 04:00",2.26,0,267.03,77.9,100.9,0,3.127,241.5,0,0.0035
"2029-04-26 05:00",1.67,11.28,264.73,80.9,100.9,0,3.208,239.9,10.7,0.0034
"2029-04-26 06:00",3.31,113.99,271.06,71.8,100.9,0,3.292,238.4,61.9,0.0034
"2029-04-26 07:00",4.89,213.11,277.25,64,100.9,0,3.377,237,143.9,0.0034
"2029-04-26 08:00",6.36,304.77,283.11,57.6,100.9,0,3.465,235.6,220.7,0.0034
"2029-04-26 09:00",7.68,383,288.44,52.4,100.9,0,3.554,234.3,286.3,0.0034
"2029-04-26 10:00",8.8,442.55,293.04,48.4,100.9,0,3.645,233.1,335.7,0.0034
"2029-04-26 11:00",9.7,479.38,296.74,45.4,100.9,0,3.738,231.9,365.9,0.0034
"2029-04-26 12:00",10.34,483.57,299.68,44.2,100.9,0,3.641,230.8,375.3,0.0034
"2029-04-26 13:00",10.71,462.22,301.48,43.9,100.9,0,3.545,229.6,363.3,0.0035
"2029-04-26 14:00",10.8,417.45,302.07,44.4,100.9,0,3.451,228.3,330.8,0.0035
"2029-04-26 15:00",11.16,352.91,303.83,44.1,100.8,0,3.359,226.9,280.1,0.0036
"2029-04-26 16:00",10.55,273.5,301.44,46.6,100.8,0.1,3.268,225.5,214.7,0.0037
"2029-04-26 17:00",9.67,184.93,297.93,50.3,100.8,0.1,3.18,224,139.6,0.0037
"2029-04-26 18:00",8.55,93.11,293.44,55.1,100.8,0.1,3.094,222.4,63.4,0.0038
"2029-04-26 19:00",7.21,2.57,288.12,61.3,100.8,0.1,3.011,220.7,2.5,0.0038
"2029-04-26 20:00",5.99,0,283.35,67.7,100.7,0.1,2.931,218.9,0,0.0039
"2029-04-26 21:00",4.99,0,279.51,73.6,100.7,0.1,2.853,217,0,0.004
"2029-04-26 22:00",4.14,0,276.33,79.3,100.7,0.1,2.779,215,0,0.004
"2029-04-26 23:00",3.43,0,273.68,84.6,100.7,0.1,2.709,212.9,0,0.0041
"2029-04-27 00:00",2.58,0,266.51,99.6,100.6,0.1,1.788,210.7,0,0.0045
"2029-04-27 01:00",2.08,0,264.09,99.6,100.6,0.2,1.746,208.4,0,0.0044
"2029-04-27 02:00",1.66,0,262.12,99.6,100.6,0.2,1.707,206,0,0.0042
"2029-04-27 03:00",1.33,0,260.53,99.6,100.6,0.2,1.67,203.5,0,0.0041
"2029-04-27 04:00",1.05,0,259.24,99.6,100.5,0.2,1.664,200.8,0,0.0041
"2029-04-27 05:00",0.4,9.54,256.16,99.6,100.5,0.2,1.634,198.1,9.1,0.0039
"2029-04-27 06:00",2.37,74.7,265.49,99.6,100.5,0.2,1.608,195.3,68.2,0.0045
"2029-04-27 07:00",4.27,134.88,274.51,98.1,100.5,0.2,1.586,192.3,127.1,0.005
"2029-04-27 08:00",6.04,187.79,281.78,87.8,100.5,0.2,1.569,189.3,179.6,0.0051
"2029-04-27 09:00",7.63,230.15,288.45,79.7,100.4,0.3,1.556,186.3,221.9,0.0052
"2029-04-27 10:00",9,259.48,294.29,73.5,100.4,0.3,1.547,183.2,251.6,0.0052
"2029-04-27 11:00",10.1,274.24,299.1,69.1,100.4,0.3,1.543,180.1,267.1,0.0053
"2029-04-27 12:00",10.9,289.3,302.53,65.6,100.4,0.3,1.641,183.4,280.5,0.0053
"2029-04-27 13:00",11.39,289.11,304.61,63.6,100.3,0.3,1.745,186.4,278.9,0.0053
"2029-04-27 14:00",11.53,272.94,305.26,63.1,100.3,0.3,1.852,189.1,261.7,0.0053
"2029-04-27 15:00",9.64,241.2,297.24,71.7,100.3,0.3,1.964,191.4,229.5,0.0053
"2029-04-27 16:00",9.52,195.49,296.75,72.4,100.3,0.3,2.078,193.5,183.8,0.0053
"2029-04-27 17:00",9.08,138.47,294.92,74.7,100.2,0.3,2.195,195.4,127.4,0.0053
"2029-04-27 18:00",8.34,73.62,291.88,78.6,100.2,0.3,2.313,197.1,64.6,0.0054
"2029-04-27 19:00",7.35,3.56,287.78,84.2,100.2,0.3,2.434,198.6,3.5,0.0054
"2029-04-27 20:00",6.35,0,283.72,90.3,100.2,0.3,2.556,200,0,0.0054
"2029-04-27 21:00",5.61,0,280.76,95.2,100.1,0.3,2.68,201.2,0,0.0054
"2029-04-27 22:00",5.08,0,278.66,98.9,100.1,0.3,2.805,202.4,0,0.0054
"2029-04-27 23:00",4.73,0,277,99.7,100.1,0.3,2.93,203.4,0,0.0053
"2029-04-28 00:00",5.71,0,299.45,90.9,99.9,0.3,4.336,204.4,0,0.0052
"2029-04-28 01:00",5.32,0,297.78,93.5,99.8,0.3,4.517,205.3,0,0.0052
"2029-04-28 02:00",5,0,296.42,95.8,99.8,0.3,4.699,206.1,0,0.0052
"2029-04-28 03:00",4.73,0,295.31,97.7,99.8,0.3,4.881,206.8,0,0.0052
"2029-04-28 04:00",4.51,0,294.38,99.2,99.8,0.3,5.064,207.5,0,0.0052
"2029-04-28 05:00",4.05,17.08,291.99,99.7,99.7,0.3,5.248,208.2,14.5,0.0051
"2029-04-28 06:00",5.69,116.3,299.45,91.8,99.7,0.3,5.433,208.8,70,0.0052
"2029-04-28 07:00",7.26,216.13,306.3,82.4,99.7,0.3,5.618,209.3,149.2,0.0052
"2029-04-28 08:00",8.73,312.17,312.78,74.7,99.7,0.3,5.804,209.9,225,0.0053
"2029-04-28 09:00",10.04,397.91,318.66,68.5,99.6,0.3,5.99,210.4,289.8,0.0053
"2029-04-28 10:00",11.15,467.09,323.74,63.7,99.6,0.3,6.177,210.8,338.4,0.0053
"2029-04-28 11:00",12.04,514.43,327.83,60.1,99.6,0.3,6.364,211.3,367.6,0.0053
"2029-04-28 12:00",12.68,527.64,330.86,58,99.6,0.3,6.284,211.3,377.1,0.0053
"2029-04-28 13:00",13.04,513.27,332.64,57,99.7,0.2,6.204,211.3,365.2,0.0053
"2029-04-28 14:00",13.12,472.2,333.1,57,99.7,0.2,6.124,211.4,332.6,0.0054
"2029-04-28 15:00",12.3,407.16,329.4,60.5,99.7,0.2,6.044,211.4,281,0.0054
"2029-04-28 16:00",11.96,322.49,327.92,62.2,99.7,0.2,5.965,211.4,213.3,0.0054
"2029-04-28 17:00",11.35,223.86,325.23,65.1,99.8,0.2,5.885,211.5,136.5,0.0055
"2029-04-28 18:00",10.5,117.63,321.44,69.3,99.8,0.2,5.805,211.5,52.4,0.0055
"2029-04-28 19:00",9.44,8.02,316.74,74.9,99.8,0.2,5.725,211.5,8.1,0.0055
"2029-04-28 20:00",8.48,0,312.54,80.3,99.9,0.2,5.645,211.6,0,0.0055
"2029-04-28 21:00",7.75,0,309.4,84.9,99.9,0.2,5.566,211.6,0,0.0056
"2029-04-28 22:00",7.18,0,306.98,88.8,99.9,0.2,5.486,211.6,0,0.0056
"2029-04-28 23:00",6.74,0,305.13,92,100,0.2,5.406,211.7,0,0.0056
"2029-04-29 00:00",7.01,0,279.36,90.3,100.3,0.2,5.181,211.7,0,0.0056
"2029-04-29 01:00",6.6,0,277.79,93.4,100.3,0.1,5.104,211.8,0,0.0056
"2029-04-29 02:00",6.26,0,276.53,96.2,100.3,0.1,5.026,211.8,0,0.0057
"2029-04-29 03:00",5.99,0,275.49,98.4,100.4,0.1,4.949,211.9,0,0.0057
"2029-04-29 04:00",5.76,0,274.55,99.7,100.4,0.1,4.871,211.9,0,0.0057
"2029-04-29 05:00",5.34,23.74,272.48,99.7,100.4,0.1,4.793,211.9,19.3,0.0055
"2029-04-29 06:00",7.02,137.46,279.85,93.3,100.5,0.1,4.716,212,57.4,0.0058
"2029-04-29 07:00",8.64,248.16,286.46,84,100.5,0.1,4.638,212,142.2,0.0058
"2029-04-29 08:00",10.15,350.94,292.72,76.3,100.5,0.1,4.561,212.1,219.9,0.0059
"2029-04-29 09:00",11.49,439.04,298.41,70.1,100.5,0.1,4.483,212.1,283.7,0.0059
"2029-04-29 10:00",12.64,506.47,303.34,65.3,100.6,0.1,4.405,212.2,332.8,0.0059
"2029-04-29 11:00",13.56,548.61,307.33,61.9,100.6,0.1,4.328,212.3,362.7,0.0059
"2029-04-29 12:00",14.21,551.84,310.33,60,100.6,0.1,4.129,211.5,374.6,0.006
"2029-04-29 13:00",14.59,526.44,312.13,59.2,100.6,0.1,3.931,210.6,365,0.0061
"2029-04-29 14:00",14.67,474.97,312.68,59.5,100.6,0.1,3.734,209.7,334.3,0.0061
"2029-04-29 15:00",14.2,401.7,310.79,62,100.5,0.1,3.537,208.6,284.2,0.0062
"2029-04-29 16:00",13.77,312.23,309.1,64.4,100.5,0.1,3.343,207.4,218.1,0.0063
"2029-04-29 17:00",13.07,213.04,306.25,68.2,100.5,0.1,3.15,206.1,141.8,0.0063
"2029-04-29 18:00",12.12,110.82,302.35,73.3,100.5,0.1,2.959,204.6,61.4,0.0064
"2029-04-29 19:00",10.95,9.74,297.56,80,100.5,0.1,2.815,202.9,10,0.0065
"2029-04-29 20:00",9.85,0,293.12,87,100.5,0.1,2.625,200.9,0,0.0065
"2029-04-29 21:00",8.99,0,289.73,93.1,100.5,0.1,2.44,198.6,0,0.0066
"2029-04-29 22:00",8.3,0,287.02,98.4,100.4,0.2,2.259,196,0,0.0067
"2029-04-29 23:00",7.75,0,284.42,99.7,100.4,0.2,2.083,192.9,0,0.0065
"2029-04-30 00:00",7.83,0,337.53,99.7,100.2,0.2,1.877,189.3,0,0.0066
"2029-04-30 01:00",7.34,0,334.56,99.7,100.2,0.2,1.721,184.9,0,0.0063
"2029-04-30 02:00",6.93,0,332.16,99.7,100.2,0.2,1.576,179.7,0,0.0062
"2029-04-30 03:00",6.6,0,330.22,99.7,100.2,0.2,1.446,173.6,0,0.006
"2029-04-30 04:00",6.33,0,328.64,99.7,100.1,0.2,1.407,166.3,0,0.0059
"2029-04-30 05:00",5.89,16.82,326.09,99.7,100.1,0.2,1.318,157.8,15.8,0.0057
"2029-04-30 06:00",7.82,84.12,337.43,99.7,100.1,0.2,1.26,148.4,75.6,0.0066
"2029-04-30 07:00",9.67,146.07,348.6,99.7,100.1,0.2,1.24,138.3,136.2,0.0074
"2029-04-30 08:00",11.39,199.91,358.01,93,100.1,0.2,1.228,128.3,189.7,0.0078
"2029-04-30 09:00",12.94,242.35,366.03,84.8,100.1,0.2,1.28,118.8,232.3,0.0079
"2029-04-30 10:00",14.26,270.95,373.03,78.5,100.1,0.3,1.364,110.2,261.5,0.0079
"2029-04-30 11:00",15.32,284.34,378.76,73.9,100,0.3,1.474,102.9,276,0.008
"2029-04-30 12:00",16.09,301.5,382.75,70,100.1,0.3,1.403,107.1,291,0.008
"2029-04-30 13:00",16.55,303.01,385.1,67.7,100.1,0.3,1.34,111.8,290.5,0.0079
"2029-04-30 14:00",16.69,287.88,385.72,66.8,100.1,0.3,1.288,117,273.8,0.0079
"2029-04-30 15:00",16.29,256.32,383.49,68.1,100.1,0.3,1.246,122.5,241.3,0.0078
"2029-04-30 16:00",15.82,209.78,380.9,69.9,100.1,0.3,1.217,128.4,194.6,0.0078
"2029-04-30 17:00",15.04,150.93,376.69,73.1,100.1,0.3,1.2,134.5,136.3,0.0078
"2029-04-30 18:00",13.97,83.33,371.04,77.9,100.1,0.3,1.226,140.7,70.9,0.0077
"2029-04-30 19:00",12.65,9.53,364.16,84.5,100.2,0.3,1.237,146.8,9.2,0.0077
"2029-04-30 20:00",11.3,0,357.2,91.9,100.2,0.3,1.262,152.8,0,0.0076
"2029-04-30 21:00",10.21,0,351.66,98.3,100.2,0.3,1.3,158.5,0,0.0076
"2029-04-30 22:00",9.33,0,346.54,99.7,100.2,0.3,1.35,163.8,0,0.0073
"2029-04-30 23:00",8.62,0,342.27,99.7,100.2,0.3,1.41,168.7,0,0.0069
"2029-05-01 00:00",7.86,0,292.64,99.7,100.3,0.3,2.066,173.2,0,0.0066
"2029-05-01 01:00",7.45,0,290.51,99.7,100.3,0.3,2.066,177.2,0,0.0064
"2029-05-01 02:00",7.11,0,288.79,99.7,100.3,0.3,2.178,180.9,0,0.0062
"2029-05-01 03:00",6.84,0,287.39,99.7,100.3,0.3,2.298,184.1,0,0.0061
"2029-05-01 04:00",6.61,0,286.26,99.7,100.3,0.3,2.425,187,0,0.006
"2029-05-01 05:00",6.31,29.2,284.7,99.7,100.4,0.3,2.557,189.7,21.8,0.0059
"2029-05-01 06:00",7.92,138.65,292.94,99.7,100.4,0.3,2.694,192,64.8,0.0066
"2029-05-01 07:00",9.46,249.84,299.86,92.3,100.4,0.3,2.835,194.1,149.5,0.0068
"2029-05-01 08:00",10.9,357.3,305.94,83.4,100.4,0.3,2.979,196.1,223.9,0.0067
"2029-05-01 09:00",12.18,453.65,311.44,76.2,100.4,0.3,3.127,197.8,284.7,0.0067
"2029-05-01 10:00",13.28,531.84,316.18,70.5,100.4,0.3,3.277,199.4,330,0.0067
"2029-05-01 11:00",14.16,585.82,320,66.2,100.4,0.3,3.43,200.8,357.1,0.0066
"2029-05-01 12:00",14.8,602.06,322.85,63.5,100.4,0.2,3.175,199.7,365.6,0.0066
"2029-05-01 13:00",15.17,587.33,324.53,62,100.5,0.2,2.922,198.3,354.5,0.0066
"2029-05-01 14:00",15.27,542.41,324.98,61.6,100.5,0.2,2.67,196.7,323.7,0.0066
"2029-05-01 15:00",16.55,470.15,330.78,56.7,100.5,0.2,2.421,194.8,273.5,0.0066
"2029-05-01 16:00",15.77,375.27,327.22,59.6,100.5,0.2,2.176,192.4,203.8,0.0066
"2029-05-01 17:00",14.73,264.05,322.52,63.8,100.5,0.2,1.935,189.5,115.6,0.0066
"2029-05-01 18:00",13.45,143.68,316.82,69.3,100.5,0.2,1.701,185.7,55.3,0.0066
"2029-05-01 19:00",11.96,19.06,310.27,76.3,100.5,0.2,1.554,180.7,16.8,0.0066
"2029-05-01 20:00",10.46,0,303.77,84.3,100.5,0.2,1.333,173.9,0,0.0066
"2029-05-01 21:00",9.19,0,298.34,91.8,100.5,0.2,1.138,164.6,0,0.0066
"2029-05-01 22:00",8.09,0,293.7,98.9,100.6,0.2,0.983,152,0,0.0066
"2029-05-01 23:00",7.13,0,288.88,99.7,100.6,0.2,0.869,135.7,0,0.0062
"2029-05-02 00:00",6.03,0,282.04,99.7,100.7,0.1,1.082,117.6,0,0.0058
"2029-05-02 01:00",5.18,0,277.81,99.7,100.7,0.1,1.169,100.6,0,0.0054
"2029-05-02 02:00",4.51,0,274.46,99.7,100.7,0.1,1.345,87.2,0,0.0052
"2029-05-02 03:00",3.96,0,271.8,99.6,100.7,0.1,1.573,77.2,0,0.005
"2029-05-02 04:00",3.53,0,269.68,99.6,100.7,0.1,1.837,70,0,0.0048
"2029-05-02 05:00",3,39.69,267.13,99.6,100.7,0.1,2.124,64.7,28.5,0.0047
"2029-05-02 06:00",5.73,170.1,280.52,99.7,100.7,0.1,2.425,60.6,61.5,0.0056
"2029-05-02 07:00",8.36,298.36,293.01,93.8,100.8,0.1,2.737,57.5,109.7,0.0064
"2029-05-02 08:00",10.82,418.06,303.41,79.4,100.8,0.1,3.055,55,192.1,0.0064
"2029-05-02 09:00",13.05,521.24,313.06,68.6,100.8,0.1,3.378,53,260.2,0.0064
"2029-05-02 10:00",14.99,600.82,321.64,60.5,100.8,0.1,3.704,51.3,308.3,0.0064
"2029-05-02 11:00",16.58,651.23,328.85,54.6,100.8,0.1,4.034,49.9,336,0.0064
"2029-05-02 12:00",17.8,663.7,334.49,50.7,100.8,0.1,3.648,51,346.7,0.0064
"2029-05-02 13:00",18.61,642.24,338.28,48.4,100.8,0.1,3.263,52.4,336.8,0.0064
"2029-05-02 14:00",18.98,588.53,340.08,47.5,100.7,0.1,2.881,54.2,306.4,0.0064
"2029-05-02 15:00",16.93,506.4,330.69,54.2,100.7,0.1,2.503,56.4,255.7,0.0065
"2029-05-02 16:00",16.88,401.58,330.49,54.6,100.7,0.1,2.131,59.5,185.2,0.0065
"2029-05-02 17:00",16.39,281.24,328.35,56.5,100.7,0.1,1.767,63.9,102,0.0065
"2029-05-02 18:00",15.5,153.31,324.4,60.1,100.7,0.1,1.42,70.4,58.4,0.0065
"2029-05-02 19:00",14.25,23.25,318.84,65.4,100.6,0.1,1.106,80.9,19.7,0.0066
"2029-05-02 20:00",12.42,0,310.83,73.9,100.6,0.1,0.856,98.7,0,0.0066
"2029-05-02 21:00",10.81,0,303.95,82.5,100.6,0.2,0.75,126.1,0,0.0066
"2029-05-02 22:00",9.62,0,298.91,89.7,100.6,0.2,0.851,155,0,0.0066
"2029-05-02 23:00",8.75,0,295.31,95.5,100.6,0.2,1.085,174.8,0,0.0067
"2029-05-03 00:00",8.5,0,305.38,99.7,100.3,0.2,0.838,186.6,0,0.0069
"2029-05-03 01:00",8.04,0,302.88,99.7,100.3,0.2,1.048,193.8,0,0.0066
"2029-05-03 02:00",7.66,0,300.87,99.7,100.3,0.2,1.269,198.6,0,0.0065
"2029-05-03 03:00",7.35,0,299.24,99.7,100.2,0.2,1.496,201.9,0,0.0063
"2029-05-03 04:00",7.1,0,297.93,99.7,100.2,0.2,1.699,204.3,0,0.0062
"2029-05-03 05:00",6.88,41.17,296.75,99.7,100.2,0.2,1.929,206.2,28.5,0.0061
"2029-05-03 06:00",8.65,162.63,306.18,99.7,100.2,0.2,2.16,207.6,58.9,0.0069
"2029-05-03 07:00",10.35,280.3,314.73,95.4,100.2,0.3,2.392,208.8,135.5,0.0074
"2029-05-03 08:00",11.92,388.18,321.87,86.2,100.1,0.3,2.625,209.8,220.3,0.0075
"2029-05-03 09:00",13.33,479.21,328.36,78.9,100.1,0.3,2.859,210.6,285.9,0.0075
"2029-05-03 10:00",14.54,547.37,333.99,73.2,100.1,0.3,3.093,211.2,332.6,0.0075
"2029-05-03 11:00",15.51,588.19,338.58,69,100.1,0.3,3.327,211.8,360.2,0.0076
"2029-05-03 12:00",16.21,600.67,341.79,65.7,100.1,0.3,3.347,212.3,368.9,0.0075
"2029-05-03 13:00",16.62,582.61,343.67,63.6,100.2,0.3,3.367,212.7,357.8,0.0075
"2029-05-03 14:00",16.74,535.3,344.13,62.8,100.2,0.3,3.386,213.2,328,0.0074
"2029-05-03 15:00",17.41,462.04,347.23,59.9,100.2,0.3,3.407,213.6,280.1,0.0074
"2029-05-03 16:00",16.73,367.84,343.92,62.2,100.3,0.2,3.427,214,214.4,0.0073
"2029-05-03 17:00",15.77,259.08,339.3,65.7,100.3,0.2,3.447,214.4,130.6,0.0073
"2029-05-03 18:00",14.56,142.91,333.51,70.7,100.3,0.2,3.468,214.9,54.5,0.0073
"2029-05-03 19:00",13.11,24.48,326.73,77.3,100.4,0.2,3.489,215.3,20,0.0072
"2029-05-03 20:00",11.6,0,319.79,84.9,100.4,0.2,3.51,215.7,0,0.0072
"2029-05-03 21:00",10.33,0,314.04,91.8,100.4,0.2,3.531,216.1,0,0.0071
"2029-05-03 22:00",9.27,0,309.26,98,100.5,0.2,3.552,216.5,0,0.0071
"2029-05-03 23:00",8.37,0,304.65,99.7,100.5,0.2,3.574,216.9,0,0.0068
"2029-05-04 00:00",7.16,0,284.23,99.7,100.7,0.1,2.979,217.3,0,0.0062
"2029-05-04 01:00",6.55,0,281.19,99.7,100.8,0.1,2.997,217.7,0,0.006
"2029-05-04 02:00",6.06,0,278.76,99.7,100.8,0.1,3.015,218,0,0.0058
"2029-05-04 03:00",5.67,0,276.81,99.7,100.8,0.1,3.034,218.4,0,0.0056
"2029-05-04 04:00",5.35,0,275.24,99.7,100.9,0.1,3.052,218.8,0,0.0055
"2029-05-04 05:00",5.13,44.25,274.14,99.6,100.9,0.1,3.071,219.2,29.7,0.0054
"2029-05-04 06:00",7.29,164.39,284.82,99.1,100.9,0.1,3.09,219.5,60.5,0.0062
"2029-05-04 07:00",9.37,281.52,293.4,86.2,100.9,0.1,3.109,219.9,139.6,0.0063
"2029-05-04 08:00",11.3,389.5,301.44,75.3,101,0.1,3.128,220.2,223,0.0062
"2029-05-04 09:00",13.04,481.22,308.78,66.8,101,0,3.147,220.6,287.8,0.0062
"2029-05-04 10:00",14.53,550.54,315.18,60.3,101,0,3.167,220.9,334.1,0.0061
"2029-05-04 11:00",15.74,592.8,320.41,55.4,101.1,0,3.186,221.3,361.7,0.0061
"2029-05-04 12:00",16.62,592.65,324.42,52.5,101.1,0,3.201,220.5,374.1,0.0061
"2029-05-04 13:00",17.17,562.61,326.93,50.9,101.1,0,3.216,219.8,366.7,0.0061
"2029-05-04 14:00",17.35,505.82,327.83,50.5,101.1,0,3.231,219.1,338.1,0.0062
"2029-05-04 15:00",16.24,427.15,322.85,54.4,101.1,0.1,3.247,218.4,289.8,0.0062
"2029-05-04 16:00",15.92,332.76,321.49,55.7,101.2,0.1,3.264,217.7,225,0.0062
"2029-05-04 17:00",15.26,229.59,318.61,58.3,101.2,0.1,3.281,217.1,150.1,0.0062
"2029-05-04 18:00",14.28,124.71,314.35,62.3,101.2,0.1,3.298,216.4,69.4,0.0062
"2029-05-04 19:00",13.01,23.06,308.89,67.8,101.2,0.1,3.316,215.7,18.1,0.0062
"2029-05-04 20:00",11.55,0,302.65,74.9,101.2,0.1,3.335,215.1,0,0.0063
"2029-05-04 21:00",10.34,0,297.56,81.5,101.2,0.1,3.354,214.4,0,0.0063
"2029-05-04 22:00",9.4,0,293.68,87,101.2,0.1,3.373,213.8,0,0.0063
"2029-05-04 23:00",8.68,0,290.76,91.6,101.3,0.1,3.393,213.1,0,0.0063
"2029-05-05 00:00",7.91,0,331.68,99.7,101.3,0.1,3.328,212.5,0,0.0065
"2029-05-05 01:00",7.6,0,329.87,99.7,101.3,0.1,3.348,211.9,0,0.0064
"2029-05-05 02:00",7.35,0,328.39,99.7,101.3,0.1,3.369,211.2,0,0.0063
"2029-05-05 03:00",7.14,0,327.18,99.7,101.4,0.1,3.39,210.6,0,0.0062
"2029-05-05 04:00",6.97,0,326.19,99.7,101.4,0.1,3.411,210,0,0.0061
"2029-05-05 05:00",6.91,25.08,325.86,99.7,101.4,0.2,3.433,209.4,23,0.0061
"2029-05-05 06:00",8.23,84.91,333.51,99.7,101.4,0.2,3.455,208.8,79.4,0.0067
"2029-05-05 07:00",9.48,138.87,339.88,93.6,101.4,0.2,3.477,208.3,133.3,0.0068
"2029-05-05 08:00",10.64,184.13,345.55,86.9,101.4,0.2,3.5,207.7,179,0.0068
"2029-05-05 09:00",11.67,217.99,350.64,81.4,101.5,0.2,3.523,207.1,213.7,0.0068
"2029-05-05 10:00",12.53,238.71,355,77.1,101.5,0.2,3.546,206.6,235.5,0.0069
"2029-05-05 11:00",13.22,245.63,358.48,74,101.5,0.2,3.57,206,243.6,0.0069
"2029-05-05 12:00",13.7,256.83,360.99,72.1,101.5,0.2,3.617,206.3,254.1,0.0069
"2029-05-05 13:00",13.96,255.07,362.41,71.3,101.5,0.2,3.664,206.6,251.7,0.007
"2029-05-05 14:00",13.99,240,362.68,71.6,101.5,0.2,3.712,206.9,236.2,0.007
"2029-05-05 15:00",12.96,212.22,357.61,77,101.4,0.2,3.759,207.2,208.1,0.0071
"2029-05-05 16:00",12.73,173.27,356.57,78.6,101.4,0.2,3.806,207.4,169.1,0.0071
"2029-05-05 17:00",12.29,125.53,354.48,81.4,101.4,0.2,3.854,207.7,121.5,0.0071
"2029-05-05 18:00",11.66,72.02,351.46,85.3,101.4,0.2,3.902,207.9,68.4,0.0072
"2029-05-05 19:00",10.87,15.22,347.63,90.5,101.4,0.2,3.949,208.2,14.4,0.0072
"2029-05-05 20:00",10.13,0,344.1,95.6,101.4,0.2,3.997,208.4,0,0.0073
"2029-05-05 21:00",9.62,0,341.72,99.3,101.4,0.2,4.045,208.7,0,0.0073
"2029-05-05 22:00",9.24,0,339.53,99.7,101.4,0.2,4.093,208.9,0,0.0071
"2029-05-05 23:00",8.97,0,337.88,99.7,101.4,0.2,4.141,209.1,0,0.007
"2029-05-06 00:00",9.57,0,332.64,99.7,101.2,0.2,4.819,209.3,0,0.0073
"2029-05-06 01:00",9.21,0,330.54,99.7,101.2,0.2,4.875,209.5,0,0.0071
"2029-05-06 02:00",8.91,0,328.84,99.7,101.2,0.2,4.93,209.8,0,0.007
"2029-05-06 03:00",8.67,0,327.46,99.7,101.2,0.2,4.985,210,0,0.0069
"2029-05-06 04:00",8.48,0,326.34,99.7,101.1,0.2,5.041,210.2,0,0.0068
"2029-05-06 05:00",8.45,30.99,326.19,99.7,101.1,0.2,5.096,210.4,26.3,0.0068
"2029-05-06 06:00",9.9,105.31,334.59,99.7,101.1,0.2,5.152,210.6,90,0.0075
"2029-05-06 07:00",11.28,180.52,342.14,96.1,101.1,0.2,5.208,210.7,159.4,0.0079
"2029-05-06 08:00",12.56,252.47,348.45,88.8,101.1,0.2,5.263,210.9,225.4,0.0079
"2029-05-06 09:00",13.7,316.23,354.14,82.9,101.1,0.2,5.319,211.1,283,0.008
"2029-05-06 10:00",14.66,367.23,359.03,78.2,101.1,0.2,5.375,211.3,327.9,0.008
"2029-05-06 11:00",15.43,401.63,362.96,74.9,101.1,0.2,5.431,211.4,356.9,0.0081
"2029-05-06 12:00",15.97,420.93,365.68,72.2,101.1,0.2,5.297,211.5,370,0.0081
"2029-05-06 13:00",16.27,419.08,367.2,70.8,101.1,0.2,5.163,211.6,363.5,0.0081
"2029-05-06 14:00",16.33,395.37,367.47,70.5,101.1,0.2,5.028,211.7,337.3,0.008
"2029-05-06 15:00",16.68,350.65,369.26,68.8,101.2,0.2,4.894,211.8,292.5,0.008
"2029-05-06 16:00",16.12,287.33,366.4,71.2,101.2,0.2,4.76,211.9,231.3,0.008
"2029-05-06 17:00",15.34,209.24,362.39,74.9,101.2,0.1,4.626,212,157.5,0.008
"2029-05-06 18:00",14.34,121.31,357.36,79.8,101.2,0.1,4.492,212.1,79,0.008
"2029-05-06 19:00",13.15,27.74,351.47,86.1,101.2,0.1,4.358,212.2,20.4,0.008
"2029-05-06 20:00",11.97,0,345.67,92.9,101.3,0.1,4.224,212.3,0,0.008
"2029-05-06 21:00",11.03,0,341.09,98.8,101.3,0.1,4.09,212.4,0,0.008
"2029-05-06 22:00",10.24,0,336.59,99.7,101.3,0.1,3.956,212.6,0,0.0076
"2029-05-06 23:00",9.57,0,332.69,99.7,101.3,0.1,3.822,212.7,0,0.0073
"2029-05-07 00:00",9.2,0,285.99,99.7,101.6,0.1,3.637,212.9,0,0.0071
"2029-05-07 01:00",8.61,0,283,99.7,101.7,0.1,3.505,213,0,0.0068
"2029-05-07 02:00",8.13,0,280.62,99.7,101.7,0.1,3.373,213.2,0,0.0066
"2029-05-07 03:00",7.74,0,278.7,99.7,101.7,0.1,3.241,213.4,0,0.0064
"2029-05-07 04:00",7.43,0,277.17,99.7,101.7,0.1,3.109,213.6,0,0.0063
"2029-05-07 05:00",7.41,55.63,277.11,99.7,101.7,0,2.977,213.8,34.2,0.0063
"2029-05-07 06:00",9.53,180.91,287.62,99.7,101.8,0,2.845,214.1,62.5,0.0072
"2029-05-07 07:00",11.55,308.07,296.33,89.3,101.8,0,2.713,214.4,127.3,0.0074
"2029-05-07 08:00",13.43,429.95,304.23,78.8,101.8,0,2.582,214.7,205.6,0.0074
"2029-05-07 09:00",15.11,538.22,311.44,70.6,101.8,0,2.45,215,267,0.0074
"2029-05-07 10:00",16.56,625.07,317.73,64.3,101.8,0,2.319,215.4,308.1,0.0074
"2029-05-07 11:00",17.72,683.94,322.86,59.7,101.9,0,2.187,215.8,328,0.0074
"2029-05-07 12:00",18.57,696.76,326.73,56.8,101.8,0,1.968,214.2,338.5,0.0074
"2029-05-07 13:00",19.09,674.87,329.13,55.2,101.8,0,1.751,212.3,328.9,0.0075
"2029-05-07 14:00",19.27,619.95,329.98,54.8,101.8,0,1.537,209.7,299.2,0.0075
"2029-05-07 15:00",19.09,535.88,329.23,55.6,101.7,0,1.327,206.4,249.1,0.0075
"2029-05-07 16:00",18.24,428.49,325.46,58.8,101.7,0,1.123,201.8,179.7,0.0075
"2029-05-07 17:00",17.47,305.12,322.11,62,101.7,0,0.944,195.2,101.3,0.0076
"2029-05-07 18:00",16.4,173.94,317.41,66.6,101.6,0,0.765,185.4,63,0.0076
"2029-05-07 19:00",15.04,41.54,311.56,72.9,101.6,0,0.622,170.3,29.6,0.0076
"2029-05-07 20:00",13.48,0,304.9,80.9,101.5,0,0.57,148.7,0,0.0077
"2029-05-07 21:00",12.15,0,299.33,88.6,101.5,0,0.567,124.3,0,0.0077
"2029-05-07 22:00",11.1,0,294.98,95.3,101.5,0,0.666,104.4,0,0.0077
"2029-05-07 23:00",10.27,0,291.4,99.7,101.4,0,0.823,90.9,0,0.0076
"2029-05-08 00:00",10.43,0,307.24,99.7,101.2,0,1.638,82,0,0.0077
"2029-05-08 01:00",9.66,0,303.13,99.7,101.2,0,1.971,76.1,0,0.0074
"2029-05-08 02:00",9.05,0,299.88,99.7,101.1,0,2.33,71.9,0,0.0071
"2029-05-08 03:00",8.55,0,297.31,99.7,101.1,0,2.689,68.8,0,0.0068
"2029-05-08 04:00",8.16,0,295.26,99.7,101.1,0,3.054,66.5,0,0.0067
"2029-05-08 05:00",8.19,60.74,295.41,99.7,101,0,3.424,64.6,36.5,0.0067
"2029-05-08 06:00",10.69,185.81,308.65,99.7,101,0,3.796,63.1,63.4,0.0079
"2029-05-08 07:00",13.09,307.78,319.79,88.1,100.9,0,4.171,61.9,133,0.0082
"2029-05-08 08:00",15.32,419.75,329.95,76.5,100.9,0,4.547,60.9,218.7,0.0082
"2029-05-08 09:00",17.32,514.36,339.32,67.6,100.9,0,4.924,60,286.4,0.0082
"2029-05-08 10:00",19.06,585.29,347.58,60.8,100.8,0,5.303,59.2,334.7,0.0083
"2029-05-08 11:00",20.47,627.88,354.44,55.9,100.8,0,5.682,58.6,363.5,0.0083
"2029-05-08 12:00",21.54,637.02,359.53,52.1,100.8,0,5.084,60.3,373.1,0.0083
"2029-05-08 13:00",22.21,614.6,362.79,49.8,100.8,0,4.493,62.5,362.8,0.0082
"2029-05-08 14:00",22.5,562.51,364.1,48.8,100.7,0,3.91,65.4,333.2,0.0082
"2029-05-08 15:00",22.37,484.62,363.4,48.9,100.7,0,3.34,69.3,285.3,0.0082
"2029-05-08 16:00",21.67,386.47,359.87,50.9,100.7,0,2.779,74.7,220,0.0081
"2029-05-08 17:00",20.8,274.87,355.56,53.4,100.7,0,2.27,82.6,137.8,0.0081
"2029-05-08 18:00",19.56,157.27,349.54,57.4,100.7,0,1.83,94.7,59.6,0.0081
"2029-05-08 19:00",18,39.73,342.02,63.1,100.7,0,1.519,113,27.5,0.008
"2029-05-08 20:00",16.01,0,332.7,71.2,100.6,0,1.456,137,0,0.008
"2029-05-08 21:00",14.18,0,324.23,79.8,100.6,0,1.537,160.1,0,0.008
"2029-05-08 22:00",12.72,0,317.61,87.4,100.6,0,1.879,176.9,0,0.0079
"2029-05-08 23:00",11.56,0,312.43,93.9,100.6,0,2.328,187.8,0,0.0079
"2029-05-09 00:00",9.68,0,318.97,99.7,100.4,0,2.264,195,0,0.0074
"2029-05-09 01:00",9.31,0,316.89,99.7,100.4,0,2.692,200,0,0.0072
"2029-05-09 02:00",9,0,315.21,99.7,100.4,0,3.086,203.6,0,0.0071
"2029-05-09 03:00",8.76,0,313.85,99.7,100.3,0,3.531,206.3,0,0.007
"2029-05-09 04:00",8.56,0,312.75,99.7,100.3,0,3.983,208.4,0,0.0069
"2029-05-09 05:00",8.67,52.74,313.34,99.7,100.3,0,4.438,210,30.9,0.0069
"2029-05-09 06:00",10.13,154.75,321.48,99.7,100.3,0,4.897,211.4,87.7,0.0077
"2029-05-09 07:00",11.52,253.32,328.33,93.4,100.3,0,5.358,212.5,169.7,0.0079
"2029-05-09 08:00",12.81,342.8,334.25,85.5,100.2,0,5.82,213.4,246,0.0078
"2029-05-09 09:00",13.96,417.36,339.58,78.9,100.2,0,6.284,214.2,310.3,0.0078
"2029-05-09 10:00",14.93,472.14,344.12,73.8,100.2,0,6.749,214.9,358.3,0.0078
"2029-05-09 11:00",15.69,503.7,347.74,69.9,100.2,0,7.215,215.5,387.3,0.0077
"2029-05-09 12:00",16.24,520.12,350.22,66.9,100.2,0,6.935,215.8,396.2,0.0077
"2029-05-09 13:00",16.54,510.83,351.54,65,100.3,0,6.656,216.1,384.4,0.0076
"2029-05-09 14:00",16.6,476.04,351.66,64.2,100.3,0,6.376,216.4,352.2,0.0075
"2029-05-09 15:00",16.41,417.72,350.56,64.3,100.4,0,6.097,216.8,301.2,0.0074
"2029-05-09 16:00",16.82,339.5,352.39,62.1,100.4,0,5.819,217.2,234.2,0.0074
"2029-05-09 17:00",15.92,246.43,347.84,65.1,100.5,0,5.54,217.6,157.6,0.0073
"2029-05-09 18:00",14.8,144.57,342.31,69.3,100.5,0,5.262,218,71.1,0.0072
"2029-05-09 19:00",13.5,39.24,335.96,74.6,100.6,0,4.984,218.6,26.4,0.0071
"2029-05-09 20:00",12.16,0,329.53,80.6,100.6,0,4.707,219.1,0,0.0071
"2029-05-09 21:00",11.06,0,324.31,85.8,100.6,0,4.43,219.8,0,0.007
"2029-05-09 22:00",10.12,0,319.87,90.4,100.7,0,4.154,220.5,0,0.0069
"2029-05-09 23:00",9.31,0,316.08,94.5,100.7,0,3.879,221.4,0,0.0068
"2029-05-10 00:00",8.15,0,272.93,95.6,101.1,0,1.477,222.4,0,0.0064
"2029-05-10 01:00",7.63,0,270.71,97.6,101.2,0,1.366,223.5,0,0.0063
"2029-05-10 02:00",7.21,0,268.83,98.7,101.2,0,1.256,224.9,0,0.0062
"2029-05-10 03:00",6.87,0,267.29,99.2,101.3,0,1.146,226.5,0,0.006
"2029-05-10 04:00",6.6,0,266.03,99.5,101.3,0,1.038,228.4,0,0.006
"2029-05-10 05:00",6.77,65.12,266.69,98.4,101.4,0,0.931,230.7,37.3,0.006
"2029-05-10 06:00",8.63,187.98,273.9,86.6,101.4,0,0.827,233.7,65.7,0.0059
"2029-05-10 07:00",10.42,310.97,280.75,75.9,101.4,0,0.726,237.4,139.7,0.0059
"2029-05-10 08:00",12.07,426.91,287.2,67.3,101.5,0,0.629,242.4,220.8,0.0058
"2029-05-10 09:00",13.55,527.99,293.03,60.3,101.5,0,0.54,249,284.7,0.0057
"2029-05-10 10:00",14.81,607.12,298.05,54.9,101.6,0,0.47,258.1,329.8,0.0057
"2029-05-10 11:00",15.82,658.59,302.08,50.9,101.6,0,0.41,270.5,355.3,0.0056
"2029-05-10 12:00",16.55,672.31,305.1,48.3,101.6,0,0.358,280,364.1,0.0056
"2029-05-10 13:00",16.99,653.02,306.88,46.7,101.6,0,0.32,292.6,352.9,0.0055
"2029-05-10 14:00",17.13,602.05,307.37,46.1,101.6,0,0.3,308.2,321.9,0.0055
"2029-05-10 15:00",16.95,522.91,306.53,46.4,101.6,0,0.302,325.2,271.2,0.0055
"2029-05-10 16:00",17.52,420.98,308.85,44.5,101.6,0,0.342,340.9,201.2,0.0055
"2029-05-10 17:00",16.44,303.16,304.23,47.4,101.6,0,0.385,353.6,116.3,0.0054
"2029-05-10 18:00",15.1,177.25,298.53,51.4,101.6,0,0.443,3.1,62.6,0.0054
"2029-05-10 19:00",13.51,50,291.91,56.7,101.6,0,0.5,10.3,32.8,0.0054
"2029-05-10 20:00",11.75,0,284.73,63.3,101.6,0,0.571,15.6,0,0.0053
"2029-05-10 21:00",10.2,0,278.52,69.8,101.6,0,0.646,19.7,0,0.0053
"2029-05-10 22:00",8.9,0,273.36,75.8,101.6,0,0.723,22.9,0,0.0053
"2029-05-10 23:00",7.79,0,269.02,81.3,101.5,0,0.802,25.5,0,0.0053
"2029-05-11 00:00",6.27,0,268.24,85.3,101.5,0,2.291,27.7,0,0.005
"2029-05-11 01:00",5.55,0,265.43,89.2,101.5,0,2.501,29.4,0,0.005
"2029-05-11 02:00",4.98,0,263.18,92.3,101.5,0,2.713,30.8,0,0.0049
"2029-05-11 03:00",4.52,0,261.39,94.8,101.5,0,2.927,32.1,0,0.0049
"2029-05-11 04:00",4.15,0,259.95,96.7,101.5,0,3.141,33.1,0,0.0049
"2029-05-11 05:00",4.4,69.91,260.81,94.5,101.5,0,3.357,34,39.2,0.0048
"2029-05-11 06:00",6.75,193.87,269.66,79.9,101.5,0,3.573,34.8,65.8,0.0048
"2029-05-11 07:00",8.99,315.68,278.33,68.2,101.5,0,3.791,35.5,139.3,0.0048
"2029-05-11 08:00",11.07,428.18,286.56,59,101.5,0,4.008,36.1,223.4,0.0048
"2029-05-11 09:00",12.94,523.91,294.09,51.9,101.5,0,4.226,36.7,289.8,0.0047
"2029-05-11 10:00",14.54,596.4,300.67,46.5,101.5,0,4.445,37.2,337.2,0.0047
"2029-05-11 11:00",15.85,640.78,306.09,42.5,101.4,0,4.663,37.7,365.4,0.0047
"2029-05-11 12:00",16.82,656.32,310.45,40.5,101.4,0,4.362,37.4,373.2,0.0048
"2029-05-11 13:00",17.43,639.75,313.31,39.5,101.4,0,4.061,37.1,361.3,0.0048
"2029-05-11 14:00",17.67,592.08,314.56,39.5,101.3,0,3.76,36.7,329.6,0.0049
"2029-05-11 15:00",17.53,516.39,314.16,40.4,101.3,0,3.459,36.3,278.5,0.005
"2029-05-11 16:00",15.61,417.73,306.13,46.3,101.2,0,3.158,35.8,208.2,0.005
"2029-05-11 17:00",15.11,302.69,304.24,48.4,101.2,0,2.858,35.1,121.6,0.0051
"2029-05-11 18:00",14.28,178.83,300.93,51.8,101.1,0,2.558,34.4,62.6,0.0052
"2029-05-11 19:00",13.13,52.92,296.35,56.5,101.1,0,2.259,33.4,33.9,0.0053
"2029-05-11 20:00",11.64,0,290.39,63.1,101,0,1.96,32.1,0,0.0053
"2029-05-11 21:00",10.26,0,284.98,70.1,101,0,1.663,30.4,0,0.0054
"2029-05-11 22:00",9.23,0,281.06,76,101,0,1.368,27.8,0,0.0055
"2029-05-11 23:00",8.5,0,278.31,80.9,100.9,0,1.077,24,0,0.0055
"2029-05-12 00:00",9.15,0,283.94,90.1,100.6,0,0.649,17.2,0,0.0065
"2029-05-12 01:00",8.5,0,281.48,95.3,100.6,0,0.417,3.3,0,0.0065
"2029-05-12 02:00",7.98,0,279.5,99.5,100.5,0,0.31,330,0,0.0066
"2029-05-12 03:00",7.56,0,277.48,99.7,100.5,0,0.314,280.6,0,0.0064
"2029-05-12 04:00",7.23,0,275.85,99.7,100.4,0,0.49,254.7,0,0.0063
"2029-05-12 05:00",7.53,77.99,277.35,99.7,100.4,0,0.665,243.7,42.9,0.0064
"2029-05-12 06:00",9.71,210.99,287.21,93,100.3,0,0.888,238,69.6,0.0069
"2029-05-12 07:00",11.8,342.63,295.95,81.9,100.3,0,1.116,234.7,114.1,0.007
"2029-05-12 08:00",13.73,465.12,304.24,73,100.2,0,1.347,232.4,191,0.0071
"2029-05-12 09:00",15.46,570.26,311.83,66,100.2,0,1.58,230.8,256.5,0.0072
"2029-05-12 10:00",16.94,650.87,318.48,60.6,100.2,0,1.813,229.6,302.8,0.0073
"2029-05-12 11:00",18.14,701.35,323.96,56.8,100.1,0,2.047,228.7,329.3,0.0074
"2029-05-12 12:00",19.03,710.99,327.76,53.2,100.1,0,2.091,229.8,342.4,0.0073
"2029-05-12 13:00",19.58,686.05,330.05,50.9,100.1,0,2.135,230.9,335.5,0.0072
"2029-05-12 14:00",19.77,628.65,330.76,49.7,100.1,0,2.18,231.9,308.5,0.0071
"2029-05-12 15:00",19.61,543.04,329.85,49.7,100.1,0,2.226,232.9,261.4,0.007
"2029-05-12 16:00",19.09,435.33,327.32,50.8,100.1,0,2.272,233.8,194.9,0.007
"2029-05-12 17:00",18.24,313,323.34,52.9,100.1,0,2.319,234.7,114.6,0.0069
"2029-05-12 18:00",17.07,184.24,317.99,56.3,100.1,0,2.367,235.5,64,0.0068
"2029-05-12 19:00",15.62,56.18,311.47,61.1,100.2,0,2.415,236.4,35.1,0.0067
"2029-05-12 20:00",13.88,0,303.84,67.6,100.2,0.1,2.463,237.2,0,0.0067
"2029-05-12 21:00",12.28,0,296.94,74.2,100.2,0.1,2.512,237.9,0,0.0066
"2029-05-12 22:00",11,0,291.48,79.8,100.2,0.1,2.562,238.7,0,0.0065
"2029-05-12 23:00",9.98,0,287.13,84.4,100.2,0.1,2.611,239.4,0,0.0064
"2029-05-13 00:00",8.5,0,305.48,85.4,100.2,0.1,2.309,240,0,0.0059
"2029-05-13 01:00",8.08,0,303.47,86.8,100.2,0.1,2.353,240.7,0,0.0058
"2029-05-13 02:00",7.74,0,301.83,87.7,100.3,0.1,2.398,241.3,0,0.0057
"2029-05-13 03:00",7.47,0,300.47,88.2,100.3,0.1,2.442,241.9,0,0.0057
"2029-05-13 04:00",7.25,0,299.35,88.4,100.3,0.1,2.487,242.5,0,0.0056
"2029-05-13 05:00",7.53,69.42,300.37,85.6,100.3,0.1,2.532,243.1,37.5,0.0055
"2029-05-13 06:00",9.06,181,306.78,76.2,100.3,0.1,2.577,243.6,79.2,0.0054
"2029-05-13 07:00",10.52,288.98,312.96,68.2,100.3,0.1,2.623,244.1,169.5,0.0054
"2029-05-13 08:00",11.87,386.94,318.74,61.5,100.3,0.1,2.669,244.7,244.1,0.0053
"2029-05-13 09:00",13.06,468.45,323.92,56.1,100.3,0.1,2.714,245.1,308.6,0.0052
"2029-05-13 10:00",14.08,528.2,328.33,51.8,100.3,0.1,2.761,245.6,357.5,0.0052
"2029-05-13 11:00",14.89,562.45,331.82,48.5,100.3,0.1,2.807,246.1,387.6,0.0051
"2029-05-13 12:00",15.47,575.88,334.4,46.4,100.3,0.1,2.785,245.4,396.1,0.0051
"2029-05-13 13:00",15.81,561.4,335.85,45.1,100.4,0.1,2.763,244.8,384,0.005
"2029-05-13 14:00",15.9,519.87,336.12,44.5,100.4,0.1,2.741,244.1,351.8,0.005
"2029-05-13 15:00",15.72,454.01,335.2,44.7,100.4,0.1,2.72,243.4,301.1,0.0049
"2029-05-13 16:00",16.76,368.2,339.92,41.5,100.4,0.1,2.699,242.7,234.9,0.0049
"2029-05-13 17:00",15.7,268.18,334.83,44.1,100.5,0.1,2.678,242,160,0.0049
"2029-05-13 18:00",14.41,160.55,328.78,47.5,100.5,0.1,2.658,241.3,71.6,0.0048
"2029-05-13 19:00",12.93,51.35,321.93,52,100.5,0.1,2.639,240.6,31.4,0.0048
"2029-05-13 20:00",11.33,0,314.66,57.3,100.5,0.1,2.62,239.8,0,0.0048
"2029-05-13 21:00",9.93,0,308.39,62.5,100.6,0.1,2.601,239.1,0,0.0047
"2029-05-13 22:00",8.72,0,303.05,67.2,100.6,0.1,2.583,238.3,0,0.0047
"2029-05-13 23:00",7.68,0,298.45,71.6,100.6,0.1,2.565,237.6,0,0.0046
"2029-05-14 00:00",5.5,0,250.3,78,100.9,0.1,2.612,236.8,0,0.0043
"2029-05-14 01:00",4.93,0,248.17,80.5,101,0.1,2.595,236,0,0.0043
"2029-05-14 02:00",4.47,0,246.46,82.4,101,0.1,2.578,235.2,0,0.0043
"2029-05-14 03:00",4.11,0,245.07,83.9,101,0,2.562,234.4,0,0.0042
"2029-05-14 04:00",3.82,0,243.95,84.9,101,0,2.547,233.6,0,0.0042
"2029-05-14 05:00",4.22,76.87,245.26,81.9,101.1,0,2.532,232.7,40.8,0.0042
"2029-05-14 06:00",6.17,197.88,252.13,70.9,101.1,0,2.517,231.9,70.7,0.0041
"2029-05-14 07:00",8.02,317.75,258.8,61.9,101.1,0,2.503,231,150.6,0.0041
"2029-05-14 08:00",9.74,429.26,265.07,54.7,101.2,0,2.49,230.2,232.3,0.0041
"2029-05-14 09:00",11.28,524.96,270.76,49,101.2,0,2.477,229.3,296.6,0.004
"2029-05-14 10:00",12.59,598.28,275.67,44.5,101.2,0,2.465,228.4,342.6,0.004
"2029-05-14 11:00",13.64,644.18,279.63,41.2,101.2,0,2.454,227.5,369.8,0.004
"2029-05-14 12:00",14.41,638.85,282.83,39.8,101.2,0,2.362,225.8,382,0.004
"2029-05-14 13:00",14.87,602.84,284.85,39.1,101.2,0,2.272,224,373.3,0.0041
"2029-05-14 14:00",15.01,539.99,285.61,39.3,101.1,0,2.184,222.1,348,0.0041
"2029-05-14 15:00",14.84,455.87,285.1,40.3,101.1,0,2.1,219.9,302.5,0.0042
"2029-05-14 16:00",14.03,357.23,282.1,43,101,0.1,2.018,217.6,240.1,0.0042
"2029-05-14 17:00",13.32,251.44,279.5,45.6,101,0.1,1.941,215.1,166.1,0.0043
"2029-05-14 18:00",12.32,145.84,275.82,49.3,101,0.1,1.867,212.4,88.8,0.0044
"2029-05-14 19:00",11.07,46.42,271.19,54.2,100.9,0.1,1.798,209.5,27.8,0.0044
"2029-05-14 20:00",9.61,0,265.81,60.5,100.9,0.1,1.733,206.3,0,0.0045
"2029-05-14 21:00",8.31,0,261.12,66.9,100.9,0.1,1.702,203,0,0.0045
"2029-05-14 22:00",7.29,0,257.5,72.6,100.8,0.1,1.649,199.4,0,0.0046
"2029-05-14 23:00",6.49,0,254.72,77.6,100.8,0.1,1.603,195.5,0,0.0046
"2029-05-15 00:00",5.7,0,305.93,90.6,100.4,0.2,1.428,191.4,0,0.0051
"2029-05-15 01:00",5.29,0,304.31,94.3,100.4,0.2,1.401,187.2,0,0.0052
"2029-05-15 02:00",4.96,0,303.04,97.6,100.3,0.2,1.381,182.8,0,0.0053
"2029-05-15 03:00",4.69,0,301.89,99.5,100.3,0.2,1.369,178.4,0,0.0053
"2029-05-15 04:00",4.48,0,300.76,99.6,100.3,0.2,1.366,173.8,0,0.0052
"2029-05-15 05:00",4.85,29.69,302.76,99.7,100.2,0.2,1.372,169.3,29.1,0.0053
"2029-05-15 06:00",6.36,70.14,309.9,92.5,100.2,0.2,1.386,164.8,69.7,0.0055
"2029-05-15 07:00",7.8,104.7,316.51,84.8,100.2,0.2,1.408,160.5,104.4,0.0056
"2029-05-15 08:00",9.13,131.29,322.72,78.3,100.1,0.3,1.438,156.3,131.1,0.0056
"2029-05-15 09:00",10.31,148.4,328.32,73.1,100.1,0.3,1.553,152.3,148.3,0.0057
"2029-05-15 10:00",11.31,155.45,333.15,69.1,100,0.3,1.599,148.5,155.4,0.0058
"2029-05-15 11:00",12.1,152.8,337.06,66.3,100,0.3,1.652,144.9,152.8,0.0058
"2029-05-15 12:00",12.66,169.06,339.92,64.6,100,0.3,1.611,150.7,169.1,0.0059
"2029-05-15 13:00",12.98,177.11,341.64,63.9,100,0.3,1.508,156.7,177.1,0.0059
"2029-05-15 14:00",13.05,175.43,342.15,64.3,100,0.3,1.502,162.9,175.3,0.006
"2029-05-15 15:00",12.87,163.25,341.44,65.8,100,0.3,1.513,169,163,0.0061
"2029-05-15 16:00",10.88,140.69,332.23,75.8,100,0.3,1.542,175,140.3,0.0061
"2029-05-15 17:00",10.63,108.78,331.22,77.9,100,0.3,1.586,180.6,108.2,0.0062
"2029-05-15 18:00",10.16,69.42,329.2,81.2,100,0.3,1.645,186,68.6,0.0063
"2029-05-15 19:00",9.49,24.9,326.28,85.8,100,0.2,1.717,190.9,24.2,0.0063
"2029-05-15 20:00",8.72,0,322.87,91.4,100,0.2,1.8,195.4,0,0.0064
"2029-05-15 21:00",8.17,0,320.5,95.8,100.1,0.2,1.894,199.4,0,0.0065
"2029-05-15 22:00",7.8,0,319,99.2,100.1,0.2,1.965,203.1,0,0.0065
"2029-05-15 23:00",7.59,0,317.89,99.7,100.1,0.2,2.073,206.4,0,0.0065
"2029-05-16 00:00",9,0,304.9,96.6,100,0.2,2.824,209.4,0,0.0069
"2029-05-16 01:00",8.56,0,303,99.4,100.1,0.2,2.978,212.1,0,0.0069
"2029-05-16 02:00",8.21,0,301.18,99.7,100.1,0.2,3.138,214.5,0,0.0067
"2029-05-16 03:00",7.93,0,299.69,99.7,100.1,0.2,3.303,216.6,0,0.0066
"2029-05-16 04:00",7.71,0,298.49,99.7,100.1,0.2,3.472,218.6,0,0.0065
"2029-05-16 05:00",8.13,63.12,300.74,99.7,100.1,0.2,3.645,220.3,35,0.0067
"2029-05-16 06:00",9.71,160.54,308.85,97.4,100.1,0.2,3.821,221.9,105.5,0.0073
"2029-05-16 07:00",11.21,262.79,315.62,89,100.1,0.2,4,223.4,182.3,0.0074
"2029-05-16 08:00",12.59,363.63,321.97,81.9,100.1,0.2,4.182,224.7,255.5,0.0074
"2029-05-16 09:00",13.82,456.01,327.71,76.3,100.1,0.2,4.365,226,316.8,0.0075
"2029-05-16 10:00",14.87,533.02,332.66,72,100.1,0.2,4.55,227.1,361.3,0.0076
"2029-05-16 11:00",15.69,588.49,336.66,68.8,100.1,0.1,4.737,228.1,385.8,0.0076
"2029-05-16 12:00",16.29,600.49,339.39,66.1,100.1,0.1,4.552,228.6,394.6,0.0076
"2029-05-16 13:00",16.63,583.75,340.94,64.5,100.2,0.1,4.367,229.2,383,0.0076
"2029-05-16 14:00",16.71,539.45,341.26,63.9,100.2,0.1,4.183,229.8,351.7,0.0075
"2029-05-16 15:00",16.52,470.6,340.34,64.5,100.3,0.1,3.999,230.5,301.9,0.0075
"2029-05-16 16:00",16.64,381.91,340.83,63.8,100.3,0.1,3.816,231.2,238.4,0.0075
"2029-05-16 17:00",15.8,279.36,336.84,67.1,100.4,0.1,3.634,232,162.5,0.0075
"2029-05-16 18:00",14.73,169.78,331.83,71.6,100.4,0.1,3.452,232.9,74.2,0.0074
"2029-05-16 19:00",13.46,59.54,325.94,77.5,100.5,0.1,3.272,233.9,34.2,0.0074
"2029-05-16 20:00",12.06,0,319.54,84.7,100.5,0.1,3.092,235,0,0.0074
"2029-05-16 21:00",10.86,0,314.16,91.4,100.6,0.1,2.914,236.2,0,0.0074
"2029-05-16 22:00",9.87,0,309.74,97.3,100.6,0.1,2.737,237.6,0,0.0073
"2029-05-16 23:00",9.05,0,305.65,99.7,100.7,0.1,2.563,239.2,0,0.0071
"2029-05-17 00:00",8.16,0,299.49,99.7,100.9,0.1,1.369,241.1,0,0.0067
"2029-05-17 01:00",7.62,0,296.62,99.7,101,0.1,1.272,243.2,0,0.0064
"2029-05-17 02:00",7.18,0,294.35,99.7,101,0.1,1.177,245.7,0,0.0062
"2029-05-17 03:00",6.84,0,292.55,99.7,101.1,0.1,1.084,248.6,0,0.0061
"2029-05-17 04:00",6.56,0,291.11,99.7,101.1,0,0.995,252,0,0.006
"2029-05-17 05:00",7.09,74.46,293.87,99.7,101.2,0,0.91,256.1,37.7,0.0062
"2029-05-17 06:00",8.94,179.75,302.84,94.6,101.2,0,0.831,261,96.2,0.0066
"2029-05-17 07:00",10.71,283.55,310.45,83.7,101.3,0,0.816,266.9,180,0.0066
"2029-05-17 08:00",12.34,379.47,317.6,74.9,101.3,0,0.749,273.9,253.8,0.0066
"2029-05-17 09:00",13.79,461.13,324.07,67.9,101.4,0,0.696,282.3,317.4,0.0066
"2029-05-17 10:00",15.03,523.02,329.65,62.5,101.4,0,0.66,291.8,364.9,0.0065
"2029-05-17 11:00",16.02,560.93,334.17,58.4,101.5,0,0.643,302.1,393.8,0.0065
"2029-05-17 12:00",16.74,576,337.54,55.9,101.5,0,0.622,294.7,402,0.0065
"2029-05-17 13:00",17.17,563.6,339.57,54.4,101.5,0,0.612,286.9,389.6,0.0065
"2029-05-17 14:00",17.3,524.32,340.19,54,101.5,0,0.613,279.1,357.3,0.0065
"2029-05-17 15:00",17.12,460.61,339.39,54.7,101.5,0,0.626,271.5,306.6,0.0065
"2029-05-17 16:00",17.11,376.6,339.32,54.8,101.5,0,0.648,264.3,240.4,0.0066
"2029-05-17 17:00",16.22,277.85,335.21,58,101.5,0,0.634,257.7,165.8,0.0066
"2029-05-17 18:00",15.07,170.87,329.91,62.6,101.6,0,0.672,251.8,76.9,0.0066
"2029-05-17 19:00",13.67,61.96,323.57,68.5,101.6,0,0.716,246.5,35,0.0066
"2029-05-17 20:00",12.07,0,316.41,76.2,101.6,0,0.765,242,0,0.0066
"2029-05-17 21:00",10.61,0,309.98,84,101.6,0,0.819,238,0,0.0066
"2029-05-17 22:00",9.42,0,304.82,91.1,101.6,0,0.877,234.5,0,0.0066
"2029-05-17 23:00",8.45,0,300.64,97.4,101.6,0,0.937,231.5,0,0.0066
"2029-05-18 00:00",7.87,0,282.43,98.7,101.6,0,1.437,228.7,0,0.0064
"2029-05-18 01:00",7.1,0,278.75,99.7,101.6,0,1.53,226.4,0,0.0062
"2029-05-18 02:00",6.49,0,275.75,99.7,101.6,0,1.625,224.3,0,0.0059
"2029-05-18 03:00",6.01,0,273.4,99.7,101.6,0,1.721,222.5,0,0.0057
"2029-05-18 04:00",5.63,0,271.56,99.7,101.7,0,1.82,220.9,0,0.0056
"2029-05-18 05:00",6.33,87.88,274.97,99.7,101.7,0,1.92,219.4,43.9,0.0058
"2029-05-18 06:00",8.69,209.69,285.88,94.1,101.7,0,2.02,218.1,73.5,0.0065
"2029-05-18 07:00",10.95,331.23,295.17,81,101.7,0,2.122,216.9,152.3,0.0065
"2029-05-18 08:00",13.04,445,303.98,70.7,101.7,0,2.225,215.8,232.8,0.0065
"2029-05-18 09:00",14.91,543.33,312.06,62.6,101.7,0,2.329,214.8,296.3,0.0065
"2029-05-18 10:00",16.52,619.45,319.14,56.5,101.7,0,2.433,213.9,341.5,0.0065
"2029-05-18 11:00",17.84,667.98,325,52.1,101.7,0,2.537,213.1,367.6,0.0065
"2029-05-18 12:00",18.82,673.65,329.57,49.4,101.7,0,2.573,213.5,379.4,0.0066
"2029-05-18 13:00",19.45,647.39,332.55,47.9,101.7,0,2.608,213.9,371.1,0.0066
"2029-05-18 14:00",19.7,591.59,333.86,47.6,101.7,0,2.643,214.2,343.3,0.0067
"2029-05-18 15:00",19.58,510.58,333.44,48.4,101.7,0,2.679,214.6,297.2,0.0067
"2029-05-18 16:00",17.54,410.29,324.38,55.4,101.7,0,2.715,214.9,234.3,0.0068
"2029-05-18 17:00",17.09,297.8,322.5,57.5,101.7,0,2.751,215.3,155.8,0.0069
"2029-05-18 18:00",16.3,180.72,319.12,61,101.7,0,2.786,215.6,71.6,0.0069
"2029-05-18 19:00",15.19,65.95,314.4,66,101.6,0,2.822,215.9,36.6,0.007
"2029-05-18 20:00",13.72,0,308.14,73.1,101.6,0,2.858,216.3,0,0.007
"2029-05-18 21:00",12.15,0,301.55,81.7,101.6,0,2.895,216.6,0,0.0071
"2029-05-18 22:00",11,0,296.8,88.9,101.6,0,2.931,216.9,0,0.0071
"2029-05-18 23:00",10.17,0,293.47,94.7,101.6,0,2.967,217.2,0,0.0072
"2029-05-19 00:00",10.13,0,329.85,99.7,101.5,0,3.475,217.5,0,0.0076
"2029-05-19 01:00",9.65,0,327.11,99.7,101.5,0,3.517,217.7,0,0.0073
"2029-05-19 02:00",9.27,0,324.93,99.7,101.5,0,3.559,218,0,0.0071
"2029-05-19 03:00",8.97,0,323.2,99.7,101.5,0,3.601,218.3,0,0.007
"2029-05-19 04:00",8.72,0,321.82,99.7,101.5,0,3.644,218.5,0,0.0069
"2029-05-19 05:00",9.29,68.31,325.05,99.7,101.4,0,3.686,218.8,37.8,0.0072
"2029-05-19 06:00",10.95,157.06,334.6,99.7,101.4,0,3.729,219,111.4,0.008
"2029-05-19 07:00",12.52,241.91,342.82,93.7,101.4,0,3.771,219.3,188.6,0.0083
"2029-05-19 08:00",13.97,317.59,349.98,85.9,101.4,0,3.814,219.5,259.2,0.0084
"2029-05-19 09:00",15.26,379.17,356.46,79.6,101.4,0,3.857,219.8,317.4,0.0085
"2029-05-19 10:00",16.36,422.79,362.06,74.8,101.4,0,3.9,220,359.7,0.0085
"2029-05-19 11:00",17.23,445.91,366.59,71.3,101.4,0,3.942,220.2,384,0.0086
"2029-05-19 12:00",17.86,460.74,369.72,68.3,101.4,0,3.743,220.8,394.3,0.0086
"2029-05-19 13:00",18.22,453.75,371.54,66.5,101.4,0,3.544,221.4,385.2,0.0085
"2029-05-19 14:00",18.32,425,371.97,65.9,101.4,0,3.346,222.1,357,0.0085
"2029-05-19 15:00",18.14,376.08,371.01,66.5,101.4,0,3.148,222.9,311.2,0.0085
"2029-05-19 16:00",17.45,310.03,367.44,69.2,101.4,0,2.951,223.8,250.3,0.0085
"2029-05-19 17:00",16.81,231.1,364.15,71.8,101.4,0,2.755,224.9,177.9,0.0084
"2029-05-19 18:00",15.93,144.47,359.69,75.7,101.4,0,2.56,226.1,100.5,0.0084
"2029-05-19 19:00",14.84,55.32,354.21,81,101.4,0.1,2.366,227.5,31.3,0.0084
"2029-05-19 20:00",13.58,0,347.97,87.6,101.3,0.1,2.175,229.1,0,0.0084
"2029-05-19 21:00",12.48,0,342.59,93.9,101.3,0.1,1.985,231,0,0.0083
"2029-05-19 22:00",11.61,0,338.36,98.9,101.3,0.1,1.799,233.3,0,0.0083
"2029-05-19 23:00",10.93,0,334.51,99.7,101.3,0.1,1.616,236.2,0,0.008
"2029-05-20 00:00",10.7,0,319.52,99.2,101.3,0.1,1.138,240.2,0,0.0078
"2029-05-20 01:00",10.2,0,316.81,99.6,101.3,0.1,1.004,244.9,0,0.0076
"2029-05-20 02:00",9.8,0,314.65,99.8,101.3,0.1,0.88,250.9,0,0.0074
"2029-05-20 03:00",9.49,0,312.93,99.9,101.3,0.1,0.77,258.8,0,0.0073
"2029-05-20 04:00",9.24,0,311.56,99.9,101.3,0.1,0.682,269.1,0,0.0072
"2029-05-20 05:00",9.84,81,314.84,99.7,101.3,0.1,0.671,282.2,39.4,0.0074
"2029-05-20 06:00",11.5,188.18,323.14,94,101.3,0.1,0.65,297.3,98.4,0.0078
"2029-05-20 07:00",13.08,296.18,330.33,84.4,101.3,0.1,0.674,312.8,182.3,0.0078
"2029-05-20 08:00",14.54,398.3,337.06,76.5,101.3,0.1,0.738,326.5,253.4,0.0078
"2029-05-20 09:00",15.84,487.62,343.14,70.2,101.3,0.1,0.833,337.5,315.1,0.0078
"2029-05-20 10:00",16.95,557.85,348.38,65.2,101.3,0.1,0.886,346,360.5,0.0077
"2029-05-20 11:00",17.84,603.92,352.61,61.4,101.3,0.1,1.01,352.5,387.1,0.0077
"2029-05-20 12:00",18.48,618.33,355.66,58.7,101.3,0.1,1.054,354.7,395.1,0.0077
"2029-05-20 13:00",18.87,603.59,357.46,57,101.3,0.1,1.084,356.8,383,0.0076
"2029-05-20 14:00",18.98,560.58,357.94,56.3,101.3,0.1,1.116,358.7,351.5,0.0076
"2029-05-20 15:00",18.83,492.08,357.09,56.6,101.3,0.1,1.148,0.5,303.4,0.0075
"2029-05-20 16:00",19.81,402.65,361.84,52.9,101.3,0.1,1.244,2.2,241.2,0.0075
"2029-05-20 17:00",18.76,298.26,356.59,56.2,101.3,0.1,1.281,3.8,161.9,0.0075
"2029-05-20 18:00",17.47,185.84,350.23,60.6,101.4,0.1,1.318,5.3,73.6,0.0074
"2029-05-20 19:00",15.97,72.15,342.92,66.4,101.4,0.1,1.325,6.8,38.7,0.0074
"2029-05-20 20:00",14.27,0,334.84,73.6,101.4,0.1,1.37,8.1,0,0.0073
"2029-05-20 21:00",12.66,0,327.31,81.3,101.4,0.1,1.409,9.4,0,0.0073
"2029-05-20 22:00",11.3,0,321.04,88.5,101.4,0.1,1.449,10.6,0,0.0073
"2029-05-20 23:00",10.15,0,315.77,95,101.4,0.1,1.49,11.7,0,0.0072
"2029-05-21 00:00",7.98,0,282.25,99.7,101.5,0.1,1.558,12.6,0,0.0065
"2029-05-21 01:00",7.35,0,279.12,99.7,101.5,0,1.712,13.7,0,0.0063
"2029-05-21 02:00",6.85,0,276.66,99.7,101.5,0,1.759,14.6,0,0.0061
"2029-05-21 03:00",6.46,0,274.72,99.7,101.5,0,1.689,15.5,0,0.0059
"2029-05-21 04:00",6.14,0,273.19,99.7,101.5,0,1.733,16.4,0,0.0058
"2029-05-21 05:00",6.91,91.61,276.94,99.7,101.5,0,1.778,17.2,44,0.0061
"2029-05-21 06:00",8.93,208.37,286.59,97,101.6,0,1.823,18,81.3,0.0068
"2029-05-21 07:00",10.85,324.43,294.4,84.8,101.6,0,1.868,18.7,168.6,0.0067
"2029-05-21 08:00",12.62,432.56,301.74,75,101.6,0,1.914,19.5,247.1,0.0067
"2029-05-21 09:00",14.2,525.48,308.41,67.3,101.6,0,1.96,20.1,308.9,0.0067
"2029-05-21 10:00",15.56,596.84,314.18,61.3,101.6,0,2.006,20.8,353.5,0.0066
"2029-05-21 11:00",16.65,641.69,318.87,56.8,101.6,0,2.053,21.4,380.2,0.0066
"2029-05-21 12:00",17.45,659.75,322.34,53.8,101.7,0,2.086,21.9,387.5,0.0066
"2029-05-21 13:00",17.94,646.81,324.45,51.9,101.7,0,2.119,22.4,375.6,0.0065
"2029-05-21 14:00",18.11,603.4,325.12,51.1,101.7,0,2.153,22.9,344.4,0.0065
"2029-05-21 15:00",17.95,532.17,324.35,51.3,101.7,0,2.186,23.4,294,0.0065
"2029-05-21 16:00",17.81,437.69,323.62,51.5,101.8,0,2.22,23.9,224.8,0.0064
"2029-05-21 17:00",16.93,326.2,319.66,54.2,101.8,0,2.254,24.3,138.3,0.0064
"2029-05-21 18:00",15.77,205.05,314.46,58.1,101.8,0,2.288,24.8,67.5,0.0064
"2029-05-21 19:00",14.34,81.59,308.19,63.4,101.8,0,2.323,25.2,43.1,0.0063
"2029-05-21 20:00",12.65,0,300.92,70.4,101.9,0,2.357,25.6,0,0.0063
"2029-05-21 21:00",10.96,0,293.78,78.3,101.9,0,2.391,26,0,0.0063
"2029-05-21 22:00",9.6,0,288.13,85.3,101.9,0,2.426,26.4,0,0.0062
"2029-05-21 23:00",8.51,0,283.62,91.3,101.9,0,2.461,26.8,0,0.0062
"2029-05-22 00:00",7.24,0,250.95,97.4,102,0,2.625,27.2,0,0.006
"2029-05-22 01:00",6.64,0,248.6,99.7,102.1,0,2.661,27.5,0,0.0059
"2029-05-22 02:00",6.17,0,246.52,99.7,102.1,0,2.698,27.9,0,0.0057
"2029-05-22 03:00",5.79,0,244.88,99.7,102.1,0,2.735,28.2,0,0.0056
"2029-05-22 04:00",5.49,0,243.59,99.7,102.1,0,2.772,28.6,0,0.0055
"2029-05-22 05:00",6.28,109.46,247,99.7,102.1,0,2.809,28.9,52,0.0058
"2029-05-22 06:00",8.2,246.57,254.02,88.3,102.2,0,2.846,29.2,76.7,0.0058
"2029-05-22 07:00",10.03,383.86,260.63,77.6,102.2,0,2.884,29.5,111.1,0.0058
"2029-05-22 08:00",11.72,512.73,266.84,69,102.2,0,2.921,29.8,172.9,0.0058
"2029-05-22 09:00",13.23,624.48,272.46,62.2,102.2,0,2.958,30.1,229,0.0057
"2029-05-22 10:00",14.51,711.37,277.32,56.9,102.3,0,2.996,30.4,267.3,0.0057
"2029-05-22 11:00",15.55,767.23,281.25,52.9,102.3,0,3.033,30.6,286.8,0.0057
"2029-05-22 12:00",16.3,784.21,284.25,50.5,102.3,0,3.012,30.9,292.9,0.0057
"2029-05-22 13:00",16.76,764.49,286.09,49.2,102.3,0,2.991,31.1,281.6,0.0057
"2029-05-22 14:00",16.92,709.34,286.72,48.8,102.3,0,2.97,31.4,252.9,0.0057
"2029-05-22 15:00",16.75,622.42,286.12,49.4,102.3,0,2.948,31.6,207.2,0.0057
"2029-05-22 16:00",16.56,509.59,285.37,50.2,102.3,0,2.927,31.8,149.1,0.0057
"2029-05-22 17:00",15.72,378.43,282.12,53,102.3,0,2.906,32.1,98.9,0.0058
"2029-05-22 18:00",14.61,237.67,277.83,57.1,102.3,0,2.885,32.3,77.1,0.0058
"2029-05-22 19:00",13.25,95.88,272.63,62.5,102.3,0,2.864,32.6,49.9,0.0058
"2029-05-22 20:00",11.65,0,266.61,69.6,102.3,0,2.843,32.9,0,0.0058
"2029-05-22 21:00",10.06,0,260.75,77.5,102.3,0,2.822,33.1,0,0.0058
"2029-05-22 22:00",8.79,0,256.13,84.6,102.3,0,2.802,33.4,0,0.0058
"2029-05-22 23:00",7.77,0,252.47,90.9,102.3,0,2.781,33.7,0,0.0058
"2029-05-23 00:00",7.38,0,245.34,93.1,102.4,0,2.597,34,0,0.0058
"2029-05-23 01:00",6.55,0,242.45,98.7,102.4,0,2.578,34.2,0,0.0058
"2029-05-23 02:00",5.89,0,239.77,99.7,102.4,0,2.559,34.5,0,0.0056
"2029-05-23 03:00",5.38,0,237.59,99.7,102.4,0,2.539,34.8,0,0.0054
"2029-05-23 04:00",4.98,0,235.89,99.7,102.4,0,2.52,35.1,0,0.0053
"2029-05-23 05:00",5.98,119.11,240.15,99.7,102.4,0,2.501,35.4,56,0.0057
"2029-05-23 06:00",8.41,263.71,249.12,87.9,102.4,0,2.482,35.7,81.7,0.0059
"2029-05-23 07:00",10.72,407.09,257.44,75.5,102.4,0,2.463,36,102.4,0.0059
"2029-05-23 08:00",12.86,540.24,265.33,65.7,102.4,0,2.444,36.3,145.9,0.0059
"2029-05-23 09:00",14.78,654.24,272.57,58.1,102.4,0,2.426,36.6,194.3,0.0059
"2029-05-23 10:00",16.43,741.33,278.94,52.3,102.4,0,2.407,37,231.4,0.0059
"2029-05-23 11:00",17.78,795.53,284.22,48.2,102.4,0,2.388,37.3,252.6,0.006
"2029-05-23 12:00",18.8,811.32,288.3,45.5,102.4,0,2.374,37.4,260.3,0.006
"2029-05-23 13:00",19.45,789.28,291,43.9,102.4,0,2.36,37.5,252.1,0.006
"2029-05-23 14:00",19.73,730.96,292.2,43.4,102.4,0,2.346,37.6,228,0.0061
"2029-05-23 15:00",19.63,640.36,291.89,44,102.3,0,2.332,37.8,188.4,0.0061
"2029-05-23 16:00",18.41,523.67,287.12,47.7,102.3,0,2.318,37.9,139.2,0.0061
"2029-05-23 17:00",17.75,388.79,284.62,50.1,102.3,0,2.304,38,98.4,0.0062
"2029-05-23 18:00",16.74,244.74,280.78,53.7,102.3,0,2.29,38.1,78.9,0.0062
"2029-05-23 19:00",15.42,100.32,275.75,58.8,102.3,0,2.276,38.2,51.5,0.0063
"2029-05-23 20:00",13.74,0,269.45,65.9,102.3,0,2.262,38.4,0,0.0063
"2029-05-23 21:00",11.73,0,262.05,75.6,102.3,0,2.248,38.5,0,0.0063
"2029-05-23 22:00",10.2,0,256.51,84.2,102.3,0,2.234,38.6,0,0.0064
"2029-05-23 23:00",9.03,0,252.4,91.6,102.2,0,2.22,38.8,0,0.0064
"2029-05-24 00:00",10.18,0,274.76,86.5,102.2,0,2.18,38.9,0,0.0065
"2029-05-24 01:00",9.35,0,271.6,92,102.2,0,2.166,39,0,0.0066
"2029-05-24 02:00",8.69,0,269.17,96.7,102.1,0,2.153,39.2,0,0.0066
"2029-05-24 03:00",8.18,0,267.15,99.6,102.1,0,2.139,39.3,0,0.0066
"2029-05-24 04:00",6.39,0,258.81,99.7,102.1,0,2.125,39.4,0,0.0058
"2029-05-24 05:00",8.79,121.12,269.78,97.7,102.1,0,2.112,39.6,56.4,0.0067
"2029-05-24 06:00",11.14,264.51,278.99,83.9,102.1,0,2.098,39.7,81.5,0.0068
"2029-05-24 07:00",13.39,406.11,287.99,72.8,102.1,0,2.085,39.9,103.8,0.0068
"2029-05-24 08:00",15.46,536.99,296.53,64,102.1,0,2.071,40,151.4,0.0069
"2029-05-24 09:00",17.33,648.39,304.39,57.1,102.1,0,2.057,40.2,204.4,0.0069
"2029-05-24 10:00",18.95,732.8,311.32,51.9,102,0,2.044,40.3,245.3,0.0069
"2029-05-24 11:00",20.27,784.52,317.1,48,102,0,2.03,40.5,270,0.007
"2029-05-24 12:00",21.28,798.1,321.59,45.5,102,0,2.028,40.5,280.6,0.007
"2029-05-24 13:00",21.94,774.61,324.6,44,102,0,2.026,40.4,274.5,0.0071
"2029-05-24 14:00",22.24,715.82,326.04,43.5,102,0,2.023,40.4,251,0.0071
"2029-05-24 15:00",22.17,625.89,325.86,43.9,102,0,2.021,40.4,209.8,0.0072
"2029-05-24 16:00",20.37,511.07,318.06,49.4,102,0,2.019,40.4,154.1,0.0072
"2029-05-24 17:00",19.94,379.2,316.29,51.1,102,0,2.016,40.4,102.2,0.0073
"2029-05-24 18:00",19.17,239.13,313.07,53.9,102,0,2.014,40.4,76.7,0.0073
"2029-05-24 19:00",18.08,99.44,308.56,58.1,101.9,0,2.012,40.3,50.4,0.0074
"2029-05-24 20:00",16.66,0,302.64,64,101.9,0,2.01,40.3,0,0.0074
"2029-05-24 21:00",14.76,0,294.88,72.7,101.9,0,2.007,40.3,0,0.0075
"2029-05-24 22:00",13.36,0,289.26,80.2,101.9,0,2.005,40.3,0,0.0075
"2029-05-24 23:00",12.34,0,285.24,86.2,101.9,0,2.003,40.3,0,0.0076
"2029-05-25 00:00",12.07,0,304,93.2,101.9,0,1.995,40.3,0,0.008
"2029-05-25 01:00",11.45,0,301.46,97.7,101.9,0,1.992,40.2,0,0.0081
"2029-05-25 02:00",10.96,0,299.21,99.7,101.9,0,1.99,40.2,0,0.008
"2029-05-25 03:00",10.58,0,297.22,99.7,101.9,0,1.988,40.2,0,0.0078
"2029-05-25 04:00",9.22,0,290.21,99.7,101.9,0,1.986,40.2,0,0.0071
"2029-05-25 05:00",11.16,114.33,300.26,99.7,101.9,0,1.983,40.2,52.8,0.0081
"2029-05-25 06:00",13.06,246.39,308.83,90.7,101.9,0,1.981,40.2,75.7,0.0083
"2029-05-25 07:00",14.86,376.12,316.81,81.1,101.9,0,1.979,40.1,125.1,0.0084
"2029-05-25 08:00",16.53,495.31,324.32,73.4,101.8,0,1.976,40.1,203.5,0.0084
"2029-05-25 09:00",18.02,596.04,331.16,67.2,101.8,0,1.974,40.1,270.4,0.0085
"2029-05-25 10:00",19.29,671.56,337.11,62.4,101.8,0,1.972,40.1,319,0.0085
"2029-05-25 11:00",20.32,716.89,341.99,58.9,101.8,0,1.97,40.1,348.5,0.0086
"2029-05-25 12:00",21.08,732.53,345.5,56,101.8,0,1.978,39.5,356.2,0.0086
"2029-05-25 13:00",21.55,714.23,347.66,54.2,101.8,0,1.986,39,344.7,0.0085
"2029-05-25 14:00",21.73,663.18,348.41,53.4,101.8,0,1.995,38.4,314.2,0.0085
"2029-05-25 15:00",21.6,582.79,347.73,53.7,101.8,0,2.004,37.9,264.6,0.0085
"2029-05-25 16:00",20.78,478.48,343.82,56.2,101.8,0,2.013,37.3,196.7,0.0084
"2029-05-25 17:00",20.16,357.27,340.84,58.2,101.7,0,2.022,36.8,118.4,0.0084
"2029-05-25 18:00",19.26,227.26,336.62,61.3,101.7,0,2.031,36.3,72.5,0.0084
"2029-05-25 19:00",18.12,96.46,331.31,65.6,101.7,0,2.041,35.8,48.2,0.0083
"2029-05-25 20:00",16.74,0,324.99,71.3,101.7,0,2.05,35.3,0,0.0083
"2029-05-25 21:00",15.23,0,318.19,78.2,101.7,0,2.06,34.7,0,0.0083
"2029-05-25 22:00",14.06,0,312.99,84,101.7,0,2.07,34.2,0,0.0082
"2029-05-25 23:00",13.16,0,309.02,88.7,101.7,0,2.08,33.7,0,0.0082
"2029-05-26 00:00",12.36,0,295.07,90.8,101.7,0,2.235,33.2,0,0.008
"2029-05-26 01:00",11.85,0,292.89,93.6,101.7,0,2.246,32.8,0,0.0079
"2029-05-26 02:00",11.44,0,291.17,95.7,101.6,0,2.258,32.3,0,0.0079
"2029-05-26 03:00",11.12,0,289.79,97.3,101.6,0,2.269,31.8,0,0.0079
"2029-05-26 04:00",10,0,284.51,99.7,101.6,0,2.281,31.3,0,0.0075
"2029-05-26 05:00",11.67,117.63,291.94,93.2,101.6,0,2.293,30.8,53.8,0.0078
"2029-05-26 06:00",13.3,252.14,298.64,83.4,101.6,0,2.305,30.4,77.1,0.0078
"2029-05-26 07:00",14.85,385.56,305.09,75.1,101.6,0,2.317,29.9,118.4,0.0078
"2029-05-26 08:00",16.27,509.44,311.12,68.3,101.6,0,2.329,29.4,189,0.0077
"2029-05-26 09:00",17.54,615.47,316.57,62.8,101.6,0,2.341,29,251.2,0.0077
"2029-05-26 10:00",18.62,696.45,321.25,58.4,101.5,0,2.354,28.5,295.7,0.0077
"2029-05-26 11:00",19.49,746.82,325.04,55.1,101.5,0,2.367,28.1,321.4,0.0077
"2029-05-26 12:00",20.12,760.32,327.8,52.8,101.5,0,2.342,28.3,331.5,0.0076
"2029-05-26 13:00",20.51,738.72,329.45,51.3,101.5,0,2.317,28.5,323.1,0.0076
"2029-05-26 14:00",20.63,683.61,329.93,50.7,101.4,0,2.292,28.8,296,0.0076
"2029-05-26 15:00",20.49,598.87,329.24,50.9,101.4,0,2.268,29,249.9,0.0075
"2029-05-26 16:00",21.09,490.35,331.86,48.8,101.4,0,2.243,29.2,185.9,0.0075
"2029-05-26 17:00",20.19,365.44,327.74,51.4,101.4,0,2.219,29.5,113.8,0.0075
"2029-05-26 18:00",19.06,232.52,322.61,54.9,101.3,0,2.194,29.7,73.8,0.0074
"2029-05-26 19:00",17.71,99.82,316.63,59.4,101.3,0,2.17,30,49.3,0.0074
"2029-05-26 20:00",16.18,0,309.9,65.2,101.3,0,2.145,30.2,0,0.0074
"2029-05-26 21:00",14.61,0,303.15,71.8,101.2,0,2.121,30.5,0,0.0073
"2029-05-26 22:00",13.32,0,297.66,77.7,101.2,0,2.097,30.8,0,0.0073
"2029-05-26 23:00",12.24,0,293.14,83,101.2,0,2.072,31,0,0.0073
"2029-05-27 00:00",10.69,0,299.98,90.2,101.1,0,2.348,31.3,0,0.0071
"2029-05-27 01:00",10.07,0,297.28,93.6,101.1,0,2.32,31.6,0,0.0071
"2029-05-27 02:00",9.58,0,295.16,96.3,101,0,2.293,31.9,0,0.0071
"2029-05-27 03:00",9.19,0,293.49,98.3,101,0,2.265,32.2,0,0.007
"2029-05-27 04:00",7.91,0,287.14,99.7,101,0,2.238,32.6,0,0.0065
"2029-05-27 05:00",9.85,114.84,296.09,93.2,100.9,0,2.211,32.9,52.1,0.007
"2029-05-27 06:00",11.74,242.96,304.01,81.8,100.9,0,2.184,33.2,74.7,0.0069
"2029-05-27 07:00",13.53,369.1,311.68,72.4,100.9,0,2.157,33.5,138.4,0.0069
"2029-05-27 08:00",15.18,485.25,318.88,64.7,100.9,0,2.13,33.9,219.8,0.0069
"2029-05-27 09:00",16.66,583.66,325.4,58.6,100.8,0.1,2.103,34.3,286.2,0.0069
"2029-05-27 10:00",17.93,657.72,331.05,53.8,100.8,0.1,2.077,34.6,334.1,0.0068
"2029-05-27 11:00",18.95,702.52,335.65,50.3,100.8,0.1,2.05,35,362.9,0.0068
"2029-05-27 12:00",19.7,714.06,339.09,47.8,100.8,0.1,1.906,33.5,373.3,0.0068
"2029-05-27 13:00",20.17,692.74,341.21,46.3,100.7,0.1,1.764,31.8,364.4,0.0068
"2029-05-27 14:00",20.34,640.21,341.96,45.7,100.7,0.1,1.623,29.8,336.3,0.0067
"2029-05-27 15:00",20.21,560.23,341.31,45.9,100.7,0,1.485,27.4,289.4,0.0067
"2029-05-27 16:00",19.11,458.37,336.14,49,100.7,0,1.35,24.5,224.2,0.0067
"2029-05-27 17:00",18.56,341.62,333.58,50.6,100.7,0,1.22,21.1,143.1,0.0067
"2029-05-27 18:00",17.75,217.84,329.81,53.1,100.7,0,1.095,16.8,71.9,0.0067
"2029-05-27 19:00",16.68,94.69,324.96,56.6,100.7,0,0.979,11.4,46.2,0.0066
"2029-05-27 20:00",15.4,0,319.16,61.3,100.6,0,0.871,4.7,0,0.0066
"2029-05-27 21:00",13.94,0,312.7,67.1,100.6,0,0.783,356.2,0,0.0066
"2029-05-27 22:00",12.83,0,307.84,71.9,100.6,0,0.734,345.9,0,0.0066
"2029-05-27 23:00",11.99,0,304.21,75.8,100.6,0,0.695,333.8,0,0.0066
"2029-05-28 00:00",11.11,0,312,82.6,100.5,0,0.882,320.5,0,0.0068
"2029-05-28 01:00",10.7,0,310.17,84.7,100.5,0,0.915,307.8,0,0.0067
"2029-05-28 02:00",10.38,0,308.7,86.3,100.5,0,0.97,296.5,0,0.0067
"2029-05-28 03:00",10.12,0,307.53,87.5,100.5,0,1.071,287.1,0,0.0067
"2029-05-28 04:00",9.25,0,303.71,92.5,100.5,0,1.196,279.5,0,0.0067
"2029-05-28 05:00",10.66,106.39,309.78,83.9,100.5,0,1.338,273.5,47.9,0.0067
"2029-05-28 06:00",12.03,222.74,315.76,76.4,100.5,0,1.493,268.7,85.9,0.0066
"2029-05-28 07:00",13.32,336.89,321.51,69.9,100.4,0,1.657,264.8,175,0.0066
"2029-05-28 08:00",14.52,441.57,326.85,64.5,100.4,0,1.827,261.6,254.1,0.0066
"2029-05-28 09:00",15.57,529.81,331.64,60.1,100.4,0,2.002,259,315.9,0.0066
"2029-05-28 10:00",16.47,595.73,335.73,56.6,100.4,0,2.181,256.8,360.3,0.0066
"2029-05-28 11:00",17.18,635.01,338.99,53.9,100.4,0,2.363,255,386.7,0.0065
"2029-05-28 12:00",17.69,644.07,341.29,51.9,100.4,0,2.185,257.1,396.2,0.0065
"2029-05-28 13:00",17.99,623.58,342.59,50.7,100.4,0,2.011,259.7,386.8,0.0065
"2029-05-28 14:00",18.06,575.2,342.84,50.2,100.4,0,1.842,262.7,358,0.0064
"2029-05-28 15:00",17.91,502.49,342.03,50.4,100.4,0,1.678,266.3,311.5,0.0064
"2029-05-28 16:00",17.54,410.58,340.19,51.3,100.4,0,1.523,270.7,251.7,0.0064
"2029-05-28 17:00",17.56,305.83,340.19,51,100.4,0,1.379,276,177.5,0.0063
"2029-05-28 18:00",16.58,195.28,335.53,53.9,100.4,0,1.249,282.5,90.8,0.0063
"2029-05-28 19:00",15.42,85.82,330.11,57.7,100.4,0,1.139,290.4,41.4,0.0063
"2029-05-28 20:00",14.11,0,324.06,62.5,100.4,0,1.054,299.8,0,0.0062
"2029-05-28 21:00",12.89,0,318.46,67.3,100.4,0,1.017,310.5,0,0.0062
"2029-05-28 22:00",11.87,0,313.87,71.5,100.4,0,1.001,321.9,0,0.0062
"2029-05-28 23:00",11.02,0,310.05,75.2,100.4,0,1.023,333.2,0,0.0061
"2029-05-29 00:00",9.66,0,300.44,79.4,100.5,0,0.85,343.7,0,0.0059
"2029-05-29 01:00",9.22,0,298.48,81.3,100.5,0,0.9,352.7,0,0.0059
"2029-05-29 02:00",8.87,0,296.91,82.7,100.5,0,0.988,0.2,0,0.0058
"2029-05-29 03:00",8.59,0,295.65,83.8,100.5,0,1.097,6.3,0,0.0058
"2029-05-29 04:00",7.68,0.06,291.77,88.6,100.5,0,1.211,11.4,0.1,0.0058
"2029-05-29 05:00",9.18,92.36,297.95,79.6,100.5,0,1.334,15.5,42.2,0.0057
"2029-05-29 06:00",10.63,191.3,304.05,71.8,100.5,0,1.463,19,116.7,0.0057
"2029-05-29 07:00",12.01,287.87,309.91,65.1,100.5,0,1.596,21.8,195.5,0.0057
"2029-05-29 08:00",13.27,375.9,315.36,59.6,100.5,0,1.733,24.3,269.9,0.0056
"2029-05-29 09:00",14.4,449.53,320.24,55.1,100.5,0,1.873,26.3,332.5,0.0056
"2029-05-29 10:00",15.35,503.92,324.42,51.5,100.5,0,2.014,28.1,379.3,0.0056
"2029-05-29 11:00",16.11,535.59,327.75,48.7,100.5,0,2.158,29.7,407.8,0.0055
"2029-05-29 12:00",16.66,544.65,330.25,47.1,100.5,0,2.153,29.3,416.6,0.0055
"2029-05-29 13:00",16.98,528.78,331.73,46.2,100.5,0,2.148,28.9,405.5,0.0055
"2029-05-29 14:00",17.06,489.21,332.13,46,100.5,0,2.143,28.5,374.9,0.0055
"2029-05-29 15:00",16.91,428.74,331.46,46.4,100.5,0,2.138,28.1,326.6,0.0055
"2029-05-29 16:00",16.53,351.58,329.73,47.6,100.5,0,2.133,27.6,263.5,0.0055
"2029-05-29 17:00",15.98,263.02,327.25,49.3,100.6,0,2.129,27.2,189.5,0.0055
"2029-05-29 18:00",15.15,169.01,323.51,52.1,100.6,0,2.124,26.8,112.1,0.0055
"2029-05-29 19:00",14.13,75.43,318.96,55.7,100.6,0,2.12,26.4,39.3,0.0055
"2029-05-29 20:00",12.95,0,313.74,60.2,100.6,0,2.116,26,0,0.0056
"2029-05-29 21:00",11.8,0,308.75,64.9,100.6,0,2.112,25.6,0,0.0056
"2029-05-29 22:00",10.89,0,304.83,69,100.6,0,2.108,25.2,0,0.0056
"2029-05-29 23:00",10.17,0,301.73,72.5,100.6,0,2.104,24.7,0,0.0056
"2029-05-30 00:00",9.33,0,313.87,79,100.6,0,1.697,24.3,0,0.0057
"2029-05-30 01:00",8.92,0,312.09,81.3,100.7,0,1.695,23.9,0,0.0057
"2029-05-30 02:00",8.6,0,310.68,83.1,100.7,0,1.692,23.5,0,0.0057
"2029-05-30 03:00",8.35,0,309.57,84.6,100.7,0,1.689,23,0,0.0057
"2029-05-30 04:00",7.54,0.27,306.02,89.5,100.7,0,1.687,22.6,0.3,0.0057
"2029-05-30 05:00",8.92,82.95,312.13,81.5,100.7,0,1.684,22.2,48.6,0.0058
"2029-05-30 06:00",10.27,171.08,318.16,74.5,100.7,0,1.682,21.7,123.1,0.0058
"2029-05-30 07:00",11.55,257.67,323.94,68.5,100.7,0,1.679,21.3,199.8,0.0058
"2029-05-30 08:00",12.72,337.19,329.33,63.4,100.7,0,1.677,20.9,270.6,0.0058
"2029-05-30 09:00",13.76,404.33,334.16,59.3,100.7,0,1.675,20.4,330.1,0.0058
"2029-05-30 10:00",14.64,454.63,338.29,56.1,100.7,0,1.673,20,374.7,0.0058
"2029-05-30 11:00",15.34,484.76,341.6,53.6,100.8,0,1.672,19.6,401.8,0.0058
"2029-05-30 12:00",15.84,495.63,343.97,51.9,100.8,0,1.68,19.7,410.6,0.0058
"2029-05-30 13:00",16.13,483.86,345.34,50.9,100.8,0,1.689,19.9,400.1,0.0058
"2029-05-30 14:00",16.2,450.21,345.67,50.7,100.8,0,1.698,20.1,370.7,0.0058
"2029-05-30 15:00",16.05,396.9,344.95,51.1,100.8,0,1.707,20.3,324.2,0.0058
"2029-05-30 16:00",15.69,327.52,343.2,52.3,100.8,0,1.716,20.5,263.2,0.0058
"2029-05-30 17:00",15.37,246.74,341.72,53.3,100.8,0,1.725,20.6,191.6,0.0057
"2029-05-30 18:00",14.52,159.96,337.68,56.3,100.8,0,1.734,20.8,115.1,0.0057
"2029-05-30 19:00",13.5,72.63,332.88,60.1,100.8,0,1.743,21,42.4,0.0057
"2029-05-30 20:00",12.32,0,327.44,64.9,100.8,0,1.752,21.1,0,0.0057
"2029-05-30 21:00",11.21,0,322.35,69.8,100.8,0,1.761,21.3,0,0.0057
"2029-05-30 22:00",10.32,0,318.29,74,100.8,0,1.77,21.5,0,0.0057
"2029-05-30 23:00",9.59,0,315,77.7,100.8,0,1.779,21.6,0,0.0057
"2029-05-31 00:00",8.85,0,302.75,80.8,100.8,0,1.822,21.8,0,0.0057
"2029-05-31 01:00",8.39,0,300.78,83.3,100.9,0,1.958,21.9,0,0.0057
"2029-05-31 02:00",8.03,0,299.23,85.3,100.9,0,1.968,22.1,0,0.0057
"2029-05-31 03:00",7.75,0,298.01,86.9,100.9,0,1.978,22.3,0,0.0057
"2029-05-31 04:00",6.87,0.64,294.31,92.2,100.9,0,1.988,22.4,0.6,0.0056
"2029-05-31 05:00",8.39,84.78,300.73,83.1,100.9,0,1.997,22.6,48.7,0.0056
"2029-05-31 06:00",9.86,174.62,307.07,75.2,100.9,0,2.007,22.7,123.4,0.0056
"2029-05-31 07:00",11.26,263.93,313.17,68.5,100.9,0,1.887,22.9,200.5,0.0056
"2029-05-31 08:00",12.54,346.99,318.85,62.9,100.9,0,1.896,23,272.2,0.0056
"2029-05-31 09:00",13.68,418.24,323.96,58.3,100.9,0,1.905,23.2,332.9,0.0056
"2029-05-31 10:00",14.64,472.82,328.34,54.7,100.9,0,1.914,23.3,378.6,0.0056
"2029-05-31 11:00",15.41,506.97,331.87,52.1,100.9,0,1.924,23.4,406.7,0.0056
"2029-05-31 12:00",15.97,518.28,334.42,50.2,100.9,0,1.933,23.6,415.6,0.0056
"2029-05-31 13:00",16.3,505.98,335.93,49.1,100.9,0,1.942,23.7,404.9,0.0056
"2029-05-31 14:00",16.39,470.85,336.35,48.8,101,0,1.951,23.9,375,0.0056
"2029-05-31 15:00",16.24,415.24,335.65,49.2,101,0,1.959,24,327.6,0.0056
"2029-05-31 16:00",15.86,342.88,333.87,50.4,101,0,1.968,24.1,265.5,0.0056
"2029-05-31 17:00",15.52,258.66,332.31,51.5,101,0,1.977,24.2,192.5,0.0056
"2029-05-31 18:00",14.62,168.21,328.13,54.5,101,0,1.986,24.4,114.9,0.0056
"2029-05-31 19:00",13.52,77.22,323.13,58.5,101,0,1.995,24.5,41.2,0.0056
"2029-05-31 20:00",12.25,0,317.45,63.5,101,0,2.004,24.6,0,0.0056
"2029-05-31 21:00",11,0,311.87,69,101,0,2.013,24.7,0,0.0056
"2029-05-31 22:00",9.98,0,307.43,73.8,101,0,2.022,24.9,0,0.0056
"2029-05-31 23:00",9.16,0,303.86,77.9,101,0,2.031,25,0,0.0056
"2029-06-01 00:00",8.35,0,289.94,80.7,101.1,0,1.962,25.1,0,0.0055
"2029-06-01 01:00",7.84,0,287.83,83.5,101.1,0,1.971,25.2,0,0.0055
"2029-06-01 02:00",7.44,0,286.17,85.8,101.1,0,1.98,25.4,0,0.0055
"2029-06-01 03:00",7.12,0,284.87,87.6,101.1,0,1.988,25.5,0,0.0054
"2029-06-01 04:00",6.19,1.13,281.08,93.3,101.1,0,1.997,25.6,1.1,0.0054
"2029-06-01 05:00",7.83,87.63,287.75,83.3,101.1,0,2.006,25.7,47.9,0.0054
"2029-06-01 06:00",9.43,179.31,294.36,74.7,101.1,0,2.014,25.8,123.4,0.0054
"2029-06-01 07:00",10.95,270.44,300.71,67.5,101.1,0,2.023,25.9,200.9,0.0054
"2029-06-01 08:00",12.34,355.19,306.65,61.5,101.1,0,2.032,26,273.2,0.0054
"2029-06-01 09:00",13.58,427.87,312.01,56.7,101.1,0,2.041,26.2,334.3,0.0054
"2029-06-01 10:00",14.63,483.52,316.62,52.9,101.1,0,2.049,26.3,380.3,0.0054
"2029-06-01 11:00",15.48,518.34,320.34,50.1,101.1,0,2.058,26.4,408.6,0.0054
"2029-06-01 12:00",16.09,533.44,323.14,48.3,101.1,0,2.092,26.3,417.9,0.0054
"2029-06-01 13:00",16.46,524.28,324.85,47.4,101.1,0,2.126,26.3,407.3,0.0055
"2029-06-01 14:00",16.57,491.2,325.42,47.2,101.1,0,2.159,26.2,377.3,0.0055
"2029-06-01 15:00",16.43,436.2,324.84,47.8,101.1,0,2.193,26.2,329.3,0.0055
"2029-06-01 16:00",16.03,362.79,323.12,49.2,101.1,0,2.227,26.2,265.9,0.0055
"2029-06-01 17:00",15.5,275.82,320.82,51.1,101.1,0,2.261,26.1,191.3,0.0055
"2029-06-01 18:00",14.6,181.05,316.87,54.4,101.1,0,2.294,26.1,112.9,0.0056
"2029-06-01 19:00",13.48,84.51,312.05,58.7,101.1,0,2.328,26,39.9,0.0056
"2029-06-01 20:00",12.19,0,306.5,64.1,101.1,0,2.362,26,0,0.0056
"2029-06-01 21:00",10.84,0,300.76,70.4,101.1,0,2.396,26,0,0.0056
"2029-06-01 22:00",9.75,0,296.25,75.9,101.1,0,2.429,25.9,0,0.0056
"2029-06-01 23:00",8.89,0,292.71,80.7,101.1,0,2.463,25.9,0,0.0057
"2029-06-02 00:00",8.29,0,267.53,86.2,101.1,0,3.089,25.9,0,0.0058
"2029-06-02 01:00",7.71,0,265.4,89.9,101.1,0,3.13,25.8,0,0.0058
"2029-06-02 02:00",7.26,0,263.75,93.1,101.1,0,3.172,25.8,0,0.0058
"2029-06-02 03:00",6.91,0,262.47,95.7,101.1,0,3.214,25.8,0,0.0059
"2029-06-02 04:00",5.91,1.92,258.37,99.7,101.1,0,3.256,25.8,1.9,0.0057
"2029-06-02 05:00",7.7,101.96,265.53,91.3,101.1,0,3.298,25.7,44.5,0.0059
"2029-06-02 06:00",9.43,208.58,272.22,81.5,101.1,0,3.339,25.7,110.5,0.0059
"2029-06-02 07:00",11.08,315.77,278.68,73.2,101.1,0,3.381,25.7,193.5,0.0059
"2029-06-02 08:00",12.6,416.7,284.73,66.5,101.1,0,3.423,25.6,263.5,0.006
"2029-06-02 09:00",13.95,504.54,290.21,61.1,101.1,0,3.465,25.6,324.6,0.006
"2029-06-02 10:00",15.1,573.18,294.96,56.9,101.1,0,3.507,25.6,369.8,0.006
"2029-06-02 11:00",16.03,617.77,298.83,53.8,101.1,0,3.548,25.6,396.8,0.006
"2029-06-02 12:00",16.71,638.45,301.64,51.5,101.1,0,3.411,25.9,403.1,0.006
"2029-06-02 13:00",17.12,630.16,303.37,50.2,101.1,0,3.273,26.2,389.7,0.006
"2029-06-02 14:00",17.26,592.94,303.96,49.7,101.1,0,3.136,26.5,359.9,0.006
"2029-06-02 15:00",17.13,528.86,303.39,50.1,101.1,0,2.998,26.9,313.5,0.006
"2029-06-02 16:00",16.72,441.9,301.67,51.4,101.1,0,2.861,27.3,248.8,0.006
"2029-06-02 17:00",16.72,337.7,301.7,51.4,101.2,0,2.724,27.8,165.6,0.006
"2029-06-02 18:00",15.58,223.16,296.96,55.2,101.2,0,2.587,28.3,78.9,0.006
"2029-06-02 19:00",14.22,105.59,291.36,60.3,101.2,0,2.451,28.8,48.5,0.006
"2029-06-02 20:00",12.65,0,285.04,66.7,101.2,0,2.315,29.4,0,0.006
"2029-06-02 21:00",10.94,0,278.26,74.7,101.2,0,2.179,30.2,0,0.006
"2029-06-02 22:00",9.53,0,272.77,82,101.2,0,2.043,31,0,0.006
"2029-06-02 23:00",8.38,0,268.34,88.6,101.3,0,1.908,31.9,0,0.006
"2029-06-03 00:00",7.48,0,241.15,87.5,101.4,0,0.831,32.8,0,0.0056
"2029-06-03 01:00",6.67,0,238.37,92.4,101.4,0,0.769,34,0,0.0056
"2029-06-03 02:00",6.04,0,236.23,96.5,101.4,0,0.708,35.5,0,0.0056
"2029-06-03 03:00",5.55,0,234.53,99.4,101.4,0,0.647,37.2,0,0.0055
"2029-06-03 04:00",4.25,3.44,229.18,99.7,101.4,0,0.586,39.2,3.4,0.0051
"2029-06-03 05:00",6.53,136.74,237.88,93.2,101.4,0,0.524,41.8,59.3,0.0055
"2029-06-03 06:00",8.75,279.03,245.52,80.1,101.5,0,0.467,45,83.4,0.0055
"2029-06-03 07:00",10.85,422.95,252.95,69.5,101.5,0,0.421,49.1,107.2,0.0055
"2029-06-03 08:00",12.8,559.33,259.97,61.1,101.5,0,0.367,54.5,148.6,0.0055
"2029-06-03 09:00",14.55,678.89,266.38,54.5,101.5,0,0.318,61.9,188.4,0.0055
"2029-06-03 10:00",16.05,773.28,272,49.4,101.5,0,0.277,71.8,214.5,0.0055
"2029-06-03 11:00",17.28,835.69,276.66,45.7,101.5,0,0.248,85.2,224.7,0.0055
"2029-06-03 12:00",18.21,845.89,280.41,43.8,101.6,0,0.208,100.2,240.1,0.0056
"2029-06-03 13:00",18.81,817.86,282.94,42.8,101.6,0,0.174,121.1,241.9,0.0057
"2029-06-03 14:00",19.07,753.98,284.16,42.7,101.6,0,0.17,144.1,228.1,0.0058
"2029-06-03 15:00",18.99,659.05,284.04,43.5,101.6,0,0.19,163.1,197.4,0.0058
"2029-06-03 16:00",18.56,539.86,282.59,45.3,101.6,0,0.229,176.3,151.9,0.0059
"2029-06-03 17:00",15.68,404.72,271.75,55.1,101.6,0,0.279,185.1,106.3,0.006
"2029-06-03 18:00",15.29,262.76,270.47,57.2,101.6,0,0.334,191.1,80.5,0.0061
"2029-06-03 19:00",14.61,122.94,268.1,60.6,101.6,0,0.386,195.4,56,0.0062
"2029-06-03 20:00",13.67,0,264.78,65.2,101.6,0,0.445,198.6,0,0.0062
"2029-06-03 21:00",12.2,0,259.56,72.7,101.6,0,0.506,201.1,0,0.0063
"2029-06-03 22:00",11.16,0,255.92,78.9,101.6,0,0.567,203,0,0.0064
"2029-06-03 23:00",10.49,0,253.7,83.5,101.6,0,0.628,204.6,0,0.0065
"2029-06-04 00:00",11.7,0,314.73,86.5,101.5,0,1.786,205.9,0,0.0073
"2029-06-04 01:00",11.13,0,312.39,90.9,101.5,0,1.946,206.9,0,0.0074
"2029-06-04 02:00",10.68,0,310.61,94.8,101.5,0,2.106,207.8,0,0.0075
"2029-06-04 03:00",10.33,0,309.21,98,101.5,0,2.267,208.6,0,0.0075
"2029-06-04 04:00",9.38,3.78,304.4,99.7,101.5,0,2.428,209.3,3.7,0.0072
"2029-06-04 05:00",11.15,117.04,313.24,95.2,101.5,0,2.589,209.9,50.6,0.0077
"2029-06-04 06:00",12.88,232.86,321.1,86,101.6,0,2.751,210.4,88.8,0.0078
"2029-06-04 07:00",14.51,345.33,328.69,78.2,101.6,0,2.913,210.9,179.2,0.0079
"2029-06-04 08:00",16.01,447.19,335.81,71.8,101.6,0,3.075,211.3,258.9,0.008
"2029-06-04 09:00",17.34,531.67,342.27,66.7,101.6,0,3.237,211.7,320.5,0.0081
"2029-06-04 10:00",18.48,593.3,347.89,62.8,101.6,0,3.399,212,364.3,0.0082
"2029-06-04 11:00",19.4,628.23,352.49,59.9,101.6,0,3.562,212.3,394.7,0.0083
"2029-06-04 12:00",20.07,647.18,355.76,57.5,101.6,0,3.369,212.6,401.6,0.0083
"2029-06-04 13:00",20.48,636.91,357.78,56.1,101.6,0,3.177,212.9,389,0.0083
"2029-06-04 14:00",20.62,597.72,358.47,55.7,101.6,0,2.986,213.3,361,0.0083
"2029-06-04 15:00",20.49,531.94,357.83,56.2,101.7,0,2.794,213.7,314.9,0.0083
"2029-06-04 16:00",20.09,443.78,355.86,57.6,101.7,0,2.602,214.1,251,0.0083
"2029-06-04 17:00",18.81,339.02,349.73,62.4,101.7,0,2.411,214.7,169.3,0.0083
"2029-06-04 18:00",18.1,224.62,346.3,65.3,101.7,0,2.22,215.3,81.6,0.0083
"2029-06-04 19:00",17.15,107.9,341.84,69.3,101.7,0,2.029,216,48.7,0.0083
"2029-06-04 20:00",16.02,0.03,336.5,74.6,101.8,0,1.838,216.9,0,0.0083
"2029-06-04 21:00",14.72,0,330.51,81.1,101.8,0,1.648,218,0,0.0083
"2029-06-04 22:00",13.73,0,325.96,86.5,101.8,0,1.459,219.4,0,0.0083
"2029-06-04 23:00",12.99,0,322.61,90.8,101.8,0,1.271,221.2,0,0.0083
"2029-06-05 00:00",13.09,0,295.7,86.7,102,0,0.695,223.5,0,0.008
"2029-06-05 01:00",12.53,0,293.4,90,102,0,0.577,226.9,0,0.008
"2029-06-05 02:00",12.09,0,291.6,92.7,102,0,0.462,232.1,0,0.008
"2029-06-05 03:00",11.74,0,290.2,94.9,102.1,0,0.353,240.5,0,0.008
"2029-06-05 04:00",10.84,5.09,286.37,99.7,102.1,0,0.264,255.7,5.1,0.0079
"2029-06-05 05:00",12.57,132.77,293.63,89.9,102.1,0,0.212,283.6,57.1,0.008
"2029-06-05 06:00",14.26,267.72,300.66,80.6,102.1,0,0.226,319.3,79.7,0.008
"2029-06-05 07:00",15.86,403.66,307.43,72.7,102.1,0,0.294,343.8,119,0.008
"2029-06-05 08:00",17.34,531.9,313.77,66.3,102.2,0,0.412,357,181.4,0.008
"2029-06-05 09:00",18.65,643.74,319.5,61.1,102.2,0,0.529,4.4,235.2,0.008
"2029-06-05 10:00",19.76,731.42,324.44,57,102.2,0,0.636,9,271.4,0.008
"2029-06-05 11:00",20.66,788.7,328.46,53.9,102.2,0,0.76,12.1,289.1,0.008
"2029-06-05 12:00",21.32,805.71,331.45,51.9,102.2,0,0.824,15.3,296.5,0.008
"2029-06-05 13:00",21.72,786.42,333.29,50.8,102.2,0,0.887,18,287.2,0.008
"2029-06-05 14:00",21.85,732.12,333.94,50.4,102.2,0,0.952,20.4,261,0.008
"2029-06-05 15:00",21.72,646.49,333.36,51,102.2,0,1.018,22.4,218,0.0081
"2029-06-05 16:00",21.32,535.33,331.58,52.3,102.2,0,1.086,24.2,161.4,0.0081
"2029-06-05 17:00",20.91,406.16,329.78,53.8,102.2,0,1.154,25.8,108.9,0.0081
"2029-06-05 18:00",19.93,267.64,325.43,57.2,102.2,0,1.223,27.2,81.4,0.0081
"2029-06-05 19:00",18.74,128.6,320.17,61.8,102.2,0,1.293,28.4,57.7,0.0081
"2029-06-05 20:00",17.35,0.34,314.12,67.5,102.2,0,1.364,29.5,0.3,0.0081
"2029-06-05 21:00",15.81,0,307.55,74.6,102.2,0,1.435,30.5,0,0.0082
"2029-06-05 22:00",14.57,0,302.3,81,102.1,0,1.506,31.4,0,0.0082
"2029-06-05 23:00",13.57,0,298.17,86.5,102.1,0,1.578,32.3,0,0.0082
"2029-06-06 00:00",12.93,0,308.71,90.1,102.1,0,1.928,33,0,0.0082
"2029-06-06 01:00",12.24,0,305.79,94.4,102.1,0,2.013,33.7,0,0.0082
"2029-06-06 02:00",11.71,0,303.53,98,102.1,0,2.098,34.3,0,0.0082
"2029-06-06 03:00",11.29,0,301.58,99.5,102,0,2.183,34.9,0,0.0081
"2029-06-06 04:00",10.24,6.35,296.14,99.7,102,0,2.269,35.5,6.1,0.0076
"2029-06-06 05:00",12.25,141.04,305.94,95.1,102,0,2.355,36,60.5,0.0083
"2029-06-06 06:00",14.2,281.16,314.45,83.9,102,0,2.441,36.4,83.5,0.0083
"2029-06-06 07:00",16.05,420.33,322.68,74.6,102,0,2.527,36.9,111.3,0.0083
"2029-06-06 08:00",17.76,549.59,330.42,67.1,102,0,2.613,37.3,161.7,0.0083
"2029-06-06 09:00",19.28,660.26,337.45,61.1,102,0,2.7,37.7,215.3,0.0083
"2029-06-06 10:00",20.59,744.84,343.57,56.4,102,0,2.786,38,255.3,0.0083
"2029-06-06 11:00",21.65,797.56,348.6,53,102,0,2.873,38.4,278.9,0.0084
"2029-06-06 12:00",22.44,810.95,352.37,50.6,102,0,2.884,37.9,291.2,0.0084
"2029-06-06 13:00",22.93,787.87,354.78,49.2,102,0,2.895,37.5,287,0.0084
"2029-06-06 14:00",23.12,730.15,355.74,48.7,101.9,0,2.906,37.1,265.5,0.0084
"2029-06-06 15:00",23.01,641.92,355.23,49.1,101.9,0,2.918,36.7,226.2,0.0084
"2029-06-06 16:00",22.59,529.33,353.26,50.5,101.9,0,2.929,36.3,170.7,0.0084
"2029-06-06 17:00",21.34,400.14,347.33,54.6,101.9,0,2.941,35.8,112.1,0.0085
"2029-06-06 18:00",20.52,263.03,343.5,57.5,101.9,0,2.953,35.4,79.7,0.0085
"2029-06-06 19:00",19.45,126.74,338.53,61.6,101.9,0,2.965,35,56.4,0.0085
"2029-06-06 20:00",18.15,0.86,332.56,66.9,101.9,0,2.978,34.6,0.9,0.0085
"2029-06-06 21:00",16.53,0,325.25,74.2,101.9,0,2.99,34.2,0,0.0085
"2029-06-06 22:00",15.25,0,319.55,80.7,101.9,0,3.003,33.8,0,0.0085
"2029-06-06 23:00",14.29,0,315.34,86,101.8,0,3.015,33.4,0,0.0086
"2029-06-07 00:00",14.04,0,322.66,90,101.8,0,2.666,33.1,0,0.0088
"2029-06-07 01:00",13.39,0,319.77,94,101.8,0,2.678,32.7,0,0.0088
"2029-06-07 02:00",12.89,0,317.54,97.3,101.8,0,2.689,32.3,0,0.0088
"2029-06-07 03:00",12.49,0,315.71,99.4,101.7,0,2.701,31.9,0,0.0088
"2029-06-07 04:00",11.51,6.58,310.42,99.7,101.7,0,2.713,31.5,6.4,0.0083
"2029-06-07 05:00",13.44,128.34,320.07,94.4,101.7,0,2.724,31.2,54.8,0.0089
"2029-06-07 06:00",15.31,253.59,328.57,83.8,101.7,0,2.736,30.8,79.2,0.0089
"2029-06-07 07:00",17.08,376.71,336.78,74.9,101.7,0,2.749,30.4,150.2,0.0089
"2029-06-07 08:00",18.72,489.75,344.49,67.7,101.7,0,2.761,30.1,232.5,0.0089
"2029-06-07 09:00",20.17,585.16,351.48,62,101.7,0,2.773,29.7,298.9,0.009
"2029-06-07 10:00",21.42,656.6,357.54,57.5,101.7,0,2.786,29.3,347.1,0.009
"2029-06-07 11:00",22.43,699.39,362.51,54.2,101.6,0,2.798,29,376.6,0.009
"2029-06-07 12:00",23.18,716.43,366.08,51.4,101.6,0,2.857,29.1,384.3,0.0089
"2029-06-07 13:00",23.64,701.31,368.27,49.7,101.6,0,2.917,29.1,373.1,0.0089
"2029-06-07 14:00",23.82,654.92,369.01,48.8,101.6,0,2.976,29.2,343.1,0.0088
"2029-06-07 15:00",23.7,580.29,368.29,48.8,101.6,0,3.035,29.3,294.6,0.0088
"2029-06-07 16:00",23.29,482.38,366.12,49.7,101.6,0,3.095,29.3,227.9,0.0087
"2029-06-07 17:00",23.18,367.78,365.47,49.7,101.6,0,3.154,29.4,145.8,0.0086
"2029-06-07 18:00",22.03,244.13,359.7,52.9,101.6,0,3.213,29.5,76.5,0.0086
"2029-06-07 19:00",20.64,119.37,352.82,57.2,101.6,0,3.273,29.5,52.8,0.0085
"2029-06-07 20:00",19.04,1.5,345.02,62.7,101.6,0,3.332,29.6,1.5,0.0085
"2029-06-07 21:00",17.16,0,336.11,70.1,101.6,0,3.392,29.6,0,0.0084
"2029-06-07 22:00",15.61,0,328.82,76.8,101.6,0,3.451,29.7,0,0.0083
"2029-06-07 23:00",14.35,0,323.01,82.7,101.6,0,3.51,29.7,0,0.0083
"2029-06-08 00:00",11.78,0,301.59,95.5,101.7,0,3.907,29.8,0,0.0081
"2029-06-08 01:00",11.37,0,299.74,97.4,101.7,0,3.972,29.8,0,0.008
"2029-06-08 02:00",11.05,0,298.26,98.8,101.7,0,4.037,29.9,0,0.008
"2029-06-08 03:00",10.79,0,297.04,99.5,101.6,0,4.102,29.9,0,0.0079
"2029-06-08 04:00",10.14,7.67,293.73,99.7,101.6,0,4.167,30,7.4,0.0076
"2029-06-08 05:00",11.5,135.83,299.84,93.8,101.6,0,4.232,30,57.8,0.0078
"2029-06-08 06:00",12.82,269.52,305.32,85.3,101.6,0,4.297,30,79.9,0.0077
"2029-06-08 07:00",14.06,403.01,310.56,78.1,101.6,0,4.362,30.1,122.2,0.0077
"2029-06-08 08:00",15.2,527.73,315.42,72,101.6,0,4.427,30.1,190,0.0076
"2029-06-08 09:00",16.21,635.25,319.75,66.9,101.6,0,4.492,30.2,249.2,0.0076
"2029-06-08 10:00",17.07,718.24,323.44,62.9,101.6,0,4.557,30.2,291.1,0.0075
"2029-06-08 11:00",17.75,770.96,326.36,59.8,101.6,0,4.622,30.2,314.7,0.0074
"2029-06-08 12:00",18.24,780.84,328.47,57.7,101.7,0,4.628,30.3,330.7,0.0074
"2029-06-08 13:00",18.52,755.74,329.67,56.3,101.7,0,4.635,30.3,328.5,0.0074
"2029-06-08 14:00",18.6,697.81,329.91,55.8,101.7,0,4.641,30.3,307.5,0.0073
"2029-06-08 15:00",18.46,611.38,329.19,55.9,101.7,0,4.647,30.4,267.2,0.0073
"2029-06-08 16:00",18.11,502.63,327.52,56.8,101.7,0,4.653,30.4,208.1,0.0072
"2029-06-08 17:00",18.16,379.13,327.67,56.3,101.7,0,4.66,30.4,134.9,0.0072
"2029-06-08 18:00",17.24,249.26,323.42,59.4,101.7,0,4.666,30.4,76.1,0.0071
"2029-06-08 19:00",16.14,121.25,318.47,63.3,101.7,0,4.672,30.5,53.2,0.0071
"2029-06-08 20:00",14.9,2.3,312.93,68.2,101.7,0,4.679,30.5,2.2,0.0071
"2029-06-08 21:00",13.65,0,307.45,73.5,101.7,0,4.685,30.5,0,0.007
"2029-06-08 22:00",12.62,0,302.96,78.1,101.7,0,4.691,30.6,0,0.007
"2029-06-08 23:00",11.77,0,299.28,82.1,101.7,0,4.698,30.6,0,0.0069
"2029-06-09 00:00",10.23,0,303.06,89,101.7,0,4.641,30.6,0,0.0068
"2029-06-09 01:00",9.86,0,301.4,90.7,101.7,0,4.647,30.7,0,0.0067
"2029-06-09 02:00",9.57,0,300.08,91.9,101.7,0,4.654,30.7,0,0.0067
"2029-06-09 03:00",9.34,0,299.02,92.8,101.7,0,4.66,30.7,0,0.0067
"2029-06-09 04:00",8.76,6.99,296.5,95.9,101.7,0,4.666,30.8,7,0.0066
"2029-06-09 05:00",10,112.17,301.65,87.7,101.7,0,4.672,30.8,47.6,0.0066
"2029-06-09 06:00",11.2,219.09,306.71,80.5,101.8,0,4.679,30.8,109,0.0065
"2029-06-09 07:00",12.33,323.09,311.54,74.2,101.8,0,4.685,30.8,195.7,0.0065
"2029-06-09 08:00",13.37,417.42,316.01,68.9,101.8,0,4.691,30.9,267.4,0.0065
"2029-06-09 09:00",14.29,495.82,319.99,64.5,101.8,0,4.697,30.9,330.9,0.0064
"2029-06-09 10:00",15.07,553.18,323.36,61,101.8,0,4.704,30.9,379,0.0064
"2029-06-09 11:00",15.68,585.92,326.04,58.2,101.8,0,4.71,31,409,0.0063
"2029-06-09 12:00",16.12,603.72,328.07,56.8,101.8,0,4.684,31,417.4,0.0064
"2029-06-09 13:00",16.37,594.5,329.27,56.1,101.8,0,4.659,31.1,405.9,0.0064
"2029-06-09 14:00",16.43,558.54,329.58,56,101.8,0,4.634,31.1,375,0.0064
"2029-06-09 15:00",16.3,498,329.01,56.7,101.8,0,4.608,31.2,326.3,0.0064
"2029-06-09 16:00",15.97,416.74,327.57,58,101.8,0,4.583,31.3,262.3,0.0064
"2029-06-09 17:00",15.7,320.11,326.42,59.2,101.8,0,4.557,31.3,190.6,0.0065
"2029-06-09 18:00",14.95,214.55,323.04,62.3,101.8,0,4.532,31.4,102.9,0.0065
"2029-06-09 19:00",14.03,106.85,319.01,66.3,101.8,0,4.507,31.5,46.6,0.0065
"2029-06-09 20:00",12.99,2.85,314.42,71.1,101.8,0,4.481,31.5,2.7,0.0065
"2029-06-09 21:00",11.97,0,309.99,76.3,101.8,0,4.456,31.6,0,0.0065
"2029-06-09 22:00",11.14,0,306.46,80.8,101.8,0,4.431,31.7,0,0.0065
"2029-06-09 23:00",10.48,0,303.64,84.7,101.8,0,4.405,31.7,0,0.0066
"2029-06-10 00:00",10,0,288.24,88.6,101.8,0,4.401,31.8,0,0.0066
"2029-06-10 01:00",9.54,0,286.4,91.7,101.8,0,4.375,31.9,0,0.0067
"2029-06-10 02:00",9.18,0,284.97,94.2,101.8,0,4.35,31.9,0,0.0067
"2029-06-10 03:00",8.89,0,283.86,96.3,101.9,0,4.324,32,0,0.0067
"2029-06-10 04:00",8.2,8.34,280.91,99.6,101.9,0,4.299,32.1,8.1,0.0066
"2029-06-10 05:00",9.68,126.73,287.12,91.8,101.9,0,4.273,32.1,53.7,0.0067
"2029-06-10 06:00",11.11,251.25,293.04,83.7,101.9,0,4.248,32.2,81.7,0.0068
"2029-06-10 07:00",12.47,376.79,298.72,76.7,101.9,0,4.223,32.3,152.8,0.0068
"2029-06-10 08:00",13.71,495.3,304.01,70.9,101.9,0,4.197,32.4,229.2,0.0068
"2029-06-10 09:00",14.82,598.75,308.77,66.2,101.9,0,4.172,32.4,289.7,0.0068
"2029-06-10 10:00",15.75,679.96,312.86,62.5,101.9,0,4.146,32.5,331.9,0.0068
"2029-06-10 11:00",16.5,733.17,316.16,59.8,101.9,0,4.121,32.6,355.1,0.0068
"2029-06-10 12:00",17.04,747.89,318.64,58.1,101.9,0,4.066,32.3,364.9,0.0069
"2029-06-10 13:00",17.36,729.2,320.16,57.3,101.9,0,4.012,32.1,356.2,0.0069
"2029-06-10 14:00",17.46,678.45,320.67,57.4,101.9,0,3.958,31.8,328.9,0.007
"2029-06-10 15:00",17.32,599.15,320.17,58.2,101.9,0,3.903,31.5,282.9,0.007
"2029-06-10 16:00",16.95,496.74,318.67,60,101.9,0,3.849,31.3,218.8,0.0071
"2029-06-10 17:00",16.27,378.21,315.76,63.1,101.9,0,3.795,31,140.4,0.0071
"2029-06-10 18:00",15.51,251.52,312.58,66.6,101.9,0,3.741,30.7,76.9,0.0072
"2029-06-10 19:00",14.58,124.79,308.62,71.2,101.9,0,3.687,30.4,54.2,0.0072
"2029-06-10 20:00",13.48,4.25,304.01,76.9,101.9,0,3.633,30.1,4.3,0.0073
"2029-06-10 21:00",12.32,0,299.21,83.5,101.9,0,3.58,29.8,0,0.0073
"2029-06-10 22:00",11.4,0,295.45,89.3,101.9,0,3.526,29.4,0,0.0073
"2029-06-10 23:00",10.68,0,292.57,94.2,101.9,0,3.473,29.1,0,0.0074
"2029-06-11 00:00",10.9,0,302.2,95.6,101.9,0,3.183,28.7,0,0.0076
"2029-06-11 01:00",10.25,0,299.39,99.4,102,0,3.133,28.4,0,0.0076
"2029-06-11 02:00",9.74,0,296.8,99.7,102,0,3.084,28,0,0.0073
"2029-06-11 03:00",9.35,0,294.76,99.7,102,0,3.035,27.6,0,0.0072
"2029-06-11 04:00",8.44,8.98,290.07,99.7,102,0,2.986,27.2,8.7,0.0067
"2029-06-11 05:00",10.34,127.34,299.92,99.7,102,0,2.937,26.8,53.9,0.0076
"2029-06-11 06:00",12.19,249.63,308.31,91,102,0,2.888,26.4,82.5,0.0079
"2029-06-11 07:00",13.94,370.75,316.07,81.6,102,0,2.839,25.9,160.4,0.0079
"2029-06-11 08:00",15.56,482.88,323.35,74,102,0,2.791,25.5,241.3,0.008
"2029-06-11 09:00",16.99,578.49,329.96,67.9,102,0,2.742,25,305.7,0.008
"2029-06-11 10:00",18.23,651.15,335.71,63.2,102,0,2.694,24.5,352.3,0.0081
"2029-06-11 11:00",19.22,695.97,340.44,59.7,102,0,2.646,24,380.6,0.0081
"2029-06-11 12:00",19.96,711.47,343.86,56.9,102,0,2.643,23.9,389.4,0.0081
"2029-06-11 13:00",20.42,695.22,346,55.2,102,0,2.64,23.9,379.6,0.0081
"2029-06-11 14:00",20.59,648.3,346.79,54.5,102,0,2.637,23.8,351,0.0081
"2029-06-11 15:00",20.48,573.9,346.2,54.8,102,0,2.633,23.8,304.2,0.0081
"2029-06-11 16:00",20.07,477.04,344.26,56.1,101.9,0,2.63,23.7,239.6,0.008
"2029-06-11 17:00",19.03,364.29,339.36,59.7,101.9,0,2.627,23.6,158.8,0.008
"2029-06-11 18:00",18.2,243.21,335.45,62.8,101.9,0,2.624,23.6,81,0.008
"2029-06-11 19:00",17.12,121.58,330.47,67.1,101.9,0,2.621,23.5,52.5,0.008
"2029-06-11 20:00",15.83,5.1,324.58,72.7,101.9,0,2.617,23.5,5.2,0.008
"2029-06-11 21:00",14.26,0,317.56,80.3,101.9,0,2.614,23.4,0,0.008
"2029-06-11 22:00",13,0,311.95,87,101.9,0,2.611,23.3,0,0.008
"2029-06-11 23:00",12.03,0,307.74,92.5,101.9,0,2.608,23.3,0,0.0079
"2029-06-12 00:00",11.27,0,312.85,94.8,101.8,0,2.677,23.2,0,0.0077
"2029-06-12 01:00",10.74,0,310.49,98,101.8,0,2.674,23.2,0,0.0077
"2029-06-12 02:00",10.32,0,308.51,99.7,101.8,0,2.671,23.1,0,0.0076
"2029-06-12 03:00",10,0,306.76,99.7,101.8,0,2.667,23,0,0.0075
"2029-06-12 04:00",9.24,9.61,302.71,99.7,101.8,0,2.664,23,9.3,0.0071
"2029-06-12 05:00",10.87,130.22,310.97,96.3,101.8,0,2.661,22.9,55,0.0077
"2029-06-12 06:00",12.46,255.34,317.98,86.6,101.8,0,2.658,22.9,80.6,0.0076
"2029-06-12 07:00",13.97,379.8,324.71,78.3,101.8,0,2.654,22.8,150.4,0.0076
"2029-06-12 08:00",15.35,495.58,330.99,71.5,101.8,0,2.651,22.7,229.9,0.0076
"2029-06-12 09:00",16.58,594.91,336.65,66,101.8,0,2.648,22.7,293.9,0.0076
"2029-06-12 10:00",17.63,671.03,341.52,61.6,101.8,0,2.645,22.6,339.9,0.0076
"2029-06-12 11:00",18.47,718.77,345.46,58.3,101.8,0,2.642,22.6,367.4,0.0076
"2029-06-12 12:00",19.08,727.14,348.39,56.2,101.8,0,2.654,22.7,381.3,0.0076
"2029-06-12 13:00",19.45,703.12,350.18,54.9,101.8,0,2.665,22.8,376,0.0076
"2029-06-12 14:00",19.57,648.8,350.77,54.5,101.8,0,2.677,23,351.6,0.0076
"2029-06-12 15:00",19.44,568.33,350.15,55,101.8,0,2.689,23.1,308.6,0.0076
"2029-06-12 16:00",19.06,467.5,348.33,56.4,101.8,0,2.701,23.2,248.2,0.0076
"2029-06-12 17:00",18.4,353.37,345.22,58.7,101.8,0,2.713,23.4,172.1,0.0076
"2029-06-12 18:00",17.57,233.69,341.27,61.9,101.8,0,2.726,23.5,88.8,0.0076
"2029-06-12 19:00",16.52,116.1,336.39,66.2,101.8,0,2.738,23.6,49.9,0.0076
"2029-06-12 20:00",15.3,5.69,330.73,71.6,101.8,0,2.75,23.8,5.8,0.0076
"2029-06-12 21:00",13.94,0,324.54,78.2,101.8,0,2.762,23.9,0,0.0076
"2029-06-12 22:00",12.84,0,319.58,84.1,101.8,0,2.774,24,0,0.0076
"2029-06-12 23:00",11.98,0,315.75,89.1,101.8,0,2.786,24.2,0,0.0076
"2029-06-13 00:00",10.95,0,323.06,96.8,101.8,0,2.958,24.3,0,0.0077
"2029-06-13 01:00",10.52,0,321.12,99.4,101.8,0,2.971,24.4,0,0.0077
"2029-06-13 02:00",10.19,0,319.3,99.7,101.7,0,2.984,24.5,0,0.0076
"2029-06-13 03:00",9.93,0,317.85,99.7,101.7,0,2.997,24.6,0,0.0074
"2029-06-13 04:00",9.32,7.86,314.45,99.7,101.7,0,3.01,24.8,8,0.0071
"2029-06-13 05:00",10.68,101.19,321.91,98.7,101.7,0,3.023,24.9,48.1,0.0078
"2029-06-13 06:00",12.01,195.58,327.99,90.4,101.7,0,3.036,25,126.4,0.0078
"2029-06-13 07:00",13.26,287.04,333.83,83.3,101.7,0,3.049,25.1,204.1,0.0078
"2029-06-13 08:00",14.42,369.6,339.25,77.4,101.7,0,3.062,25.2,277.3,0.0078
"2029-06-13 09:00",15.44,437.8,344.11,72.5,101.7,0,3.075,25.4,338.6,0.0078
"2029-06-13 10:00",16.3,487.22,348.27,68.6,101.7,0,3.088,25.5,384.3,0.0078
"2029-06-13 11:00",16.99,514.85,351.62,65.7,101.7,0,3.101,25.6,412,0.0078
"2029-06-13 12:00",17.49,532.42,354.06,63.8,101.7,0,3.076,25.6,422.3,0.0078
"2029-06-13 13:00",17.78,526.27,355.51,62.7,101.8,0,3.052,25.6,412.8,0.0078
"2029-06-13 14:00",17.86,496.43,355.93,62.5,101.8,0,3.027,25.7,384,0.0078
"2029-06-13 15:00",17.72,444.58,355.3,63.1,101.8,0,3.003,25.7,337.3,0.0078
"2029-06-13 16:00",17.38,373.93,353.64,64.6,101.8,0,2.979,25.7,275,0.0078
"2029-06-13 17:00",16.69,289.1,350.3,67.6,101.8,0,2.954,25.8,201.2,0.0078
"2029-06-13 18:00",15.99,195.71,346.98,70.7,101.8,0,2.93,25.8,123.3,0.0079
"2029-06-13 19:00",15.13,99.84,342.88,74.8,101.8,0,2.906,25.8,46.5,0.0079
"2029-06-13 20:00",14.12,5.75,338.1,80,101.8,0,2.881,25.9,5.7,0.0079
"2029-06-13 21:00",13.07,0,333.21,85.7,101.8,0,2.857,25.9,0,0.0079
"2029-06-13 22:00",12.25,0,329.39,90.6,101.8,0,2.833,25.9,0,0.0079
"2029-06-13 23:00",11.61,0,326.45,94.7,101.8,0,2.808,26,0,0.0079
"2029-06-14 00:00",11.6,0,312.47,95.7,101.9,0,2.65,26,0,0.008
"2029-06-14 01:00",11.08,0,310.2,99,101.9,0,2.626,26,0,0.008
"2029-06-14 02:00",10.68,0,308.13,99.7,101.9,0,2.603,26.1,0,0.0078
"2029-06-14 03:00",10.36,0,306.43,99.7,101.9,0,2.58,26.1,0,0.0077
"2029-06-14 04:00",9.64,9.2,302.57,99.7,101.9,0,2.557,26.1,8.9,0.0073
"2029-06-14 05:00",11.23,117.61,310.97,98.7,101.9,0,2.534,26.2,49.5,0.008
"2029-06-14 06:00",12.78,232.13,317.84,89.3,101.9,0,2.511,26.2,97.8,0.008
"2029-06-14 07:00",14.25,348.2,324.44,81.3,101.9,0,2.488,26.3,183.4,0.0081
"2029-06-14 08:00",15.59,458.38,330.6,74.6,101.9,0,2.464,26.3,258.3,0.0081
"2029-06-14 09:00",16.79,555.2,336.15,69.2,101.9,0,2.441,26.3,318.1,0.0081
"2029-06-14 10:00",17.81,631.9,340.94,65,102,0,2.418,26.4,361.5,0.0081
"2029-06-14 11:00",18.62,682.98,344.82,61.8,102,0,2.395,26.4,387,0.0081
"2029-06-14 12:00",19.22,701.72,347.6,59.4,102,0,2.384,26.4,394.8,0.0081
"2029-06-14 13:00",19.58,689.24,349.27,57.9,101.9,0,2.373,26.4,383.9,0.0081
"2029-06-14 14:00",19.7,646.17,349.78,57.3,101.9,0,2.362,26.4,354.4,0.008
"2029-06-14 15:00",19.57,575.23,349.11,57.6,101.9,0,2.351,26.4,306.3,0.008
"2029-06-14 16:00",19.19,481.07,347.27,58.8,101.9,0,2.34,26.4,240.3,0.008
"2029-06-14 17:00",18.94,369.96,346,59.6,101.9,0,2.33,26.5,157.9,0.008
"2029-06-14 18:00",18,249.33,341.52,63,101.9,0,2.319,26.5,81.4,0.0079
"2029-06-14 19:00",16.86,126.99,336.15,67.5,101.9,0,2.308,26.5,54,0.0079
"2029-06-14 20:00",15.55,8.17,330.04,73.2,101.9,0,2.297,26.5,7.9,0.0079
"2029-06-14 21:00",14.11,0,323.44,80.1,101.9,0,2.286,26.5,0,0.0079
"2029-06-14 22:00",12.92,0,318.05,86.3,101.9,0,2.275,26.5,0,0.0078
"2029-06-14 23:00",11.97,0,313.78,91.6,101.9,0,2.264,26.5,0,0.0078
"2029-06-15 00:00",11.37,0,293.64,90.6,101.9,0,2.253,26.5,0,0.0074
"2029-06-15 01:00",10.7,0,290.82,94.4,101.9,0,2.242,26.5,0,0.0074
"2029-06-15 02:00",10.17,0,288.63,97.4,101.9,0,2.231,26.5,0,0.0074
"2029-06-15 03:00",9.77,0,286.86,99.3,101.9,0,2.221,26.5,0,0.0073
"2029-06-15 04:00",8.86,11.29,282.4,99.7,101.9,0,2.21,26.5,10.9,0.0069
"2029-06-15 05:00",10.8,140.5,291.09,92.6,101.9,0,2.2,26.5,59.1,0.0073
"2029-06-15 06:00",12.69,275.69,298.86,81.5,101.9,0,2.189,26.5,81.3,0.0073
"2029-06-15 07:00",14.47,411.42,306.37,72.4,101.8,0,2.178,26.5,118.1,0.0073
"2029-06-15 08:00",16.12,538.96,313.41,64.9,101.8,0,2.168,26.5,179.5,0.0073
"2029-06-15 09:00",17.59,649.7,319.79,59,101.8,0,2.157,26.6,234.7,0.0072
"2029-06-15 10:00",18.85,736.01,325.33,54.3,101.8,0,2.147,26.6,273.2,0.0072
"2029-06-15 11:00",19.87,791.87,329.85,50.8,101.8,0,2.136,26.6,294,0.0072
"2029-06-15 12:00",20.62,798.4,333.33,48.6,101.8,0,2.135,26.5,316.2,0.0072
"2029-06-15 13:00",21.1,769.44,335.56,47.4,101.8,0,2.133,26.5,320.5,0.0072
"2029-06-15 14:00",21.28,707.69,336.46,47,101.8,0,2.132,26.5,305.5,0.0073
"2029-06-15 15:00",21.17,618,336.01,47.5,101.7,0,2.131,26.4,270.4,0.0073
"2029-06-15 16:00",20.77,506.97,334.23,48.8,101.7,0,2.129,26.4,215.7,0.0073
"2029-06-15 17:00",20.43,382.47,332.72,50,101.7,0,2.128,26.4,144.9,0.0073
"2029-06-15 18:00",19.37,252.98,327.99,53.5,101.7,0,2.127,26.3,80.7,0.0074
"2029-06-15 19:00",18.07,126.76,322.22,58.3,101.6,0,2.125,26.3,53.7,0.0074
"2029-06-15 20:00",16.55,8.82,315.57,64.3,101.6,0,2.124,26.3,8.5,0.0074
"2029-06-15 21:00",14.72,0,307.7,72.6,101.6,0,2.123,26.2,0,0.0074
"2029-06-15 22:00",13.17,0,301.18,80.5,101.6,0,2.121,26.2,0,0.0075
"2029-06-15 23:00",11.95,0,296.1,87.4,101.6,0,2.12,26.2,0,0.0075
"2029-06-16 00:00",10.37,0,326.24,99.7,101.5,0,1.983,26.2,0,0.0077
"2029-06-16 01:00",9.77,0,322.81,99.7,101.4,0,1.982,26.1,0,0.0074
"2029-06-16 02:00",9.3,0,320.16,99.7,101.4,0,1.981,26.1,0,0.0072
"2029-06-16 03:00",8.93,0,318.11,99.7,101.4,0,1.98,26.1,0,0.007
"2029-06-16 04:00",8.11,8.34,313.56,99.7,101.4,0,1.979,26,8.5,0.0066
"2029-06-16 05:00",9.9,100.12,323.56,99.7,101.3,0,1.978,26,49.1,0.0075
"2029-06-16 06:00",11.63,191.86,332.83,95.7,101.3,0,1.977,26,127.4,0.008
"2029-06-16 07:00",13.28,279.61,340.65,86.2,101.3,0,1.976,25.9,205.2,0.0081
"2029-06-16 08:00",14.79,357.63,347.98,78.3,101.3,0,1.975,25.9,277.4,0.0081
"2029-06-16 09:00",16.14,420.79,354.61,72,101.3,0,1.974,25.9,337.1,0.0081
"2029-06-16 10:00",17.29,465.11,360.36,67.2,101.2,0,1.973,25.8,381,0.0081
"2029-06-16 11:00",18.22,488.08,365.06,63.5,101.2,0,1.972,25.8,406.8,0.0082
"2029-06-16 12:00",18.91,506.38,368.45,60.6,101.2,0,2.02,25.8,418.1,0.0081
"2029-06-16 13:00",19.33,502.18,370.54,58.9,101.2,0,2.069,25.7,410,0.0081
"2029-06-16 14:00",19.49,475.31,371.26,58.1,101.2,0,2.118,25.7,382.8,0.0081
"2029-06-16 15:00",19.37,427.18,370.59,58.3,101.2,0,2.167,25.7,337.6,0.0081
"2029-06-16 16:00",18.98,360.71,368.55,59.6,101.1,0,2.215,25.7,277,0.008
"2029-06-16 17:00",17.4,280.19,360.59,65.5,101.1,0,2.264,25.7,204.6,0.008
"2029-06-16 18:00",16.78,190.95,357.47,67.9,101.1,0,2.313,25.7,126.9,0.008
"2029-06-16 19:00",15.94,98.81,353.25,71.4,101.1,0,2.362,25.6,49.2,0.008
"2029-06-16 20:00",14.9,7.7,348.1,76.1,101.1,0,2.41,25.6,7.8,0.0079
"2029-06-16 21:00",13.63,0,341.95,82.3,101.1,0,2.459,25.6,0,0.0079
"2029-06-16 22:00",12.63,0,337.13,87.6,101.1,0,2.508,25.6,0,0.0079
"2029-06-16 23:00",11.91,0,333.7,91.5,101.1,0,2.557,25.6,0,0.0079
"2029-06-17 00:00",11.61,0,309.8,90.2,101.1,0,3.129,25.6,0,0.0076
"2029-06-17 01:00",11.23,0,308.06,92.2,101.1,0,3.187,25.5,0,0.0076
"2029-06-17 02:00",10.92,0,306.68,93.8,101.1,0,3.246,25.5,0,0.0075
"2029-06-17 03:00",10.68,0,305.59,95,101.1,0,3.305,25.5,0,0.0075
"2029-06-17 04:00",10.13,9.92,303.16,98.2,101,0,3.363,25.5,9.6,0.0075
"2029-06-17 05:00",11.4,121.95,308.57,89.9,101,0,3.422,25.5,51.3,0.0075
"2029-06-17 06:00",12.62,240.79,313.89,82.7,101,0,3.48,25.5,89.1,0.0074
"2029-06-17 07:00",13.78,361.75,318.97,76.4,101,0,3.539,25.5,171.1,0.0074
"2029-06-17 08:00",14.85,477.1,323.68,71,101,0,3.597,25.5,246.7,0.0074
"2029-06-17 09:00",15.79,579,327.89,66.6,101,0,3.656,25.5,306.3,0.0074
"2029-06-17 10:00",16.59,660.3,331.47,63.1,101,0,3.714,25.4,348.2,0.0073
"2029-06-17 11:00",17.22,715.12,334.33,60.4,101,0,3.773,25.4,371.4,0.0073
"2029-06-17 12:00",17.68,722.94,336.51,59,101,0,3.704,24.5,385.8,0.0073
"2029-06-17 13:00",17.94,698.67,337.83,58.3,100.9,0,3.635,23.6,380.9,0.0074
"2029-06-17 14:00",18.01,644.5,338.23,58.3,100.9,0,3.567,22.7,356.8,0.0074
"2029-06-17 15:00",17.88,564.59,337.71,59,100.9,0,3.501,21.7,314.4,0.0075
"2029-06-17 16:00",17.56,464.77,336.28,60.6,100.9,0,3.673,20.6,255,0.0075
"2029-06-17 17:00",16.78,352.04,332.77,63.9,100.9,0,3.605,19.6,180.2,0.0075
"2029-06-17 18:00",16.17,234.09,330.07,66.7,100.9,0,3.537,18.4,95.8,0.0076
"2029-06-17 19:00",15.41,118.44,326.67,70.4,100.9,0,3.471,17.3,49.8,0.0076
"2029-06-17 20:00",14.51,9.65,322.68,75,100.9,0,3.407,16.1,9.3,0.0076
"2029-06-17 21:00",13.59,0,318.64,79.9,100.8,0,3.344,14.8,0,0.0077
"2029-06-17 22:00",12.87,0,315.54,84.1,100.8,0,3.282,13.5,0,0.0077
"2029-06-17 23:00",12.33,0,313.2,87.6,100.8,0,3.223,12.2,0,0.0077
"2029-06-18 00:00",12.54,0,350.28,91.4,100.8,0,2.76,10.8,0,0.0082
"2029-06-18 01:00",12.06,0,347.99,94.8,100.8,0,2.711,9.4,0,0.0082
"2029-06-18 02:00",11.68,0,346.22,97.6,100.7,0,2.664,7.9,0,0.0083
"2029-06-18 03:00",11.38,0,344.75,99.4,100.7,0,2.619,6.3,0,0.0083
"2029-06-18 04:00",10.71,8.05,340.79,99.7,100.7,0,2.576,4.7,8.2,0.0079
"2029-06-18 05:00",12.21,96.49,349.07,95.5,100.7,0,2.371,3.1,51.8,0.0084
"2029-06-18 06:00",13.67,185.64,356.37,87.2,100.7,0,2.335,1.4,128.3,0.0084
"2029-06-18 07:00",15.05,271.73,363.38,80.1,100.7,0,2.29,359.6,205.6,0.0085
"2029-06-18 08:00",16.32,349.12,369.91,74.2,100.7,0,2.312,357.8,276.6,0.0085
"2029-06-18 09:00",17.45,412.71,375.8,69.4,100.7,0,2.168,356,335.8,0.0085
"2029-06-18 10:00",18.4,458.41,380.88,65.6,100.6,0,2.142,354.1,379.5,0.0086
"2029-06-18 11:00",19.17,483.49,385,62.8,100.6,0,2.084,352.1,405.6,0.0086
"2029-06-18 12:00",19.73,499.61,387.83,60.3,100.6,0,2.079,352.9,416.5,0.0086
"2029-06-18 13:00",20.06,493.56,389.5,58.7,100.6,0,2.073,353.6,408.4,0.0085
"2029-06-18 14:00",20.17,465.44,389.94,58,100.6,0,2.101,354.3,381.3,0.0085
"2029-06-18 15:00",20.04,416.86,389.14,58.1,100.6,0,2.097,355,336.8,0.0084
"2029-06-18 16:00",19.68,350.89,387.11,59,100.6,0,2.092,355.7,277.2,0.0084
"2029-06-18 17:00",20.18,271.85,389.62,56.9,100.6,0,2.088,356.5,206.1,0.0083
"2029-06-18 18:00",19.06,184.99,383.6,60.6,100.6,0,2.193,357.2,129.1,0.0083
"2029-06-18 19:00",17.76,95.97,376.67,65.3,100.6,0,2.19,357.9,53.3,0.0082
"2029-06-18 20:00",16.29,8.49,368.99,71.2,100.6,0,2.186,358.7,8.6,0.0082
"2029-06-18 21:00",14.73,0,360.93,78.3,100.6,0,2.183,359.4,0,0.0081
"2029-06-18 22:00",13.39,0,354.15,84.8,100.6,0,2.13,0.2,0,0.0081
"2029-06-18 23:00",12.27,0,348.54,90.7,100.6,0,2.128,0.9,0,0.008
"2029-06-19 00:00",10.61,0,314.96,94.8,100.6,0,2.392,1.7,0,0.0075
"2029-06-19 01:00",10.01,0,312.21,98,100.6,0,2.39,2.4,0,0.0074
"2029-06-19 02:00",9.55,0,309.91,99.4,100.6,0,2.389,3.2,0,0.0073
"2029-06-19 03:00",9.19,0,307.98,99.6,100.6,0,2.553,3.9,0,0.0072
"2029-06-19 04:00",8.38,9.05,303.64,99.7,100.6,0,2.553,4.7,8.8,0.0068
"2029-06-19 05:00",10.14,111.92,312.37,94.6,100.6,0,2.553,5.4,47.2,0.0073
"2029-06-19 06:00",11.85,220.51,319.91,83.9,100.6,0,2.553,6.2,109.6,0.0072
"2029-06-19 07:00",13.48,330.48,327.16,74.9,100.6,0,2.554,6.9,193.8,0.0072
"2029-06-19 08:00",14.97,434.8,333.94,67.5,100.6,0,2.556,7.6,265.5,0.0071
"2029-06-19 09:00",16.3,526.38,340.05,61.6,100.6,0,2.558,8.4,323.6,0.0071
"2029-06-19 10:00",17.44,598.86,345.32,56.9,100.6,0,2.56,9.1,366.9,0.007
"2029-06-19 11:00",18.36,647.07,349.59,53.4,100.6,0,2.562,9.9,393.7,0.007
"2029-06-19 12:00",19.03,652.65,352.81,51,100.6,0,2.502,9.5,406.3,0.007
"2029-06-19 13:00",19.45,629.28,354.8,49.6,100.6,0,2.442,9,400,0.0069
"2029-06-19 14:00",19.61,579.14,355.51,49,100.6,0,2.382,8.6,374.3,0.0069
"2029-06-19 15:00",19.49,506.18,354.9,49.3,100.6,0,2.322,8.1,330.2,0.0069
"2029-06-19 16:00",19.1,415.78,352.99,50.4,100.6,0,2.263,7.6,270.1,0.0069
"2029-06-19 17:00",18.67,314.35,350.86,51.6,100.6,0,2.204,7.1,199.6,0.0069
"2029-06-19 18:00",17.72,208.81,346.26,54.7,100.6,0,2.144,6.5,122,0.0069
"2029-06-19 19:00",16.55,105.91,340.66,58.7,100.6,0,2.085,5.9,48,0.0068
"2029-06-19 20:00",15.18,9.61,334.2,64,100.6,0,2.027,5.3,9.4,0.0068
"2029-06-19 21:00",13.59,0,326.85,70.7,100.6,0,1.968,4.6,0,0.0068
"2029-06-19 22:00",12.26,0,320.77,77,100.7,0,1.91,3.9,0,0.0068
"2029-06-19 23:00",11.21,0,316.02,82.3,100.7,0,1.852,3.2,0,0.0068
"2029-06-20 00:00",9.58,0,323.27,94.2,100.7,0,1.623,2.4,0,0.0069
"2029-06-20 01:00",9.15,0,321.25,96.8,100.7,0,1.571,1.5,0,0.0069
"2029-06-20 02:00",8.8,0,319.66,98.8,100.8,0,1.513,0.6,0,0.0069
"2029-06-20 03:00",8.54,0,318.26,99.5,100.8,0,1.497,359.7,0,0.0068
"2029-06-20 04:00",7.92,6.64,314.86,99.7,100.8,0,1.445,358.6,6.4,0.0066
"2029-06-20 05:00",9.3,81.21,321.82,94.9,100.8,0,1.395,357.5,60.6,0.0069
"2029-06-20 06:00",10.64,155.78,327.94,86.5,100.8,0,1.277,356.3,128.8,0.0068
"2029-06-20 07:00",11.91,227.15,333.81,79.3,100.8,0,1.23,355.1,197.2,0.0068
"2029-06-20 08:00",13.08,290.62,339.27,73.3,100.8,0,1.184,353.7,258.6,0.0068
"2029-06-20 09:00",14.11,342.03,344.16,68.4,100.8,0,1.138,352.2,308.9,0.0068
"2029-06-20 10:00",14.98,378.15,348.35,64.5,100.8,0,1.155,350.6,345.1,0.0068
"2029-06-20 11:00",15.68,396.92,351.71,61.5,100.8,0,1.033,348.8,365.2,0.0068
"2029-06-20 12:00",16.19,410.63,354.14,59.4,100.8,0,0.967,351.1,376.6,0.0067
"2029-06-20 13:00",16.49,406.15,355.58,58.2,100.8,0,0.918,353.6,371,0.0067
"2029-06-20 14:00",16.58,383.48,355.97,57.7,100.8,0,0.901,356.6,348.5,0.0067
"2029-06-20 15:00",16.45,343.91,355.3,58.1,100.8,0,0.818,360,310.4,0.0067
"2029-06-20 16:00",16.11,289.91,353.6,59.2,100.8,0,0.764,3.9,258.9,0.0067
"2029-06-20 17:00",16.32,225.01,354.6,58.3,100.8,0,0.71,8.5,197.2,0.0067
"2029-06-20 18:00",15.36,153.51,349.86,61.9,100.8,0,0.707,13.8,129.4,0.0067
"2029-06-20 19:00",14.22,80.09,344.33,66.4,100.8,0,0.619,19.9,62.1,0.0066
"2029-06-20 20:00",12.93,7.78,338.15,72.1,100.8,0,0.585,26.8,7.6,0.0066
"2029-06-20 21:00",11.59,0,331.77,78.6,100.8,0,0.56,34.4,0,0.0066
"2029-06-20 22:00",10.46,0,326.49,84.5,100.8,0,0.547,42.7,0,0.0066
"2029-06-20 23:00",9.52,0,322.16,89.8,100.8,0,0.546,51.1,0,0.0066
"2029-06-21 00:00",8.51,0,296.85,93.3,100.8,0,0.715,59.3,0,0.0064
"2029-06-21 01:00",7.92,0,294.33,96.9,100.8,0,0.745,67.1,0,0.0064
"2029-06-21 02:00",7.46,0,292.25,99,100.8,0,0.788,74.3,0,0.0063
"2029-06-21 03:00",7.1,0,290.5,99.7,100.8,0,0.837,80.7,0,0.0062
"2029-06-21 04:00",6.29,6.84,286.35,99.7,100.8,0,0.899,86.3,6.7,0.0059
"2029-06-21 05:00",8.04,88.07,294.7,95.3,100.8,0,0.967,91.2,57.8,0.0063
"2029-06-21 06:00",9.74,173.97,301.87,84.7,100.8,0,1.042,95.4,129.5,0.0063
"2029-06-21 07:00",11.35,261.12,308.79,75.9,100.8,0,1.12,99.1,204.9,0.0063
"2029-06-21 08:00",12.83,343.94,315.25,68.7,100.8,0,1.202,102.2,275.6,0.0063
"2029-06-21 09:00",14.16,416.82,321.1,62.9,100.8,0,1.287,105,336.2,0.0063
"2029-06-21 10:00",15.29,474.67,326.15,58.3,100.8,0,1.374,107.4,382.7,0.0063
"2029-06-21 11:00",16.2,513.35,330.26,54.9,100.8,0,1.463,109.5,412.2,0.0062
"2029-06-21 12:00",16.87,533.6,333.39,52.8,100.8,0,1.378,113.6,423.3,0.0063
"2029-06-21 13:00",17.29,530.21,335.36,51.5,100.8,0,1.3,118.1,414.6,0.0063
"2029-06-21 14:00",17.44,502.88,336.11,51.2,100.8,0,1.231,123.3,386.4,0.0063
"2029-06-21 15:00",17.32,452.99,335.62,51.7,100.7,0,1.171,129,339.9,0.0063
"2029-06-21 16:00",16.94,383.54,333.9,53.1,100.7,0,1.15,135.2,277.8,0.0063
"2029-06-21 17:00",16.68,298.99,332.75,54.1,100.7,0,1.114,141.8,203.8,0.0063
"2029-06-21 18:00",15.69,204.94,328.24,57.8,100.7,0,1.093,148.8,125.4,0.0064
"2029-06-21 19:00",14.47,107.53,322.78,62.7,100.7,0,1.088,155.9,48.1,0.0064
"2029-06-21 20:00",13.06,10.85,316.52,68.9,100.7,0,1.1,162.8,10.5,0.0064
"2029-06-21 21:00",11.43,0,309.42,76.9,100.7,0,1.128,169.5,0,0.0064
"2029-06-21 22:00",10.06,0,303.52,84.5,100.7,0,1.112,175.7,0,0.0064
"2029-06-21 23:00",8.97,0,298.89,91.2,100.7,0,1.166,181.3,0,0.0065
"2029-06-22 00:00",8.44,0,263.13,95.3,100.6,0,0.973,186.5,0,0.0065
"2029-06-22 01:00",7.64,0,259.99,99.7,100.6,0,1.031,191,0,0.0065
"2029-06-22 02:00",7.01,0,257.14,99.7,100.6,0,1.095,195.1,0,0.0062
"2029-06-22 03:00",6.54,0,254.96,99.7,100.6,0,1.165,198.6,0,0.006
"2029-06-22 04:00",5.47,9.3,250.17,99.7,100.6,0,1.218,201.8,9,0.0056
"2029-06-22 05:00",7.66,124.04,260.09,99.7,100.5,0,1.294,204.6,52.5,0.0065
"2029-06-22 06:00",9.79,246.11,268.41,88.4,100.5,0,1.373,207.1,83.5,0.0066
"2029-06-22 07:00",11.81,370.67,276.21,77.5,100.5,0,1.454,209.3,159,0.0066
"2029-06-22 08:00",13.68,489.77,283.58,68.7,100.5,0,1.537,211.2,234,0.0067
"2029-06-22 09:00",15.35,595.3,290.31,61.8,100.5,0,1.621,213,292.9,0.0067
"2029-06-22 10:00",16.79,679.87,296.2,56.6,100.5,0,1.707,214.6,333.3,0.0067
"2029-06-22 11:00",17.97,737.33,301.1,52.6,100.5,0,1.794,216,354.3,0.0067
"2029-06-22 12:00",18.86,751.71,304.81,49.8,100.5,0,1.836,216.5,366.3,0.0067
"2029-06-22 13:00",19.44,732.76,307.25,48.1,100.5,0,1.877,217,359.8,0.0067
"2029-06-22 14:00",19.7,681.96,308.35,47.4,100.5,0,1.919,217.4,334.7,0.0067
"2029-06-22 15:00",19.62,602.93,308.05,47.6,100.6,0,1.96,217.8,290.9,0.0067
"2029-06-22 16:00",19.22,501.17,306.39,48.9,100.6,0,2.002,218.2,229.1,0.0067
"2029-06-22 17:00",16.88,383.68,296.66,56.7,100.6,0,2.044,218.6,151.8,0.0067
"2029-06-22 18:00",16.35,258.38,294.53,58.7,100.6,0,2.086,218.9,82.5,0.0067
"2029-06-22 19:00",15.55,133.35,291.27,61.8,100.6,0,2.128,219.3,55.4,0.0067
"2029-06-22 20:00",14.49,13.58,287.04,66.2,100.6,0,2.17,219.6,13.1,0.0068
"2029-06-22 21:00",12.95,0,280.92,73.3,100.7,0,2.212,219.9,0,0.0068
"2029-06-22 22:00",11.68,0,275.98,79.7,100.7,0,2.255,220.2,0,0.0068
"2029-06-22 23:00",10.81,0,272.65,84.5,100.7,0,2.297,220.5,0,0.0068
"2029-06-23 00:00",11.13,0,285.13,84.5,100.8,0,2.458,220.8,0,0.0069
"2029-06-23 01:00",10.57,0,282.87,87.8,100.8,0,2.503,221.1,0,0.0069
"2029-06-23 02:00",10.13,0,281.13,90.5,100.8,0,2.548,221.4,0,0.0069
"2029-06-23 03:00",9.78,0,279.78,92.7,100.8,0,2.592,221.6,0,0.0069
"2029-06-23 04:00",8.99,8.76,276.66,97.8,100.8,0,2.637,221.9,8.5,0.0069
"2029-06-23 05:00",10.68,119.65,283.37,87.4,100.9,0,2.682,222.1,50.7,0.0069
"2029-06-23 06:00",12.32,233.97,289.99,78.5,100.9,0,2.727,222.3,92.8,0.0069
"2029-06-23 07:00",13.87,346.94,296.37,71,100.9,0,2.772,222.6,181.7,0.0069
"2029-06-23 08:00",15.3,451.25,302.34,64.8,100.9,0,2.817,222.8,259.8,0.0069
"2029-06-23 09:00",16.57,539.92,307.74,59.8,100.9,0,2.862,223,321.3,0.0069
"2029-06-23 10:00",17.65,607.02,312.4,55.9,100.9,0,2.907,223.2,366.1,0.007
"2029-06-23 11:00",18.53,648.13,316.2,52.9,101,0,2.953,223.4,393.5,0.007
"2029-06-23 12:00",19.17,666.11,318.99,50.8,101,0,2.903,222.6,402.9,0.0069
"2029-06-23 13:00",19.57,654.55,320.71,49.5,101,0,2.854,221.8,394.1,0.0069
"2029-06-23 14:00",19.71,614.09,321.32,49,101,0,2.805,221,367.2,0.0069
"2029-06-23 15:00",19.59,547.32,320.78,49.3,101,0,2.757,220.2,322.7,0.0069
"2029-06-23 16:00",19.22,458.65,319.13,50.4,101,0,2.71,219.3,261.3,0.0069
"2029-06-23 17:00",18.84,354.01,317.45,51.6,101,0,2.663,218.4,183.4,0.0069
"2029-06-23 18:00",17.91,240.4,313.41,54.6,101,0,2.617,217.5,94.7,0.0069
"2029-06-23 19:00",16.77,125.21,308.5,58.6,101.1,0,2.572,216.5,52,0.0069
"2029-06-23 20:00",15.44,13.12,302.86,63.7,101.1,0,2.528,215.5,12.6,0.0069
"2029-06-23 21:00",13.93,0,296.53,70.2,101.1,0,2.484,214.4,0,0.0069
"2029-06-23 22:00",12.66,0,291.3,76.1,101.1,0,2.441,213.3,0,0.0069
"2029-06-23 23:00",11.66,0,287.21,81.3,101.1,0,2.399,212.2,0,0.0069
"2029-06-24 00:00",10.81,0,275.11,82.7,101.1,0,1.848,211.1,0,0.0066
"2029-06-24 01:00",10.19,0,272.7,86.1,101.1,0,1.817,209.9,0,0.0066
"2029-06-24 02:00",9.71,0,270.84,88.8,101.2,0,1.787,208.6,0,0.0066
"2029-06-24 03:00",9.34,0,269.39,90.9,101.2,0,1.757,207.3,0,0.0066
"2029-06-24 04:00",8.47,8.79,266.08,96.3,101.2,0,1.729,206,8.5,0.0066
"2029-06-24 05:00",10.27,127.2,272.96,85.2,101.2,0,1.701,204.6,54,0.0065
"2029-06-24 06:00",12.03,251.26,279.77,75.8,101.2,0,1.675,203.2,81,0.0065
"2029-06-24 07:00",13.69,375.84,286.34,67.9,101.2,0,1.676,201.7,151.1,0.0065
"2029-06-24 08:00",15.21,492.93,292.49,61.4,101.2,0,1.651,200.2,229.4,0.0065
"2029-06-24 09:00",16.58,594.65,298.06,56.2,101.2,0,1.627,198.7,292.3,0.0065
"2029-06-24 10:00",17.75,674.02,302.89,52.2,101.3,0,1.605,197.1,337.2,0.0065
"2029-06-24 11:00",18.69,725.53,306.83,49.1,101.3,0,1.584,195.4,363.5,0.0065
"2029-06-24 12:00",19.39,740.52,309.92,47.4,101.3,0,1.637,196.5,374.9,0.0066
"2029-06-24 13:00",19.83,722.67,311.93,46.6,101.3,0,1.69,197.6,367.7,0.0066
"2029-06-24 14:00",19.99,673.34,312.77,46.5,101.3,0,1.744,198.6,341.9,0.0067
"2029-06-24 15:00",19.88,596.01,312.44,47.2,101.3,0,1.798,199.5,297.5,0.0067
"2029-06-24 16:00",19.5,496.05,310.95,48.8,101.3,0,1.853,200.4,235.2,0.0068
"2029-06-24 17:00",17.21,380.29,301.41,56.8,101.3,0,1.908,201.2,157.1,0.0069
"2029-06-24 18:00",16.81,256.55,299.89,58.8,101.3,0,1.964,202,83.3,0.0069
"2029-06-24 19:00",16.18,132.81,297.43,61.7,101.3,0,1.988,202.7,55.1,0.007
"2029-06-24 20:00",15.35,14.03,294.15,65.6,101.3,0.1,2.043,203.4,13.4,0.007
"2029-06-24 21:00",14.28,0,289.92,70.8,101.3,0.1,2.099,204.1,0,0.0071
"2029-06-24 22:00",13.46,0,286.74,75.3,101.3,0.1,2.154,204.7,0,0.0071
"2029-06-24 23:00",12.94,0,284.75,78.6,101.3,0.1,2.211,205.3,0,0.0072
"2029-06-25 00:00",13.63,0,312.34,81,101.2,0.1,2.765,205.8,0,0.0078
"2029-06-25 01:00",13.22,0,310.68,83.9,101.2,0.1,2.834,206.4,0,0.0078
"2029-06-25 02:00",12.9,0,309.41,86.3,101.2,0.1,2.904,206.9,0,0.0079
"2029-06-25 03:00",12.65,0,308.45,88.4,101.2,0.1,2.973,207.4,0,0.008
"2029-06-25 04:00",12.03,8.14,305.93,92.8,101.2,0.1,3.043,207.8,7.9,0.008
"2029-06-25 05:00",13.34,124.35,311.72,85.8,101.2,0.1,3.113,208.3,53,0.0081
"2029-06-25 06:00",14.61,244.53,317.43,79.6,101.2,0.1,3.183,208.7,82.8,0.0081
"2029-06-25 07:00",15.82,363.57,322.9,74.3,101.2,0.1,3.253,209.1,164,0.0082
"2029-06-25 08:00",16.92,473.76,327.99,69.8,101.2,0.1,3.324,209.5,245.5,0.0083
"2029-06-25 09:00",17.9,567.74,332.58,66.1,101.2,0.1,3.394,209.8,310.4,0.0083
"2029-06-25 10:00",18.73,639.2,336.53,63.2,101.2,0.1,3.465,210.2,357.6,0.0084
"2029-06-25 11:00",19.39,683.4,339.73,61.1,101.2,0.1,3.536,210.5,386.7,0.0085
"2029-06-25 12:00",19.87,689.36,341.98,59.4,101.2,0.1,3.539,210.5,399.6,0.0085
"2029-06-25 13:00",20.15,664.71,343.31,58.4,101.2,0.1,3.542,210.4,393,0.0085
"2029-06-25 14:00",20.23,611.8,343.71,58.1,101.2,0.1,3.544,210.3,367.6,0.0085
"2029-06-25 15:00",20.11,534.83,343.14,58.6,101.2,0.1,3.547,210.2,325,0.0085
"2029-06-25 16:00",19.78,439.52,341.63,59.8,101.2,0.1,3.55,210.2,267.5,0.0085
"2029-06-25 17:00",19.67,332.63,341.11,60.3,101.2,0.1,3.553,210.1,197.2,0.0085
"2029-06-25 18:00",18.85,221.48,337.31,63.5,101.3,0.1,3.556,210,115.4,0.0085
"2029-06-25 19:00",17.86,113.18,332.78,67.6,101.3,0.1,3.559,209.9,47.2,0.0085
"2029-06-25 20:00",16.74,11.9,327.64,72.7,101.3,0.1,3.562,209.9,11.3,0.0085
"2029-06-25 21:00",15.56,0,322.38,78.4,101.3,0.1,3.565,209.8,0,0.0085
"2029-06-25 22:00",14.6,0,318.09,83.4,101.3,0.1,3.568,209.7,0,0.0085
"2029-06-25 23:00",13.82,0,314.64,87.8,101.3,0.1,3.571,209.7,0,0.0085
"2029-06-26 00:00",12.62,0,330.14,92.1,101.4,0.1,3.359,209.6,0,0.0083
"2029-06-26 01:00",12.25,0,328.43,94.4,101.4,0.1,3.361,209.5,0,0.0083
"2029-06-26 02:00",11.96,0,327.09,96.3,101.4,0.1,3.364,209.4,0,0.0083
"2029-06-26 03:00",11.73,0,326.05,97.9,101.4,0.1,3.367,209.4,0,0.0083
"2029-06-26 04:00",11.16,4.97,323.12,99.7,101.4,0.1,3.37,209.3,4.7,0.0081
"2029-06-26 05:00",12.37,80.38,329.04,94,101.5,0.1,3.373,209.2,58.8,0.0083
"2029-06-26 06:00",13.55,155.79,334.53,87,101.5,0,3.375,209.1,127.3,0.0083
"2029-06-26 07:00",14.67,227.79,339.79,81,101.5,0,3.378,209.1,196.5,0.0083
"2029-06-26 08:00",15.69,291.65,344.68,75.9,101.5,0,3.381,209,258.4,0.0083
"2029-06-26 09:00",16.6,343.18,349.05,71.7,101.5,0,3.384,208.9,309.1,0.0083
"2029-06-26 10:00",17.37,379.16,352.79,68.3,101.5,0,3.387,208.9,345.4,0.0083
"2029-06-26 11:00",17.98,397.59,355.79,65.8,101.5,0,3.39,208.8,365.5,0.0083
"2029-06-26 12:00",18.42,417.93,358.04,64.3,101.5,0,3.401,209,380.9,0.0083
"2029-06-26 13:00",18.68,419.75,359.39,63.6,101.5,0,3.412,209.2,378.8,0.0084
"2029-06-26 14:00",18.74,402.25,359.82,63.6,101.5,0,3.424,209.4,358.8,0.0084
"2029-06-26 15:00",18.62,365.99,359.3,64.4,101.5,0,3.435,209.6,321.7,0.0085
"2029-06-26 16:00",18.31,312.94,357.86,65.9,101.5,0,3.446,209.8,269.5,0.0085
"2029-06-26 17:00",17.77,246.36,355.29,68.5,101.5,0,3.458,210,205,0.0085
"2029-06-26 18:00",17.13,170.59,352.24,71.7,101.5,0,3.469,210.2,132.8,0.0086
"2029-06-26 19:00",16.34,90.65,348.47,75.7,101.5,0,3.481,210.4,61,0.0086
"2029-06-26 20:00",15.41,9.94,344.1,80.7,101.5,0,3.492,210.6,10,0.0087
"2029-06-26 21:00",14.47,0,339.68,86.1,101.5,0,3.504,210.7,0,0.0087
"2029-06-26 22:00",13.72,0,336.23,90.8,101.5,0,3.516,210.9,0,0.0087
"2029-06-26 23:00",13.14,0,333.56,94.8,101.5,0,3.527,211.1,0,0.0088
"2029-06-27 00:00",13.23,0,311.84,94.1,101.5,0,3.663,211.3,0,0.0088
"2029-06-27 01:00",12.72,0,309.72,97.7,101.5,0,3.675,211.5,0,0.0088
"2029-06-27 02:00",12.33,0,307.94,99.7,101.5,0,3.688,211.7,0,0.0088
"2029-06-27 03:00",12.02,0,306.3,99.7,101.5,0,3.7,211.9,0,0.0086
"2029-06-27 04:00",11.27,6.11,302.3,99.7,101.5,0,3.712,212,6.2,0.0082
"2029-06-27 05:00",12.81,111.99,310.35,98.9,101.5,0,3.724,212.2,48,0.009
"2029-06-27 06:00",14.3,226.25,316.99,90.1,101.5,0,3.737,212.4,96.6,0.009
"2029-06-27 07:00",15.72,344.16,323.38,82.6,101.5,0,3.749,212.6,180.3,0.009
"2029-06-27 08:00",17.03,458.25,329.34,76.3,101.5,0,3.762,212.8,254,0.0091
"2029-06-27 09:00",18.19,560.73,334.73,71.2,101.5,0,3.774,212.9,312.7,0.0091
"2029-06-27 10:00",19.17,644.31,339.38,67.2,101.5,0,3.787,213.1,354.5,0.0092
"2029-06-27 11:00",19.97,702.79,343.17,64.3,101.5,0,3.799,213.3,377.4,0.0092
"2029-06-27 12:00",20.55,722.7,346.04,62.5,101.4,0,3.78,213.3,385.8,0.0093
"2029-06-27 13:00",20.9,710.53,347.85,61.6,101.4,0,3.761,213.3,375.5,0.0093
"2029-06-27 14:00",21.02,666.93,348.55,61.6,101.4,0,3.741,213.4,346.5,0.0094
"2029-06-27 15:00",20.9,594.7,348.11,62.5,101.4,0,3.722,213.4,299,0.0095
"2029-06-27 16:00",20.55,498.62,346.56,64.4,101.4,0,3.703,213.4,233.4,0.0096
"2029-06-27 17:00",19.41,385.1,341.34,69.6,101.4,0,3.683,213.5,152.4,0.0096
"2029-06-27 18:00",18.78,261.74,338.53,72.9,101.4,0,3.664,213.5,81.6,0.0097
"2029-06-27 19:00",17.96,136.57,334.84,77.3,101.4,0,3.645,213.6,56.6,0.0098
"2029-06-27 20:00",16.97,14.67,330.4,82.9,101.4,0,3.625,213.6,14,0.0098
"2029-06-27 21:00",15.85,0,325.45,89.6,101.3,0,3.606,213.6,0,0.0099
"2029-06-27 22:00",14.97,0,321.59,95.5,101.3,0,3.587,213.7,0,0.01
"2029-06-27 23:00",14.32,0,318.69,99.7,101.3,0,3.568,213.7,0,0.01
"2029-06-28 00:00",15.21,0,325.84,96.5,101.3,0,3.308,213.7,0,0.0102
"2029-06-28 01:00",14.49,0,322.4,99.7,101.3,0,3.29,213.8,0,0.0101
"2029-06-28 02:00",13.94,0,319.35,99.7,101.3,0,3.272,213.8,0,0.0098
"2029-06-28 03:00",13.51,0,317,99.7,101.2,0,3.254,213.9,0,0.0095
"2029-06-28 04:00",12.47,6.78,311.35,99.7,101.2,0,3.236,213.9,6.5,0.0089
"2029-06-28 05:00",14.47,135.99,322.28,99.7,101.2,0,3.218,213.9,58.5,0.0101
"2029-06-28 06:00",16.42,271.86,332.04,93,101.2,0,3.2,214,81.1,0.0107
"2029-06-28 07:00",18.27,408.39,340.74,83.3,101.2,0,3.182,214,114.1,0.0108
"2029-06-28 08:00",19.97,536.83,348.94,75.4,101.2,0,3.164,214.1,173,0.0108
"2029-06-28 09:00",21.5,648.51,356.41,69.1,101.2,0,3.146,214.1,228.6,0.0109
"2029-06-28 10:00",22.81,735.79,362.95,64.2,101.2,0,3.128,214.2,268.3,0.011
"2029-06-28 11:00",23.88,792.61,368.36,60.6,101.1,0,3.11,214.2,290.5,0.011
"2029-06-28 12:00",24.68,797.97,372.4,57.9,101.1,0,3.138,214.1,317,0.0111
"2029-06-28 13:00",25.2,767.83,375.03,56.2,101.1,0,3.166,214,325.2,0.0111
"2029-06-28 14:00",25.41,705.14,376.16,55.6,101.1,0,3.194,213.8,313.4,0.0111
"2029-06-28 15:00",25.33,614.97,375.76,56,101.1,0,3.223,213.7,280.7,0.0111
"2029-06-28 16:00",24.94,504.12,373.84,57.4,101.1,0,3.251,213.6,227.9,0.0112
"2029-06-28 17:00",22.96,380.52,364.01,64.8,101.1,0,3.279,213.5,157.8,0.0112
"2029-06-28 18:00",22.4,252.66,361.26,67.1,101.1,0,3.307,213.4,85.5,0.0112
"2029-06-28 19:00",21.58,128.7,357.29,70.7,101.1,0,3.336,213.3,53.3,0.0112
"2029-06-28 20:00",20.53,13.39,352.25,75.6,101,0,3.364,213.2,12.8,0.0112
"2029-06-28 21:00",19.12,0,345.55,82.6,101,0,3.392,213.1,0,0.0113
"2029-06-28 22:00",17.98,0,340.18,88.9,101,0,3.42,213,0,0.0113
"2029-06-28 23:00",17.18,0,336.48,93.7,101,0,3.449,212.9,0,0.0113
"2029-06-29 00:00",16.47,0,375.73,99.8,101,0,3.723,212.8,0,0.0115
"2029-06-29 01:00",16.18,0,373.9,99.7,101,0,3.754,212.7,0,0.0113
"2029-06-29 02:00",15.95,0,372.46,99.7,101,0,3.784,212.6,0,0.0111
"2029-06-29 03:00",15.78,0,371.32,99.7,101,0,3.814,212.5,0,0.011
"2029-06-29 04:00",15.3,4.13,368.3,99.7,101,0,3.845,212.4,3.9,0.0107
"2029-06-29 05:00",16.27,91.2,374.49,99.7,101,0,3.875,212.3,49.1,0.0114
"2029-06-29 06:00",17.22,177.81,380.2,97.8,101,0,3.905,212.3,125.3,0.0118
"2029-06-29 07:00",18.11,259.65,384.96,92.6,100.9,0,3.936,212.2,201.9,0.0119
"2029-06-29 08:00",18.93,331.33,389.36,88.2,100.9,0,3.966,212.1,271.2,0.0119
"2029-06-29 09:00",19.66,388.17,393.29,84.4,100.9,0,3.997,212,327.8,0.0119
"2029-06-29 10:00",20.27,426.74,396.64,81.4,100.9,0,4.027,211.9,368.2,0.0119
"2029-06-29 11:00",20.75,445.02,399.32,79.2,100.9,0,4.057,211.8,390.6,0.012
"2029-06-29 12:00",21.1,450.03,401.1,77.1,100.9,0.1,4.053,211.8,397.7,0.0119
"2029-06-29 13:00",21.3,435.02,402.08,75.8,100.9,0.1,4.049,211.8,386.6,0.0118
"2029-06-29 14:00",21.34,401.37,402.23,75.1,100.8,0.1,4.046,211.8,358.3,0.0118
"2029-06-29 15:00",21.24,351.73,401.52,75.2,100.8,0.1,4.042,211.8,314.8,0.0117
"2029-06-29 16:00",20.98,289.75,399.99,76,100.8,0.1,4.038,211.8,259.3,0.0117
"2029-06-29 17:00",21.62,219.81,403.41,72.7,100.8,0.1,4.034,211.8,195.4,0.0116
"2029-06-29 18:00",20.77,146.69,398.62,76.2,100.8,0.1,4.03,211.8,127.9,0.0115
"2029-06-29 19:00",19.79,75.07,393.22,80.5,100.7,0.1,4.026,211.8,62.6,0.0115
"2029-06-29 20:00",18.71,7.74,387.31,85.7,100.7,0.1,4.022,211.8,7.4,0.0114
"2029-06-29 21:00",17.65,0,381.6,91,100.7,0.1,4.018,211.8,0,0.0114
"2029-06-29 22:00",16.75,0,376.8,95.8,100.7,0.2,4.014,211.8,0,0.0113
"2029-06-29 23:00",15.98,0,372.61,99.7,100.7,0.2,4.01,211.7,0,0.0112
"2029-06-30 00:00",14.05,0,371.88,99.7,100.6,0.2,3.985,211.7,0,0.0099
"2029-06-30 01:00",13.77,0,370.11,99.7,100.6,0.2,3.981,211.7,0,0.0097
"2029-06-30 02:00",13.55,0,368.71,99.7,100.6,0.2,3.977,211.7,0,0.0096
"2029-06-30 03:00",13.38,0,367.6,99.7,100.5,0.2,3.973,211.7,0,0.0095
"2029-06-30 04:00",12.91,2.02,364.59,99.7,100.5,0.2,3.969,211.7,2,0.0092
"2029-06-30 05:00",13.86,52.29,370.65,99.7,100.5,0.2,3.965,211.7,49.5,0.0098
"2029-06-30 06:00",14.78,103.22,376.59,99.7,100.5,0.2,3.961,211.7,99.8,0.0104
"2029-06-30 07:00",15.66,152.25,381.38,95.1,100.5,0.2,3.957,211.7,148.6,0.0105
"2029-06-30 08:00",16.46,196.17,385.54,89.9,100.4,0.3,3.953,211.7,192.5,0.0104
"2029-06-30 09:00",17.17,232.1,389.23,85.4,100.4,0.3,3.95,211.7,228.5,0.0104
"2029-06-30 10:00",17.77,257.76,392.34,81.8,100.4,0.3,3.946,211.7,254.4,0.0103
"2029-06-30 11:00",18.24,271.64,394.8,78.9,100.4,0.3,3.942,211.7,268.7,0.0102
"2029-06-30 12:00",18.58,293.57,396.55,76.9,100.4,0.3,3.916,211.7,288.7,0.0102
"2029-06-30 13:00",18.77,302.49,397.5,75.6,100.4,0.3,3.89,211.7,295.5,0.0101
"2029-06-30 14:00",18.82,296.83,397.64,75,100.3,0.3,3.864,211.7,287.7,0.0101
"2029-06-30 15:00",18.71,276.08,396.95,75.1,100.3,0.2,3.838,211.7,265.2,0.0101
"2029-06-30 16:00",18.45,240.94,395.46,76,100.3,0.2,3.812,211.7,228.7,0.01
"2029-06-30 17:00",19.01,193.31,398.41,73,100.3,0.2,3.786,211.8,180.3,0.01
"2029-06-30 18:00",18.19,136.2,393.85,76.5,100.3,0.2,3.76,211.8,123.1,0.0099
"2029-06-30 19:00",17.26,73.44,388.69,80.7,100.3,0.2,3.734,211.8,62.1,0.0099
"2029-06-30 20:00",16.21,7.82,383.03,85.8,100.3,0.2,3.709,211.8,7.5,0.0098
"2029-06-30 21:00",15.21,0,377.6,91.1,100.3,0.2,3.683,211.8,0,0.0098
"2029-06-30 22:00",14.36,0,373.07,95.7,100.3,0.2,3.657,211.9,0,0.0097
"2029-06-30 23:00",13.62,0,369.14,99.7,100.2,0.2,3.631,211.9,0,0.0096
"2029-07-01 00:00",12.75,0,322.26,99.6,100.3,0.1,3.339,211.9,0,0.0091
"2029-07-01 01:00",12.25,0,319.51,99.7,100.3,0.1,3.315,211.9,0,0.0088
"2029-07-01 02:00",11.86,0,317.34,99.7,100.3,0.1,3.291,211.9,0,0.0086
"2029-07-01 03:00",11.56,0,315.66,99.7,100.3,0.1,3.267,212,0,0.0084
"2029-07-01 04:00",10.74,3.35,311.18,99.7,100.3,0.1,3.243,212,3.2,0.008
"2029-07-01 05:00",12.28,108.69,319.63,99.7,100.2,0.1,3.219,212,47.4,0.0088
"2029-07-01 06:00",13.77,225.35,326.39,90.3,100.2,0.1,3.195,212,91.5,0.0088
"2029-07-01 07:00",15.19,347.87,332.82,82,100.2,0.1,3.171,212,171.7,0.0088
"2029-07-01 08:00",16.5,468.56,338.82,75,100.2,0.1,3.147,212.1,243.2,0.0087
"2029-07-01 09:00",17.66,579.15,344.21,69.3,100.2,0.1,3.123,212.1,298.5,0.0087
"2029-07-01 10:00",18.65,671.61,348.85,64.8,100.2,0,3.099,212.1,334.2,0.0086
"2029-07-01 11:00",19.45,738.83,352.6,61.3,100.2,0,3.075,212.1,348.5,0.0086
"2029-07-01 12:00",20.03,749.1,355.6,59.7,100.2,0,3.111,212,365.6,0.0087
"2029-07-01 13:00",20.39,725.96,357.5,58.9,100.1,0,3.147,211.8,363.7,0.0088
"2029-07-01 14:00",20.51,671.52,358.26,59,100.1,0,3.183,211.6,342.5,0.0088
"2029-07-01 15:00",20.4,589.96,357.85,59.9,100.1,0,3.22,211.5,302.1,0.0089
"2029-07-01 16:00",20.04,487.2,356.3,61.8,100.1,0,3.256,211.3,243.4,0.009
"2029-07-01 17:00",17.57,370.47,344.54,72.8,100.1,0,3.292,211.2,168.5,0.0091
"2029-07-01 18:00",17.35,247.72,343.64,74.4,100,0,3.328,211,88.4,0.0092
"2029-07-01 19:00",16.94,126.82,341.83,77.1,100,0,3.364,210.9,52.7,0.0092
"2029-07-01 20:00",16.35,12.51,339.21,80.7,100,0,3.401,210.7,12.1,0.0093
"2029-07-01 21:00",15.65,0,336.07,85.1,100,0,3.437,210.6,0,0.0094
"2029-07-01 22:00",15.18,0,334.02,88.4,100,0,3.473,210.5,0,0.0095
"2029-07-01 23:00",14.94,0,333.03,90.6,99.9,0,3.51,210.3,0,0.0096
"2029-07-02 00:00",16.09,0,367.07,96.4,99.7,0.1,4.001,210.2,0,0.011
"2029-07-02 01:00",15.81,0,365.81,98.9,99.7,0.1,4.043,210.1,0,0.0111
"2029-07-02 02:00",15.59,0,364.58,99.7,99.7,0.1,4.084,210,0,0.011
"2029-07-02 03:00",15.41,0,363.49,99.7,99.7,0.1,4.125,209.8,0,0.0109
"2029-07-02 04:00",14.91,2.43,360.41,99.7,99.6,0.1,4.166,209.7,2.4,0.0106
"2029-07-02 05:00",15.86,94.56,366.31,99.7,99.6,0.1,4.207,209.6,44.8,0.0112
"2029-07-02 06:00",16.78,189.17,371.54,96.7,99.6,0.1,4.248,209.5,120.5,0.0115
"2029-07-02 07:00",17.65,281,376.19,92.2,99.6,0.1,4.289,209.4,198.4,0.0116
"2029-07-02 08:00",18.45,364.07,380.51,88.4,99.6,0.1,4.33,209.3,272.3,0.0117
"2029-07-02 09:00",19.16,432.91,384.38,85.2,99.5,0.1,4.372,209.2,334.6,0.0118
"2029-07-02 10:00",19.76,483.06,387.7,82.7,99.5,0.1,4.413,209,381.3,0.0119
"2029-07-02 11:00",20.24,511.49,390.38,80.9,99.5,0.1,4.454,208.9,410.1,0.012
"2029-07-02 12:00",20.58,526.27,391.93,78.2,99.5,0.1,4.403,209.6,421.1,0.0118
"2029-07-02 13:00",20.77,517.59,392.7,76.1,99.6,0.1,4.352,210.3,412.6,0.0117
"2029-07-02 14:00",20.82,485.91,392.67,74.8,99.6,0.1,4.303,211,385,0.0115
"2029-07-02 15:00",20.72,433.28,391.83,74.2,99.6,0.1,4.253,211.7,339.7,0.0113
"2029-07-02 16:00",20.47,363.18,390.2,74.3,99.6,0.1,4.205,212.4,279.4,0.0112
"2029-07-02 17:00",21.42,280.31,395.02,69,99.7,0.1,4.157,213.1,207.6,0.011
"2029-07-02 18:00",20.49,190.2,389.73,72,99.7,0.1,4.11,213.9,130.1,0.0108
"2029-07-02 19:00",19.44,98.72,383.87,75.6,99.7,0,4.063,214.6,53.6,0.0107
"2029-07-02 20:00",18.29,9.56,377.54,80,99.7,0,4.017,215.4,9.8,0.0105
"2029-07-02 21:00",17.16,0,371.41,84.5,99.8,0,3.972,216.2,0,0.0103
"2029-07-02 22:00",16.19,0,366.16,88.5,99.8,0,3.928,217.1,0,0.0101
"2029-07-02 23:00",15.34,0,361.55,91.9,99.8,0,3.885,217.9,0,0.01
"2029-07-03 00:00",13.39,0,329.38,88.1,100,0,3.573,218.8,0,0.0084
"2029-07-03 01:00",12.97,0,327.15,89,100,0,3.534,219.6,0,0.0083
"2029-07-03 02:00",12.63,0,325.34,89.4,100.1,0,3.497,220.5,0,0.0081
"2029-07-03 03:00",12.37,0,323.86,89.4,100.1,0,3.46,221.4,0,0.008
"2029-07-03 04:00",11.63,1.76,320.2,92.2,100.1,0,3.424,222.4,1.8,0.0078
"2029-07-03 05:00",12.98,92.04,326.04,82.8,100.1,0,3.389,223.3,44.6,0.0077
"2029-07-03 06:00",14.29,188.31,331.77,74.6,100.2,0,3.354,224.3,119.7,0.0075
"2029-07-03 07:00",15.54,285.07,337.24,67.6,100.2,0,3.321,225.3,196.8,0.0074
"2029-07-03 08:00",16.68,376.15,342.29,61.6,100.2,0,3.289,226.3,270.5,0.0073
"2029-07-03 09:00",17.7,455.41,346.79,56.6,100.2,0,3.258,227.4,333.4,0.0071
"2029-07-03 10:00",18.57,517.44,350.59,52.5,100.3,0,3.228,228.4,381.3,0.007
"2029-07-03 11:00",19.26,557.92,353.58,49.3,100.3,0,3.2,229.5,411.4,0.0068
"2029-07-03 12:00",19.76,577.81,356.06,47.8,100.3,0,3.181,229,421.9,0.0068
"2029-07-03 13:00",20.07,571.93,357.57,47,100.3,0,3.163,228.5,412.5,0.0068
"2029-07-03 14:00",20.16,540.31,358.06,46.8,100.4,0,3.145,227.9,383.5,0.0069
"2029-07-03 15:00",20.05,484.75,357.52,47.2,100.4,0,3.127,227.4,336.3,0.0069
"2029-07-03 16:00",19.72,408.76,355.97,48.3,100.4,0,3.109,226.9,273.5,0.0069
"2029-07-03 17:00",20.38,317.3,359.21,46.4,100.4,0,3.092,226.3,200.6,0.0069
"2029-07-03 18:00",19.31,216.44,354.02,49.7,100.5,0,3.075,225.8,118.5,0.0069
"2029-07-03 19:00",18.07,112.76,348.07,53.8,100.5,0,3.058,225.2,47,0.0069
"2029-07-03 20:00",16.68,10.53,341.49,58.8,100.5,0,3.042,224.6,10.2,0.0069
"2029-07-03 21:00",15.24,0,334.76,64.6,100.5,0,3.026,224.1,0,0.0069
"2029-07-03 22:00",14.01,0,329.09,70,100.6,0,3.01,223.5,0,0.0069
"2029-07-03 23:00",12.96,0,324.35,75.1,100.6,0,2.995,222.9,0,0.0069
"2029-07-04 00:00",11.41,0,279.73,88.1,100.6,0,3.083,222.3,0,0.0073
"2029-07-04 01:00",10.8,0,277.37,91.8,100.7,0,3.067,221.7,0,0.0074
"2029-07-04 02:00",10.33,0,275.56,94.9,100.7,0,3.052,221.1,0,0.0074
"2029-07-04 03:00",9.96,0,274.15,97.4,100.7,0,3.038,220.5,0,0.0074
"2029-07-04 04:00",8.93,1.5,269.52,99.7,100.7,0,3.023,219.9,1.5,0.007
"2029-07-04 05:00",10.71,113.24,277.1,93,100.8,0,3.01,219.3,50.1,0.0074
"2029-07-04 06:00",12.44,234.24,283.97,83,100.8,0,2.996,218.7,80,0.0074
"2029-07-04 07:00",14.09,357.07,290.61,74.7,100.8,0,2.983,218,156.7,0.0074
"2029-07-04 08:00",15.61,473.94,296.85,67.8,100.8,0,2.97,217.4,234.6,0.0074
"2029-07-04 09:00",16.97,576.94,302.51,62.3,100.9,0,2.957,216.8,296.6,0.0074
"2029-07-04 10:00",18.13,658.92,307.43,58,100.9,0,2.945,216.1,340.6,0.0074
"2029-07-04 11:00",19.07,714.04,311.47,54.8,100.9,0,2.933,215.5,365.9,0.0075
"2029-07-04 12:00",19.77,729.66,314.51,52.6,100.9,0,2.9,215.8,378.1,0.0075
"2029-07-04 13:00",20.21,712.64,316.46,51.3,100.9,0,2.867,216.2,371.5,0.0075
"2029-07-04 14:00",20.39,664.3,317.25,50.9,100.9,0,2.834,216.6,346.1,0.0075
"2029-07-04 15:00",20.28,588.09,316.85,51.3,101,0,2.802,217,302.2,0.0075
"2029-07-04 16:00",19.91,489.31,315.28,52.7,101,0,2.769,217.4,240.2,0.0075
"2029-07-04 17:00",19.17,374.74,312.15,55.3,101,0,2.736,217.8,162,0.0076
"2029-07-04 18:00",18.32,252.12,308.56,58.5,101,0.1,2.704,218.2,84.2,0.0076
"2029-07-04 19:00",17.24,129.34,304.05,62.7,101,0.1,2.672,218.7,54,0.0076
"2029-07-04 20:00",15.96,11.33,298.75,68.2,101,0.1,2.64,219.1,11,0.0076
"2029-07-04 21:00",14.47,0,292.63,75.3,101,0.1,2.608,219.6,0,0.0076
"2029-07-04 22:00",13.23,0,287.64,81.9,101,0.1,2.576,220,0,0.0077
"2029-07-04 23:00",12.27,0,283.83,87.4,101,0.1,2.545,220.5,0,0.0077
"2029-07-05 00:00",11.28,0,290.18,95.9,101,0.1,3.273,221,0,0.0079
"2029-07-05 01:00",10.77,0,288.14,99.3,101,0.1,3.233,221.5,0,0.0079
"2029-07-05 02:00",10.38,0,286.23,99.7,101,0.1,3.192,222,0,0.0077
"2029-07-05 03:00",10.07,0,284.69,99.7,101,0.1,3.152,222.5,0,0.0076
"2029-07-05 04:00",9.16,0.88,280.18,99.7,101.1,0.1,3.113,223.1,0.9,0.0071
"2029-07-05 05:00",10.71,107.5,287.91,99.7,101.1,0.1,3.073,223.6,47.9,0.0079
"2029-07-05 06:00",12.23,221.04,294.31,91.5,101.1,0.1,3.034,224.2,88.4,0.008
"2029-07-05 07:00",13.66,333.52,300.33,83.5,101.1,0.1,2.995,224.8,177.4,0.008
"2029-07-05 08:00",14.98,437.76,305.95,76.9,101.1,0.1,2.957,225.4,255.6,0.0081
"2029-07-05 09:00",16.16,526.78,311.04,71.5,101.1,0.1,2.919,226,317.4,0.0081
"2029-07-05 10:00",17.17,594.64,315.44,67.2,101.1,0.1,2.881,226.6,362.6,0.0081
"2029-07-05 11:00",17.98,636.84,319.02,64,101.1,0.1,2.843,227.3,391.6,0.0081
"2029-07-05 12:00",18.57,654.94,321.62,61.6,101.2,0.1,2.583,227.2,401.7,0.0081
"2029-07-05 13:00",18.94,643.71,323.21,60.1,101.2,0.1,2.322,227,392.6,0.0081
"2029-07-05 14:00",19.06,603.82,323.74,59.5,101.2,0.1,2.062,226.8,366.8,0.0081
"2029-07-05 15:00",18.95,537.88,323.21,59.8,101.2,0.1,1.801,226.6,323.5,0.008
"2029-07-05 16:00",18.6,450.27,321.62,61,101.2,0.1,1.541,226.3,263.7,0.008
"2029-07-05 17:00",18,346.87,318.97,63.2,101.2,0.1,1.28,225.9,187.5,0.008
"2029-07-05 18:00",17.21,234.63,315.46,66.3,101.3,0.1,1.02,225.2,98.6,0.008
"2029-07-05 19:00",16.22,120.79,311.13,70.5,101.3,0.1,0.76,224.1,50.6,0.008
"2029-07-05 20:00",15.05,10.02,306.11,75.8,101.3,0.1,0.501,221.9,9.7,0.008
"2029-07-05 21:00",13.78,0,300.7,82.2,101.3,0.1,0.244,214.8,0,0.008
"2029-07-05 22:00",12.74,0,296.34,87.8,101.3,0.1,0.076,115.6,0,0.0079
"2029-07-05 23:00",11.93,0,292.95,92.5,101.4,0.1,0.307,59.8,0,0.0079
"2029-07-06 00:00",11.91,0,295.42,89.4,101.5,0.1,0.508,54.4,0,0.0076
"2029-07-06 01:00",11.26,0,292.7,93.1,101.5,0.1,0.749,52.5,0,0.0076
"2029-07-06 02:00",10.75,0,290.59,96.1,101.5,0,0.989,51.5,0,0.0076
"2029-07-06 03:00",10.35,0,288.94,98.5,101.6,0,1.23,50.9,0,0.0076
"2029-07-06 04:00",9.19,0.44,283.28,99.7,101.6,0,1.471,50.5,0.4,0.0071
"2029-07-06 05:00",11.08,111.93,291.86,93.5,101.6,0,1.712,50.2,50.2,0.0076
"2029-07-06 06:00",12.92,233.19,299.47,82.7,101.6,0,1.953,50,78.5,0.0075
"2029-07-06 07:00",14.66,354.88,306.84,73.7,101.6,0,2.194,49.8,154.8,0.0075
"2029-07-06 08:00",16.28,469.26,313.77,66.3,101.6,0,2.436,49.7,235.3,0.0075
"2029-07-06 09:00",17.72,568.65,320.07,60.4,101.7,0,2.677,49.6,299.8,0.0075
"2029-07-06 10:00",18.97,646.26,325.56,55.8,101.7,0,2.918,49.5,346.5,0.0075
"2029-07-06 11:00",19.98,696.73,330.06,52.3,101.7,0,3.159,49.4,374.9,0.0075
"2029-07-06 12:00",20.73,708.26,333.5,49.9,101.7,0,3.217,48.8,388.8,0.0075
"2029-07-06 13:00",21.21,687.98,335.71,48.5,101.7,0,3.275,48.3,383.4,0.0075
"2029-07-06 14:00",21.41,637.71,336.63,48,101.7,0,3.333,47.8,359.1,0.0075
"2029-07-06 15:00",21.32,561.24,336.22,48.3,101.6,0,3.392,47.3,316.5,0.0075
"2029-07-06 16:00",20.94,464.08,334.51,49.4,101.6,0,3.45,46.8,257.1,0.0075
"2029-07-06 17:00",19.1,353.04,326.2,55.4,101.6,0,3.51,46.3,182,0.0075
"2029-07-06 18:00",18.55,235.65,323.74,57.4,101.6,0,3.569,45.9,96.5,0.0075
"2029-07-06 19:00",17.75,119.46,320.22,60.4,101.6,0,3.628,45.4,50.1,0.0075
"2029-07-06 20:00",16.74,9.1,315.79,64.4,101.6,0,3.688,45,8.8,0.0075
"2029-07-06 21:00",15.45,0,310.23,70,101.6,0,3.748,44.6,0,0.0075
"2029-07-06 22:00",14.44,0,305.89,74.8,101.5,0,3.808,44.2,0,0.0075
"2029-07-06 23:00",13.73,0,302.89,78.3,101.5,0,3.869,43.8,0,0.0075
"2029-07-07 00:00",14.07,0,333.12,76,101.4,0,3.484,43.4,0,0.0075
"2029-07-07 01:00",13.56,0,330.8,78.6,101.4,0,3.538,43.1,0,0.0075
"2029-07-07 02:00",13.17,0,328.99,80.7,101.4,0,3.592,42.7,0,0.0075
"2029-07-07 03:00",12.86,0,327.58,82.4,101.4,0,3.646,42.4,0,0.0075
"2029-07-07 04:00",11.89,0.1,323.19,87.9,101.3,0,3.7,42,0.1,0.0075
"2029-07-07 05:00",13.46,90.78,330.36,79.4,101.3,0,3.755,41.7,41.5,0.0075
"2029-07-07 06:00",14.98,187.95,337.45,72,101.3,0,3.809,41.4,114.6,0.0075
"2029-07-07 07:00",16.42,282.81,344.29,65.7,101.3,0,3.864,41.1,193.4,0.0075
"2029-07-07 08:00",17.75,369.29,350.68,60.4,101.3,0,3.918,40.8,268.2,0.0075
"2029-07-07 09:00",18.94,441.64,356.46,56.1,101.3,0,3.973,40.5,331.7,0.0075
"2029-07-07 10:00",19.95,495.17,361.46,52.7,101.3,0,4.028,40.2,379.7,0.0076
"2029-07-07 11:00",20.77,526.53,365.53,50.2,101.2,0,4.083,40,409.8,0.0076
"2029-07-07 12:00",21.37,540.47,368.73,48.9,101.2,0,4.078,39.7,421,0.0076
"2029-07-07 13:00",21.74,530.14,370.79,48.3,101.2,0,4.073,39.4,412.4,0.0077
"2029-07-07 14:00",21.87,496.21,371.65,48.4,101.2,0,4.068,39.1,384.6,0.0078
"2029-07-07 15:00",21.75,440.98,371.27,49.3,101.2,0,4.063,38.9,338.9,0.0079
"2029-07-07 16:00",21.4,368.19,369.69,50.9,101.2,0,4.058,38.6,278,0.008
"2029-07-07 17:00",19.93,282.77,362.53,56.3,101.2,0,4.053,38.3,205.6,0.008
"2029-07-07 18:00",19.4,190.45,360.09,58.7,101.2,0,4.048,38,128,0.0081
"2029-07-07 19:00",18.67,97.19,356.69,62.1,101.2,0,4.044,37.7,51.1,0.0082
"2029-07-07 20:00",17.77,6.86,352.46,66.3,101.2,0,4.039,37.5,6.9,0.0083
"2029-07-07 21:00",16.76,0,347.76,71.4,101.2,0,4.035,37.2,0,0.0084
"2029-07-07 22:00",15.99,0,344.24,75.7,101.2,0,4.031,36.9,0,0.0085
"2029-07-07 23:00",15.45,0,341.81,79.2,101.2,0,4.027,36.6,0,0.0085
"2029-07-08 00:00",15.55,0,348.9,84.9,101.2,0,3.816,36.3,0,0.0092
"2029-07-08 01:00",15.19,0,347.31,87.7,101.2,0,3.812,36,0,0.0093
"2029-07-08 02:00",14.9,0,346.09,90.2,101.2,0,3.808,35.7,0,0.0094
"2029-07-08 03:00",14.67,0,345.16,92.4,101.2,0,3.805,35.5,0,0.0095
"2029-07-08 04:00",13.93,0,341.74,97.8,101.2,0,3.801,35.2,0,0.0096
"2029-07-08 05:00",15.13,84.87,347.71,91.3,101.2,0,3.798,34.9,42.5,0.0097
"2029-07-08 06:00",16.31,179.08,353.59,85.5,101.2,0,3.795,34.6,116.9,0.0097
"2029-07-08 07:00",17.42,273.24,359.24,80.3,101.2,0,3.791,34.3,194.2,0.0098
"2029-07-08 08:00",18.45,361.38,364.52,76,101.2,0,3.788,34,268,0.0099
"2029-07-08 09:00",19.36,437.58,369.27,72.4,101.2,0,3.785,33.7,331,0.01
"2029-07-08 10:00",20.13,496.68,373.36,69.6,101.2,0,3.783,33.4,379.2,0.0101
"2029-07-08 11:00",20.75,534.65,376.69,67.6,101.2,0,3.78,33.2,409.7,0.0102
"2029-07-08 12:00",21.19,550.12,378.99,65.8,101.2,0,3.79,33.2,421,0.0102
"2029-07-08 13:00",21.46,540.83,380.35,64.8,101.2,0,3.801,33.3,412.4,0.0102
"2029-07-08 14:00",21.53,507.33,380.74,64.5,101.2,0,3.811,33.3,384.4,0.0102
"2029-07-08 15:00",21.41,451.81,380.14,65,101.2,0,3.822,33.4,338.5,0.0102
"2029-07-08 16:00",21.11,377.96,378.57,66.2,101.2,0,3.832,33.4,277,0.0102
"2029-07-08 17:00",20.74,290.75,376.66,67.7,101.2,0,3.843,33.5,203.9,0.0102
"2029-07-08 18:00",20.05,196.01,373.13,70.7,101.2,0,3.854,33.5,126.4,0.0102
"2029-07-08 19:00",19.21,99.86,368.86,74.5,101.2,0,3.864,33.6,48.3,0.0102
"2029-07-08 20:00",18.24,6.37,363.97,79.1,101.2,0,3.875,33.7,6.4,0.0102
"2029-07-08 21:00",17.28,0,359.19,84.1,101.2,0,3.885,33.7,0,0.0102
"2029-07-08 22:00",16.52,0,355.42,88.3,101.2,0,3.896,33.8,0,0.0102
"2029-07-08 23:00",15.91,0,352.42,91.8,101.2,0,3.906,33.8,0,0.0102
"2029-07-09 00:00",15.14,0,352.49,91.9,101.3,0,4.017,33.9,0,0.0097
"2029-07-09 01:00",14.82,0,350.91,93.9,101.3,0,4.028,33.9,0,0.0097
"2029-07-09 02:00",14.56,0,349.67,95.5,101.3,0,4.039,34,0,0.0097
"2029-07-09 03:00",14.36,0,348.68,96.7,101.3,0,4.05,34,0,0.0097
"2029-07-09 04:00",13.66,0,345.04,99.7,101.3,0,4.06,34.1,0,0.0096
"2029-07-09 05:00",14.77,87.8,350.68,94.2,101.3,0,4.071,34.1,40.6,0.0097
"2029-07-09 06:00",15.85,187.19,355.97,88,101.3,0,4.082,34.2,111.7,0.0097
"2029-07-09 07:00",16.87,286.96,361.04,82.4,101.3,0,4.093,34.2,190,0.0097
"2029-07-09 08:00",17.81,380.78,365.75,77.7,101.3,0,4.104,34.3,264.5,0.0097
"2029-07-09 09:00",18.64,462.36,369.97,73.8,101.3,0,4.115,34.3,328.1,0.0097
"2029-07-09 10:00",19.34,526.14,373.58,70.6,101.3,0,4.126,34.4,376.6,0.0097
"2029-07-09 11:00",19.91,567.7,376.47,68.2,101.3,0,4.136,34.4,407.2,0.0097
"2029-07-09 12:00",20.31,584.81,378.7,67,101.3,0,4.128,34.6,418.2,0.0098
"2029-07-09 13:00",20.55,575.56,380.06,66.5,101.3,0,4.119,34.8,409.4,0.0099
"2029-07-09 14:00",20.61,540.45,380.51,66.7,101.3,0,4.111,34.9,381,0.0099
"2029-07-09 15:00",20.49,481.72,380.06,67.7,101.2,0,4.102,35.1,334.4,0.01
"2029-07-09 16:00",20.21,403.26,378.7,69.4,101.2,0,4.094,35.3,272.1,0.0101
"2029-07-09 17:00",19.78,310.32,376.64,71.7,101.2,0,4.085,35.4,198.8,0.0102
"2029-07-09 18:00",19.17,209.12,373.61,75,101.2,0,4.077,35.6,118.8,0.0102
"2029-07-09 19:00",18.41,106.19,369.88,79.2,101.1,0.1,4.069,35.8,45.5,0.0103
"2029-07-09 20:00",17.54,6,365.57,84.3,101.1,0.1,4.06,36,6,0.0104
"2029-07-09 21:00",16.7,0,361.5,89.4,101.1,0.1,4.052,36.1,0,0.0105
"2029-07-09 22:00",16.05,0,358.36,93.9,101.1,0.1,4.044,36.3,0,0.0105
"2029-07-09 23:00",15.53,0,355.89,97.7,101.1,0.1,4.036,36.5,0,0.0106
"2029-07-10 00:00",16.09,0,348.87,97.7,101,0.1,4.207,36.6,0,0.011
"2029-07-10 01:00",15.53,0,345.9,99.7,100.9,0.1,4.199,36.8,0,0.0108
"2029-07-10 02:00",15.09,0,343.3,99.7,100.9,0.1,4.19,37,0,0.0105
"2029-07-10 03:00",14.75,0,341.28,99.7,100.9,0.1,4.182,37.2,0,0.0103
"2029-07-10 04:00",13.6,0,334.59,99.7,100.9,0.1,4.174,37.4,0,0.0096
"2029-07-10 05:00",15.3,96.67,344.54,99.7,100.9,0.1,4.165,37.5,44.6,0.0107
"2029-07-10 06:00",16.96,208.1,353.8,96.1,100.8,0.1,4.157,37.7,90.2,0.0115
"2029-07-10 07:00",18.54,320.14,361.71,87.6,100.8,0.1,4.149,37.9,177.8,0.0115
"2029-07-10 08:00",20,425.73,369.15,80.5,100.8,0.1,4.141,38.1,253.8,0.0116
"2029-07-10 09:00",21.3,517.77,375.9,74.7,100.8,0.1,4.133,38.3,314.7,0.0117
"2029-07-10 10:00",22.42,589.96,381.79,70.3,100.7,0.2,4.125,38.4,359.8,0.0118
"2029-07-10 11:00",23.33,637.29,386.62,66.9,100.7,0.2,4.116,38.6,388.1,0.0118
"2029-07-10 12:00",24,646.11,390.14,64.2,100.7,0.2,4.035,37.8,401.6,0.0118
"2029-07-10 13:00",24.42,625.68,392.36,62.6,100.7,0.2,3.955,37,396.1,0.0118
"2029-07-10 14:00",24.58,577.92,393.2,62,100.7,0.2,3.875,36.2,371,0.0118
"2029-07-10 15:00",24.48,506.58,392.64,62.3,100.6,0.3,3.796,35.3,327.4,0.0118
"2029-07-10 16:00",24.11,416.91,390.7,63.7,100.6,0.3,3.718,34.4,267.6,0.0118
"2029-07-10 17:00",22.78,315.25,383.73,69,100.6,0.3,3.641,33.5,197.7,0.0118
"2029-07-10 18:00",22.15,208.53,380.42,71.6,100.6,0.4,3.566,32.5,118,0.0118
"2029-07-10 19:00",21.29,103.59,376.01,75.4,100.5,0.4,3.491,31.5,45.4,0.0118
"2029-07-10 20:00",20.25,4.95,370.67,80.4,100.5,0.4,3.417,30.4,4.8,0.0118
"2029-07-10 21:00",19.04,0,364.6,86.6,100.5,0.4,3.345,29.3,0,0.0118
"2029-07-10 22:00",18.1,0,359.9,91.8,100.5,0.5,3.274,28.1,0,0.0118
"2029-07-10 23:00",17.41,0,356.47,95.9,100.5,0.5,3.204,26.9,0,0.0118
"2029-07-11 00:00",16.47,0,375.95,99.8,100.3,0.5,3.337,25.6,0,0.0116
"2029-07-11 01:00",16.22,0,374.35,99.8,100.3,0.5,3.267,24.3,0,0.0114
"2029-07-11 02:00",16.02,0,373.08,99.8,100.3,0.6,3.419,22.9,0,0.0113
"2029-07-11 03:00",15.86,0,372.07,99.7,100.3,0.6,3.348,21.4,0,0.0112
"2029-07-11 04:00",15.27,0,368.35,99.7,100.2,0.6,3.279,19.9,0,0.0107
"2029-07-11 05:00",16.16,73.49,373.99,99.8,100.2,0.7,3.212,18.3,45,0.0114
"2029-07-11 06:00",17.02,156.59,379.47,99.4,100.2,0.7,3.147,16.7,117.2,0.012
"2029-07-11 07:00",17.84,236.85,383.78,94.3,100.2,0.7,3.086,15,191.8,0.012
"2029-07-11 08:00",18.6,309.13,387.77,89.9,100.1,0.7,3.027,13.2,260.1,0.012
"2029-07-11 09:00",19.26,368.69,391.34,86.2,100.1,0.8,2.779,11.3,316.9,0.012
"2029-07-11 10:00",19.83,411.73,394.37,83.2,100.1,0.8,2.73,9.4,359,0.012
"2029-07-11 11:00",20.28,435.71,396.79,80.9,100.1,0.8,2.684,7.4,383.9,0.012
"2029-07-11 12:00",20.6,443.07,398.4,78.8,100.1,0.8,2.487,4.8,392.4,0.0119
"2029-07-11 13:00",20.78,430.33,399.27,77.4,100.1,0.8,2.246,1.8,382.6,0.0118
"2029-07-11 14:00",20.82,398.66,399.37,76.7,100.1,0.7,2.199,358.3,355.5,0.0117
"2029-07-11 15:00",20.72,350.46,398.7,76.7,100.1,0.7,2.127,354.2,312.8,0.0116
"2029-07-11 16:00",20.48,289.21,397.27,77.3,100.2,0.7,1.967,349.4,257.6,0.0116
"2029-07-11 17:00",21.34,219.22,401.8,72.9,100.2,0.7,1.824,343.8,193.4,0.0115
"2029-07-11 18:00",20.46,145.25,396.88,76.4,100.2,0.6,1.724,337.4,125.1,0.0114
"2029-07-11 19:00",19.47,72.03,391.41,80.7,100.2,0.6,1.625,330,58.7,0.0113
"2029-07-11 20:00",18.39,2.88,385.49,85.8,100.2,0.6,1.556,321.9,2.9,0.0113
"2029-07-11 21:00",17.37,0,379.99,90.9,100.2,0.6,1.521,313.1,0,0.0112
"2029-07-11 22:00",16.49,0,375.29,95.4,100.2,0.5,1.523,304.2,0,0.0111
"2029-07-11 23:00",15.72,0,371.07,99.1,100.2,0.5,1.473,295.5,0,0.011
"2029-07-12 00:00",13.96,0,357.66,99.7,100.4,0.5,1.723,287.3,0,0.0099
"2029-07-12 01:00",13.56,0,355.2,99.7,100.4,0.4,1.831,280,0,0.0096
"2029-07-12 02:00",13.24,0,353.25,99.7,100.4,0.4,1.965,273.6,0,0.0094
"2029-07-12 03:00",12.99,0,351.72,99.8,100.4,0.4,2.12,268.1,0,0.0092
"2029-07-12 04:00",12.07,0,346.16,99.8,100.4,0.4,2.292,263.3,0,0.0087
"2029-07-12 05:00",13.39,48.59,354.17,99.7,100.4,0.3,2.478,259.2,44.7,0.0095
"2029-07-12 06:00",14.68,105.03,361.6,96.9,100.4,0.3,2.674,255.8,99.3,0.01
"2029-07-12 07:00",15.9,160.05,367.68,88.9,100.5,0.3,2.878,252.8,153.5,0.01
"2029-07-12 08:00",17.03,210.17,373.34,82.2,100.5,0.3,2.877,250.2,203,0.0099
"2029-07-12 09:00",18.04,252.07,378.41,76.6,100.5,0.2,3.079,247.9,244.5,0.0098
"2029-07-12 10:00",18.89,283.04,382.76,72,100.5,0.2,3.285,245.9,275.3,0.0097
"2029-07-12 11:00",19.58,301.15,386.25,68.5,100.5,0.2,3.495,244.2,293.6,0.0097
"2029-07-12 12:00",20.08,324.42,388.85,66.2,100.5,0.2,3.43,243.4,313.9,0.0096
"2029-07-12 13:00",20.38,333.07,390.41,64.8,100.5,0.2,3.366,242.6,319.6,0.0096
"2029-07-12 14:00",20.48,325.49,390.86,64.3,100.6,0.1,3.302,241.8,309.3,0.0096
"2029-07-12 15:00",20.36,301.29,390.2,64.5,100.6,0.1,3.239,241,283,0.0095
"2029-07-12 16:00",20.04,261.34,388.45,65.7,100.6,0.1,3.177,240.1,241.7,0.0095
"2029-07-12 17:00",20.54,207.83,391.02,63.5,100.6,0.1,3.115,239.2,187.6,0.0095
"2029-07-12 18:00",19.52,144.13,385.55,67.4,100.6,0.1,3.054,238.2,124.3,0.0095
"2029-07-12 19:00",18.34,74.43,379.27,72.4,100.6,0.1,2.995,237.2,58.2,0.0094
"2029-07-12 20:00",17,2.49,372.31,78.5,100.6,0.1,2.936,236.2,2.5,0.0094
"2029-07-12 21:00",15.67,0,365.44,85.3,100.6,0.1,2.878,235.1,0,0.0094
"2029-07-12 22:00",14.54,0,359.7,91.4,100.7,0.1,2.821,234,0,0.0094
"2029-07-12 23:00",13.59,0,354.88,97,100.7,0.1,2.765,232.9,0,0.0093
"2029-07-13 00:00",13.22,0,307.23,94.5,100.8,0.1,1.94,231.7,0,0.0089
"2029-07-13 01:00",12.4,0,303.66,99.1,100.8,0.1,1.902,230.4,0,0.0088
"2029-07-13 02:00",11.77,0,300.44,99.7,100.8,0.1,1.865,229.1,0,0.0085
"2029-07-13 03:00",11.28,0,297.88,99.7,100.8,0.1,1.828,227.7,0,0.0082
"2029-07-13 04:00",9.58,0,289.15,99.7,100.8,0.1,1.793,226.3,0,0.0073
"2029-07-13 05:00",11.82,97.55,300.69,99.7,100.8,0,1.759,224.9,46.2,0.0085
"2029-07-13 06:00",14.01,221.2,310.39,88.2,100.9,0,1.726,223.3,75.1,0.0087
"2029-07-13 07:00",16.1,350.82,319.5,76.9,100.9,0,1.695,221.8,140.7,0.0087
"2029-07-13 08:00",18.04,478.43,328.14,67.8,100.9,0,1.665,220.1,211.1,0.0086
"2029-07-13 09:00",19.78,595.29,336.06,60.6,100.9,0,1.636,218.4,264,0.0086
"2029-07-13 10:00",21.3,692.93,343.03,55.1,100.9,0,1.609,216.7,295.6,0.0086
"2029-07-13 11:00",22.55,763.87,348.85,50.9,100.9,0,1.583,214.9,304.8,0.0086
"2029-07-13 12:00",23.5,773.06,353.51,48.4,100.9,0,1.609,214.2,328.4,0.0086
"2029-07-13 13:00",24.13,747,356.69,47,100.9,0,1.636,213.6,333,0.0087
"2029-07-13 14:00",24.43,688.23,358.28,46.5,100.9,0,1.663,213,317.6,0.0088
"2029-07-13 15:00",24.39,601.45,358.23,46.9,100.8,0,1.69,212.5,281.7,0.0088
"2029-07-13 16:00",24.02,493.14,356.56,48.4,100.8,0,1.717,211.9,226,0.0089
"2029-07-13 17:00",21.52,371.02,344.84,56.7,100.8,0,1.744,211.4,153.3,0.009
"2029-07-13 18:00",21.07,243.47,342.82,58.7,100.8,0,1.772,210.9,81.4,0.009
"2029-07-13 19:00",20.32,118.6,339.46,61.9,100.8,0,1.799,210.4,51.4,0.0091
"2029-07-13 20:00",19.31,2.84,334.92,66.4,100.7,0,1.827,209.9,2.7,0.0092
"2029-07-13 21:00",17.79,0,328.1,73.6,100.7,0,1.855,209.4,0,0.0093
"2029-07-13 22:00",16.62,0,322.95,79.8,100.7,0,1.883,208.9,0,0.0093
"2029-07-13 23:00",15.83,0,319.57,84.5,100.7,0,1.911,208.5,0,0.0094
"2029-07-14 00:00",15.03,0,355.35,98.5,100.6,0,2.028,208,0,0.0104
"2029-07-14 01:00",14.65,0,353.29,99.7,100.5,0,2.057,207.6,0,0.0103
"2029-07-14 02:00",14.35,0,351.47,99.7,100.5,0,2.087,207.2,0,0.0101
"2029-07-14 03:00",14.12,0,350.03,99.7,100.5,0,2.117,206.8,0,0.0099
"2029-07-14 04:00",13.93,0,348.89,99.7,100.5,0,2.147,206.4,0,0.0098
"2029-07-14 05:00",14.47,73.16,352.18,99.7,100.4,0,2.177,206.1,39.7,0.0102
"2029-07-14 06:00",15.73,160.24,359.59,98.1,100.4,0.1,2.207,205.7,113.1,0.0109
"2029-07-14 07:00",16.94,243.6,365.75,91.5,100.4,0.1,2.237,205.3,189.9,0.0109
"2029-07-14 08:00",18.04,317.96,371.5,85.9,100.4,0.1,2.268,205,260.4,0.011
"2029-07-14 09:00",19.02,378.44,376.69,81.3,100.4,0.1,2.298,204.6,318.7,0.0111
"2029-07-14 10:00",19.86,421.29,381.16,77.7,100.3,0.1,2.329,204.3,361.6,0.0112
"2029-07-14 11:00",20.53,444.09,384.78,75,100.3,0.1,2.359,204,386.7,0.0112
"2029-07-14 12:00",21.01,464.89,387.28,72.7,100.3,0.1,2.426,205.1,401,0.0112
"2029-07-14 13:00",21.29,464.55,388.75,71.3,100.3,0.1,2.493,206.1,396.3,0.0112
"2029-07-14 14:00",21.37,442.52,389.13,70.8,100.3,0.1,2.562,207.1,372.4,0.0112
"2029-07-14 15:00",21.25,399.73,388.41,71.2,100.2,0.1,2.631,208,330.5,0.0112
"2029-07-14 16:00",20.92,338.67,386.62,72.5,100.2,0.1,2.7,208.9,272.7,0.0111
"2029-07-14 17:00",20.51,263.16,384.43,74.2,100.2,0.1,2.771,209.7,202.4,0.0111
"2029-07-14 18:00",19.76,178.15,380.49,77.5,100.2,0,2.841,210.5,125,0.0111
"2029-07-14 19:00",18.85,89.12,375.73,81.8,100.2,0,2.913,211.2,48.4,0.0111
"2029-07-14 20:00",17.8,1.52,370.29,87.2,100.1,0,2.985,211.9,1.5,0.011
"2029-07-14 21:00",16.82,0,365.23,92.6,100.1,0,3.057,212.6,0,0.011
"2029-07-14 22:00",16.03,0,361.25,97.2,100.1,0,3.129,213.3,0,0.011
"2029-07-14 23:00",15.4,0,357.83,99.7,100.1,0,3.202,213.9,0,0.0108
"2029-07-15 00:00",15.27,0,336.77,96.9,100,0,3.613,214.5,0,0.0105
"2029-07-15 01:00",14.72,0,334.06,99.7,100,0,3.694,215,0,0.0104
"2029-07-15 02:00",14.28,0,331.56,99.7,100,0,3.776,215.6,0,0.0101
"2029-07-15 03:00",13.94,0,329.6,99.7,100,0,3.858,216.1,0,0.0099
"2029-07-15 04:00",13.66,0,328.06,99.7,100,0,3.94,216.6,0,0.0097
"2029-07-15 05:00",14.35,91.75,331.94,99.7,99.9,0,4.023,217.1,44.3,0.0101
"2029-07-15 06:00",16.06,210.4,340.26,91,99.9,0,4.106,217.5,76.2,0.0103
"2029-07-15 07:00",17.69,332.17,348,81.8,99.9,0,4.189,218,155.5,0.0103
"2029-07-15 08:00",19.2,449.52,355.26,74.3,99.9,0,4.272,218.4,233.2,0.0103
"2029-07-15 09:00",20.55,554.5,361.84,68.2,99.9,0,4.355,218.8,294.9,0.0103
"2029-07-15 10:00",21.7,639.71,367.54,63.4,99.8,0,4.439,219.2,338.7,0.0103
"2029-07-15 11:00",22.64,698.89,372.19,59.8,99.8,0,4.523,219.6,363.1,0.0102
"2029-07-15 12:00",23.32,714.97,375.68,57.3,99.8,0,4.539,219.7,376.2,0.0102
"2029-07-15 13:00",23.75,698.34,377.85,55.8,99.8,0,4.555,219.9,370.1,0.0102
"2029-07-15 14:00",23.91,650.32,378.64,55.3,99.8,0,4.572,220.1,344.9,0.0102
"2029-07-15 15:00",23.79,574.39,378.03,55.7,99.8,0,4.588,220.2,300.9,0.0102
"2029-07-15 16:00",23.4,475.85,376.02,57,99.8,0,4.605,220.4,238.7,0.0102
"2029-07-15 17:00",21.99,361.48,368.92,62,99.7,0,4.621,220.6,159.8,0.0102
"2029-07-15 18:00",21.33,239,365.59,64.6,99.7,0.1,4.637,220.7,81.2,0.0102
"2029-07-15 19:00",20.44,116.24,361.17,68.2,99.7,0.1,4.654,220.9,51,0.0102
"2029-07-15 20:00",19.35,1.17,355.82,72.9,99.7,0.1,4.67,221,1.2,0.0102
"2029-07-15 21:00",18.18,0,350.16,78.4,99.7,0.1,4.687,221.2,0,0.0102
"2029-07-15 22:00",17.3,0,345.89,82.9,99.7,0.1,4.704,221.4,0,0.0102
"2029-07-15 23:00",16.64,0,342.78,86.4,99.7,0.1,4.72,221.5,0,0.0102
"2029-07-16 00:00",16.41,0,360.47,90,99.5,0.1,4.996,221.7,0,0.0105
"2029-07-16 01:00",16.05,0,358.68,92.1,99.4,0.1,5.014,221.8,0,0.0105
"2029-07-16 02:00",15.77,0,357.26,93.8,99.4,0.1,5.031,222,0,0.0105
"2029-07-16 03:00",15.54,0,356.12,95.1,99.4,0.1,5.049,222.1,0,0.0105
"2029-07-16 04:00",15.36,0,355.22,96.2,99.4,0.1,5.067,222.3,0,0.0105
"2029-07-16 05:00",15.84,86.8,357.57,93.3,99.4,0.1,5.084,222.4,42.4,0.0105
"2029-07-16 06:00",17.06,197.83,363.71,86.3,99.4,0.1,5.102,222.6,84.1,0.0105
"2029-07-16 07:00",18.23,307.64,369.6,80.1,99.4,0.1,5.12,222.7,173.5,0.0105
"2029-07-16 08:00",19.3,409.38,375.09,74.9,99.4,0.1,5.138,222.9,250.2,0.0105
"2029-07-16 09:00",20.26,496.28,380.03,70.6,99.3,0.1,5.156,223,311.6,0.0105
"2029-07-16 10:00",21.07,562.56,384.26,67.1,99.3,0.1,5.174,223.2,361.3,0.0105
"2029-07-16 11:00",21.72,603.87,387.66,64.5,99.3,0.1,5.192,223.3,393.1,0.0105
"2029-07-16 12:00",22.18,624.09,390.07,62.5,99.4,0.1,5.064,223.6,403.6,0.0105
"2029-07-16 13:00",22.46,615.73,391.47,61.3,99.4,0.1,4.938,223.9,394.2,0.0104
"2029-07-16 14:00",22.53,579.1,391.81,60.9,99.5,0.1,4.811,224.2,365.5,0.0104
"2029-07-16 15:00",22.4,516.48,391.08,61.2,99.5,0.1,4.684,224.5,319.2,0.0104
"2029-07-16 16:00",22.08,431.93,389.29,62.2,99.6,0.1,4.558,224.8,260.5,0.0103
"2029-07-16 17:00",22.25,331.05,390.14,61.4,99.6,0.1,4.431,225.1,184.8,0.0103
"2029-07-16 18:00",21.34,220.56,385.28,64.7,99.7,0.1,4.305,225.5,94.9,0.0103
"2029-07-16 19:00",20.27,107.52,379.64,69,99.7,0.1,4.179,225.9,47.5,0.0102
"2029-07-16 20:00",19.06,0.5,373.35,74.1,99.8,0.1,4.053,226.3,0.5,0.0102
"2029-07-16 21:00",17.94,0,367.62,79.2,99.8,0.1,3.928,226.7,0,0.0102
"2029-07-16 22:00",17.02,0,362.91,83.8,99.9,0.1,3.803,227.2,0,0.0101
"2029-07-16 23:00",16.24,0,358.95,87.8,100,0.1,3.678,227.7,0,0.0101
"2029-07-17 00:00",15.22,0,329.62,90.7,100.3,0.1,2.78,228.2,0,0.0097
"2029-07-17 01:00",14.73,0,327.33,93.4,100.4,0.1,2.684,228.8,0,0.0097
"2029-07-17 02:00",14.35,0,325.52,95.5,100.4,0.1,2.588,229.4,0,0.0097
"2029-07-17 03:00",14.04,0,324.07,97.1,100.5,0,2.493,230,0,0.0096
"2029-07-17 04:00",13.79,0,322.9,98.3,100.5,0,2.398,230.7,0,0.0096
"2029-07-17 05:00",14.36,92.28,325.43,94.6,100.6,0,2.303,231.5,45.6,0.0096
"2029-07-17 06:00",15.94,215.24,332.61,85.2,100.6,0,2.209,232.3,71,0.0095
"2029-07-17 07:00",17.44,339.26,339.55,77.2,100.7,0,2.115,233.2,141.3,0.0095
"2029-07-17 08:00",18.83,456.67,346.05,70.6,100.7,0,2.022,234.2,222.3,0.0095
"2029-07-17 09:00",20.07,559.59,351.93,65.1,100.8,0,1.93,235.2,287.5,0.0094
"2029-07-17 10:00",21.13,640.93,357,60.8,100.8,0,1.839,236.4,334.5,0.0094
"2029-07-17 11:00",21.98,694.99,361.11,57.6,100.9,0,1.749,237.7,362.6,0.0094
"2029-07-17 12:00",22.6,717.04,364.2,55.5,100.9,0,1.752,236.5,372,0.0094
"2029-07-17 13:00",22.98,706.14,366.1,54.2,100.9,0,1.757,235.3,362.2,0.0094
"2029-07-17 14:00",23.11,662.85,366.74,53.8,100.9,0,1.763,234.1,333.3,0.0094
"2029-07-17 15:00",22.99,589.92,366.12,54.3,101,0,1.769,232.9,285.4,0.0094
"2029-07-17 16:00",22.61,492.18,364.25,55.5,101,0,1.776,231.7,218.8,0.0094
"2029-07-17 17:00",22.55,376.13,364,55.7,101,0,1.785,230.6,137.7,0.0094
"2029-07-17 18:00",21.52,249.52,358.92,59.4,101,0,1.793,229.4,75.8,0.0094
"2029-07-17 19:00",20.28,120.43,352.91,64.1,101,0,1.803,228.2,53.6,0.0094
"2029-07-17 20:00",18.86,0.13,346.11,70,101,0,1.814,227.1,0.1,0.0094
"2029-07-17 21:00",17.44,0,339.44,76.6,101.1,0,1.825,226,0,0.0094
"2029-07-17 22:00",16.28,0,334.02,82.5,101.1,0,1.837,224.9,0,0.0094
"2029-07-17 23:00",15.32,0,329.6,87.8,101.1,0,1.85,223.8,0,0.0094
"2029-07-18 00:00",14.36,0,315.92,92.9,101.1,0,2.174,222.7,0,0.0094
"2029-07-18 01:00",13.71,0,313.05,96.8,101.2,0,2.191,221.6,0,0.0093
"2029-07-18 02:00",13.2,0,310.71,99.5,101.2,0,2.209,220.6,0,0.0093
"2029-07-18 03:00",12.8,0,308.59,99.7,101.2,0,2.227,219.5,0,0.0091
"2029-07-18 04:00",12.48,0,306.89,99.7,101.2,0,2.247,218.5,0,0.0089
"2029-07-18 05:00",13.11,100.9,310.29,99.7,101.2,0,2.267,217.5,50.4,0.0092
"2029-07-18 06:00",15.07,238.31,319.11,89,101.2,0,2.288,216.5,76.1,0.0094
"2029-07-18 07:00",16.94,376.45,327.49,79,101.3,0,2.309,215.6,104.9,0.0094
"2029-07-18 08:00",18.67,506.8,335.41,70.9,101.3,0,2.332,214.6,161.7,0.0094
"2029-07-18 09:00",20.22,620.63,342.63,64.4,101.3,0,2.354,213.7,219.9,0.0094
"2029-07-18 10:00",21.56,710.13,348.94,59.3,101.3,0,2.378,212.8,262.3,0.0094
"2029-07-18 11:00",22.64,769.11,354.13,55.6,101.3,0,2.402,211.9,286.7,0.0094
"2029-07-18 12:00",23.45,787.61,358.08,53,101.3,0,2.418,211.8,300.5,0.0094
"2029-07-18 13:00",23.97,769.77,360.63,51.5,101.3,0,2.433,211.7,297,0.0094
"2029-07-18 14:00",24.18,717,361.68,51,101.3,0,2.449,211.6,275.4,0.0094
"2029-07-18 15:00",24.07,633.08,361.21,51.4,101.3,0,2.465,211.6,235.4,0.0095
"2029-07-18 16:00",23.66,523.86,359.23,52.8,101.3,0,2.481,211.5,178.3,0.0095
"2029-07-18 17:00",22.08,396.83,351.65,58.2,101.3,0,2.497,211.4,115,0.0095
"2029-07-18 18:00",21.36,260.56,348.26,61,101.2,0,2.512,211.3,78.9,0.0095
"2029-07-18 19:00",20.38,123.72,343.68,64.9,101.2,0,2.528,211.3,55.5,0.0095
"2029-07-18 20:00",19.18,0,338.09,70.1,101.2,0,2.544,211.2,0,0.0096
"2029-07-18 21:00",17.8,0,331.79,76.5,101.2,0,2.56,211.1,0,0.0096
"2029-07-18 22:00",16.76,0,327.06,81.9,101.2,0,2.576,211.1,0,0.0096
"2029-07-18 23:00",15.99,0,323.64,86.2,101.2,0,2.592,211,0,0.0096
"2029-07-19 00:00",16.06,0,335.16,85.7,101.1,0,2.618,210.9,0,0.0096
"2029-07-19 01:00",15.52,0,332.72,88.8,101,0,2.634,210.9,0,0.0096
"2029-07-19 02:00",15.1,0,330.8,91.5,101,0,2.65,210.8,0,0.0097
"2029-07-19 03:00",14.76,0,329.29,93.7,101,0,2.666,210.7,0,0.0097
"2029-07-19 04:00",14.5,0,328.1,95.5,101,0,2.682,210.7,0,0.0097
"2029-07-19 05:00",15.02,94.58,330.55,92.5,101,0,2.698,210.6,47.8,0.0097
"2029-07-19 06:00",16.73,225.04,338.49,83.1,101,0,2.714,210.5,72.2,0.0097
"2029-07-19 07:00",18.35,354.17,346.2,75.2,101,0,2.73,210.5,117.8,0.0098
"2029-07-19 08:00",19.85,474.03,353.44,68.6,100.9,0,2.746,210.4,198.1,0.0098
"2029-07-19 09:00",21.19,576.62,360.02,63.3,100.9,0,2.762,210.4,268.1,0.0098
"2029-07-19 10:00",22.34,655.13,365.74,59.1,100.9,0,2.778,210.3,319.8,0.0098
"2029-07-19 11:00",23.27,704.36,370.42,56,100.9,0,2.794,210.2,352.5,0.0099
"2029-07-19 12:00",23.95,716.29,374.02,54.2,100.9,0,2.8,210.5,369.3,0.0099
"2029-07-19 13:00",24.38,695.03,376.33,53.3,100.9,0,2.807,210.7,366.5,0.01
"2029-07-19 14:00",24.53,642.57,377.26,53.2,100.9,0,2.813,211,343.8,0.0101
"2029-07-19 15:00",24.41,562.96,376.8,54.1,100.9,0,2.82,211.2,302,0.0102
"2029-07-19 16:00",24.01,462.02,374.94,55.8,100.9,0,2.826,211.5,241.9,0.0103
"2029-07-19 17:00",22.68,346.87,368.39,61,100.9,0,2.833,211.7,165.3,0.0104
"2029-07-19 18:00",21.99,225.35,365.12,64.1,100.8,0,2.84,212,82.9,0.0105
"2029-07-19 19:00",21.08,105.16,360.76,68.4,100.8,0,2.847,212.2,47.6,0.0105
"2029-07-19 20:00",19.97,0,355.49,73.8,100.8,0,2.853,212.5,0,0.0106
"2029-07-19 21:00",18.85,0,350.18,79.7,100.8,0,2.86,212.7,0,0.0107
"2029-07-19 22:00",17.99,0,346.22,84.8,100.8,0,2.867,213,0,0.0108
"2029-07-19 23:00",17.36,0,343.35,88.9,100.8,0,2.874,213.2,0,0.0109
"2029-07-20 00:00",17.28,0,367.98,95.4,100.8,0,2.766,213.4,0,0.0116
"2029-07-20 01:00",16.87,0,366.05,98.6,100.7,0,2.772,213.7,0,0.0117
"2029-07-20 02:00",16.55,0,364.23,99.8,100.7,0,2.779,213.9,0,0.0116
"2029-07-20 03:00",16.29,0,362.62,99.8,100.7,0,2.786,214.2,0,0.0114
"2029-07-20 04:00",16.08,0,361.33,99.8,100.7,0,2.793,214.4,0,0.0113
"2029-07-20 05:00",16.49,69.57,363.86,99.8,100.7,0,2.8,214.6,35.6,0.0116
"2029-07-20 06:00",17.88,166.61,371.87,96.1,100.7,0,2.807,214.9,101.1,0.0122
"2029-07-20 07:00",19.2,260.76,378.84,89.1,100.7,0,2.814,215.1,180.8,0.0122
"2029-07-20 08:00",20.42,346.22,385.38,83.2,100.7,0,2.821,215.3,256.5,0.0123
"2029-07-20 09:00",21.51,417.38,391.3,78.4,100.7,0,2.828,215.5,320.6,0.0124
"2029-07-20 10:00",22.44,469.67,396.42,74.6,100.7,0,2.836,215.8,369.1,0.0125
"2029-07-20 11:00",23.18,499.93,400.59,71.8,100.7,0,2.843,216,399.4,0.0126
"2029-07-20 12:00",23.72,516.95,403.49,69.4,100.7,0,2.878,215.8,411.5,0.0126
"2029-07-20 13:00",24.05,510.01,405.21,67.9,100.7,0,2.913,215.7,403.7,0.0126
"2029-07-20 14:00",24.14,479.37,405.7,67.4,100.7,0,2.948,215.5,376.2,0.0125
"2029-07-20 15:00",24.01,426.94,404.93,67.8,100.7,0,2.983,215.3,330.6,0.0125
"2029-07-20 16:00",23.65,356.11,402.94,69.1,100.7,0,3.019,215.1,269.3,0.0125
"2029-07-20 17:00",23.39,271.56,401.43,70.1,100.7,0,3.054,215,196,0.0124
"2029-07-20 18:00",22.51,178.93,396.67,73.7,100.7,0,3.089,214.8,117.9,0.0124
"2029-07-20 19:00",21.46,84.09,390.98,78.5,100.7,0,3.124,214.7,42.1,0.0124
"2029-07-20 20:00",20.25,0,384.52,84.4,100.7,0,3.16,214.5,0,0.0124
"2029-07-20 21:00",19.14,0,378.68,90.2,100.7,0,3.195,214.4,0,0.0123
"2029-07-20 22:00",18.24,0,373.98,95.2,100.7,0,3.23,214.2,0,0.0123
"2029-07-20 23:00",17.5,0,370.14,99.5,100.7,0,3.266,214.1,0,0.0123
"2029-07-21 00:00",16.48,0,363.49,99.8,100.8,0,3.427,214,0,0.0115
"2029-07-21 01:00",16.1,0,361.13,99.7,100.8,0,3.464,213.8,0,0.0113
"2029-07-21 02:00",15.8,0,359.26,99.7,100.8,0,3.501,213.7,0,0.011
"2029-07-21 03:00",15.55,0,357.76,99.7,100.8,0,3.538,213.6,0,0.0109
"2029-07-21 04:00",15.36,0,356.56,99.7,100.8,0,3.574,213.5,0,0.0107
"2029-07-21 05:00",15.72,70.87,358.77,99.7,100.8,0,3.611,213.3,36.8,0.011
"2029-07-21 06:00",17.04,175.86,366.64,98,100.8,0,3.648,213.2,90.7,0.0117
"2029-07-21 07:00",18.3,281.65,373.04,90.3,100.8,0,3.685,213.1,175.1,0.0117
"2029-07-21 08:00",19.47,381.82,379.02,83.8,100.8,0,3.722,213,248.2,0.0117
"2029-07-21 09:00",20.5,469.64,384.41,78.4,100.8,0,3.759,212.9,312.7,0.0117
"2029-07-21 10:00",21.39,539.07,389.03,74.1,100.8,0,3.796,212.8,361.7,0.0116
"2029-07-21 11:00",22.09,585.25,392.75,70.8,100.8,0,3.833,212.7,392.5,0.0116
"2029-07-21 12:00",22.61,601.08,395.46,68.6,100.8,0,3.859,212.7,404.6,0.0116
"2029-07-21 13:00",22.91,588.92,397.06,67.2,100.8,0,3.884,212.7,396.6,0.0116
"2029-07-21 14:00",22.99,549.65,397.5,66.8,100.8,0,3.91,212.7,368.7,0.0116
"2029-07-21 15:00",22.86,486,396.76,67.3,100.8,0,3.936,212.8,322.4,0.0116
"2029-07-21 16:00",22.51,402.32,394.87,68.6,100.8,0,3.962,212.8,260,0.0115
"2029-07-21 17:00",21.57,304.3,389.78,72.6,100.8,0,3.988,212.8,188.3,0.0115
"2029-07-21 18:00",20.95,198.52,386.49,75.3,100.8,0,4.014,212.8,104,0.0115
"2029-07-21 19:00",20.16,91.66,382.32,78.9,100.8,0,4.04,212.8,42.3,0.0115
"2029-07-21 20:00",19.22,0,377.41,83.6,100.8,0,4.065,212.9,0,0.0115
"2029-07-21 21:00",18.42,0,373.23,87.8,100.8,0,4.091,212.9,0,0.0115
"2029-07-21 22:00",17.8,0,370.07,91.1,100.8,0,4.117,212.9,0,0.0115
"2029-07-21 23:00",17.34,0,367.67,93.7,100.8,0,4.143,212.9,0,0.0114
"2029-07-22 00:00",17.22,0,370.02,94.1,100.9,0,4.544,212.9,0,0.0114
"2029-07-22 01:00",16.91,0,368.43,95.8,100.9,0,4.572,213,0,0.0114
"2029-07-22 02:00",16.66,0,367.15,97.2,100.9,0,4.6,213,0,0.0114
"2029-07-22 03:00",16.47,0,366.12,98.3,100.9,0,4.628,213,0,0.0114
"2029-07-22 04:00",16.31,0,365.27,99.1,100.9,0,4.656,213,0,0.0113
"2029-07-22 05:00",16.59,72.76,366.7,97.3,100.9,0,4.685,213,38.3,0.0113
"2029-07-22 06:00",17.71,182.68,372.39,90.5,100.9,0,4.713,213.1,80.3,0.0113
"2029-07-22 07:00",18.77,292,377.86,84.5,100.9,0,4.741,213.1,168.9,0.0113
"2029-07-22 08:00",19.75,394.08,382.96,79.4,100.9,0,4.769,213.1,244.6,0.0113
"2029-07-22 09:00",20.62,482.14,387.53,75.2,100.9,0,4.798,213.1,307.5,0.0113
"2029-07-22 10:00",21.36,550.25,391.44,71.7,100.9,0,4.826,213.1,357.2,0.0112
"2029-07-22 11:00",21.95,593.82,394.56,69.1,100.9,0,4.854,213.1,388.9,0.0112
"2029-07-22 12:00",22.37,594.26,396.86,67.5,100.9,0,4.748,213.3,405.1,0.0113
"2029-07-22 13:00",22.62,566.81,398.21,66.6,100.8,0,4.642,213.5,400.1,0.0113
"2029-07-22 14:00",22.67,514.5,398.55,66.4,100.8,0,4.537,213.7,374.1,0.0113
"2029-07-22 15:00",22.55,441.95,397.89,67.1,100.8,0,4.431,214,328.6,0.0113
"2029-07-22 16:00",22.64,354.97,398.45,66.8,100.8,0.1,4.325,214.2,267.2,0.0113
"2029-07-22 17:00",22.06,260.06,395.32,69.3,100.8,0.1,4.22,214.4,194.6,0.0113
"2029-07-22 18:00",21.31,163.87,391.33,72.6,100.8,0.1,4.115,214.7,117.8,0.0114
"2029-07-22 19:00",20.41,72.39,386.62,76.9,100.8,0.1,4.009,214.9,45.7,0.0114
"2029-07-22 20:00",19.4,0,381.29,82,100.8,0.1,3.904,215.2,0,0.0114
"2029-07-22 21:00",18.56,0,376.96,86.5,100.8,0.1,3.799,215.5,0,0.0114
"2029-07-22 22:00",17.87,0,373.42,90.5,100.8,0.1,3.694,215.8,0,0.0114
"2029-07-22 23:00",17.3,0,370.49,94,100.8,0.1,3.589,216.2,0,0.0115
"2029-07-23 00:00",16.19,0,382.88,99.7,100.7,0.1,2.817,216.5,0,0.0113
"2029-07-23 01:00",15.98,0,381.49,99.7,100.6,0.1,2.733,216.9,0,0.0112
"2029-07-23 02:00",15.81,0,380.36,99.7,100.6,0.1,2.648,217.3,0,0.0111
"2029-07-23 03:00",15.67,0,379.45,99.7,100.6,0.1,2.564,217.7,0,0.011
"2029-07-23 04:00",15.55,0,378.72,99.7,100.6,0.1,2.48,218.1,0,0.0109
"2029-07-23 05:00",15.75,26.86,379.99,99.7,100.6,0.2,2.396,218.6,26.5,0.011
"2029-07-23 06:00",16.58,65.25,385.4,99.8,100.6,0.2,2.312,219.1,64.9,0.0116
"2029-07-23 07:00",17.36,99.13,390.37,98.6,100.6,0.2,2.229,219.7,98.9,0.0121
"2029-07-23 08:00",18.09,126.41,394.33,94.3,100.6,0.2,2.145,220.3,126.3,0.0121
"2029-07-23 09:00",18.73,145.44,397.87,90.8,100.6,0.2,2.062,220.9,145.4,0.0121
"2029-07-23 10:00",19.28,155.34,400.88,87.9,100.6,0.2,1.979,221.6,155.3,0.0121
"2029-07-23 11:00",19.7,156.06,403.28,85.7,100.6,0.2,1.896,222.4,156.1,0.0122
"2029-07-23 12:00",20.01,177.4,404.82,83.5,100.6,0.2,1.9,222.9,177.4,0.0121
"2029-07-23 13:00",20.18,190.58,405.62,82.1,100.6,0.2,1.905,223.5,190.5,0.012
"2029-07-23 14:00",20.21,193.48,405.64,81.3,100.6,0.2,1.909,224.1,193.2,0.0119
"2029-07-23 15:00",20.1,184.82,404.89,81.3,100.6,0.2,1.914,224.6,184.3,0.0118
"2029-07-23 16:00",20.38,164.26,406.32,79.4,100.6,0.2,1.918,225.2,163.4,0.0117
"2029-07-23 17:00",19.87,132.55,403.35,81.3,100.6,0.1,1.923,225.8,131.2,0.0117
"2029-07-23 18:00",19.24,91.53,399.75,83.9,100.6,0.1,1.928,226.3,89.3,0.0116
"2029-07-23 19:00",18.51,43.8,395.58,87.2,100.7,0.1,1.934,226.9,41.5,0.0115
"2029-07-23 20:00",17.68,0,390.97,91.2,100.7,0.1,1.939,227.4,0,0.0114
"2029-07-23 21:00",17.05,0,387.43,94.2,100.7,0.1,1.945,228,0,0.0113
"2029-07-23 22:00",16.52,0,384.44,96.8,100.7,0.1,1.951,228.5,0,0.0112
"2029-07-23 23:00",16.06,0,381.86,98.9,100.7,0.1,1.957,229,0,0.0112
"2029-07-24 00:00",15.93,0,333.22,93.4,100.8,0.1,2.362,229.6,0,0.0104
"2029-07-24 01:00",15.46,0,330.91,95.5,100.8,0.1,2.37,230.1,0,0.0104
"2029-07-24 02:00",15.08,0,329.05,97.1,100.8,0.1,2.378,230.7,0,0.0103
"2029-07-24 03:00",14.78,0,327.54,98.3,100.8,0.1,2.386,231.2,0,0.0102
"2029-07-24 04:00",14.54,0,326.31,99,100.8,0.1,2.395,231.7,0,0.0101
"2029-07-24 05:00",14.84,68.23,327.55,96.4,100.9,0.1,2.403,232.2,37,0.01
"2029-07-24 06:00",16.41,184.95,334.68,86.5,100.9,0,2.412,232.7,72.1,0.01
"2029-07-24 07:00",17.92,309.25,341.57,78,100.9,0,2.422,233.3,149.5,0.0099
"2029-07-24 08:00",19.31,433.8,348.04,70.9,100.9,0,2.431,233.8,222.5,0.0098
"2029-07-24 09:00",20.56,550,353.89,65.1,100.9,0,2.44,234.3,278.4,0.0097
"2029-07-24 10:00",21.63,649.21,358.94,60.5,100.9,0,2.45,234.8,313,0.0096
"2029-07-24 11:00",22.49,723.55,363.02,56.9,100.9,0,2.46,235.3,323.7,0.0096
"2029-07-24 12:00",23.12,742.19,366.07,54.5,100.9,0,2.421,234.8,337,0.0095
"2029-07-24 13:00",23.51,725.91,367.91,53,100.9,0,2.382,234.3,331.4,0.0095
"2029-07-24 14:00",23.65,675.96,368.5,52.3,100.9,0,2.343,233.9,306.6,0.0094
"2029-07-24 15:00",23.52,595.89,367.8,52.5,100.9,0,2.304,233.4,262.3,0.0094
"2029-07-24 16:00",24.2,491.23,371.1,50.1,101,0,2.266,232.8,199.3,0.0093
"2029-07-24 17:00",23.32,369.16,366.58,52.6,101,0,2.227,232.3,123.9,0.0093
"2029-07-24 18:00",22.2,237.88,360.99,56.1,101,0,2.189,231.7,74,0.0092
"2029-07-24 19:00",20.87,105.6,354.45,60.5,101,0,2.151,231.2,50.3,0.0092
"2029-07-24 20:00",19.37,0,347.15,66.1,101,0,2.113,230.6,0,0.0092
"2029-07-24 21:00",17.94,0,340.29,71.9,101,0,2.076,230,0,0.0091
"2029-07-24 22:00",16.74,0,334.63,77.2,101,0,2.039,229.3,0,0.0091
"2029-07-24 23:00",15.73,0,329.9,82,101,0,2.002,228.6,0,0.009
"2029-07-25 00:00",14.21,0,307.95,87.1,101.1,0,1.915,227.9,0,0.0087
"2029-07-25 01:00",13.6,0,305.29,90.1,101.1,0,1.879,227.2,0,0.0086
"2029-07-25 02:00",13.12,0,303.17,92.5,101.1,0,1.844,226.5,0,0.0086
"2029-07-25 03:00",12.74,0,301.48,94.4,101.1,0,1.809,225.7,0,0.0086
"2029-07-25 04:00",12.44,0,300.12,95.8,101.1,0,1.775,224.9,0,0.0085
"2029-07-25 05:00",12.74,73.7,301.33,93.5,101.1,0,1.741,224.1,40.6,0.0085
"2029-07-25 06:00",14.67,196.46,309.49,82,101.1,0,1.707,223.2,65.8,0.0084
"2029-07-25 07:00",16.51,317.96,317.43,72.5,101.1,0,1.674,222.3,136.3,0.0084
"2029-07-25 08:00",18.22,430.99,324.93,64.8,101.1,0,1.641,221.4,221.9,0.0083
"2029-07-25 09:00",19.76,528.05,331.76,58.5,101.1,0,1.609,220.4,290.5,0.0083
"2029-07-25 10:00",21.08,602.65,337.72,53.7,101.1,0,1.577,219.4,340.7,0.0083
"2029-07-25 11:00",22.15,649.84,342.59,50,101.1,0,1.546,218.4,371.9,0.0082
"2029-07-25 12:00",22.95,668.28,346.42,47.9,101.1,0,1.497,217.2,383.4,0.0083
"2029-07-25 13:00",23.45,655.18,348.89,46.8,101.1,0,1.45,216,375.7,0.0083
"2029-07-25 14:00",23.65,611.44,349.91,46.5,101,0,1.403,214.7,348.8,0.0084
"2029-07-25 15:00",23.53,540.06,349.46,47,101,0,1.357,213.3,303.2,0.0084
"2029-07-25 16:00",23.52,445.89,349.48,47.3,101,0,1.311,211.8,239.5,0.0085
"2029-07-25 17:00",22.69,335.32,345.68,50.1,101,0,1.267,210.3,158.3,0.0085
"2029-07-25 18:00",21.58,215.76,340.6,53.8,100.9,0,1.224,208.5,76,0.0085
"2029-07-25 19:00",20.22,94.65,334.42,58.9,100.9,0,1.182,206.7,45.6,0.0086
"2029-07-25 20:00",18.62,0,327.29,65.3,100.9,0,1.141,204.7,0,0.0086
"2029-07-25 21:00",17.01,0,320.18,72.7,100.9,0,1.102,202.6,0,0.0087
"2029-07-25 22:00",15.71,0,314.53,79.4,100.8,0,1.082,200.3,0,0.0087
"2029-07-25 23:00",14.65,0,310.02,85.4,100.8,0,1.045,197.9,0,0.0088
"2029-07-26 00:00",14.03,0,319.52,91.3,100.7,0,0.713,195.3,0,0.009
"2029-07-26 01:00",13.21,0,315.99,96.7,100.7,0,0.691,192.5,0,0.0091
"2029-07-26 02:00",12.57,0,312.98,99.7,100.6,0,0.67,189.5,0,0.009
"2029-07-26 03:00",12.06,0,310.24,99.7,100.6,0,0.686,186.3,0,0.0087
"2029-07-26 04:00",11.66,0,308.09,99.7,100.6,0,0.67,183,0,0.0085
"2029-07-26 05:00",11.94,69.43,309.58,99.7,100.6,0,0.655,179.4,38.9,0.0086
"2029-07-26 06:00",14.34,189.95,321.41,92.2,100.5,0,0.644,175.7,65.8,0.0093
"2029-07-26 07:00",16.63,309.8,331.9,80,100.5,0,0.635,171.8,141.5,0.0094
"2029-07-26 08:00",18.77,421.93,341.92,70.3,100.5,0,0.616,167.8,225.8,0.0094
"2029-07-26 09:00",20.7,518.87,351.16,62.7,100.5,0,0.613,163.8,293,0.0095
"2029-07-26 10:00",22.37,594.08,359.35,56.9,100.4,0,0.614,159.7,342.1,0.0095
"2029-07-26 11:00",23.75,642.48,366.2,52.6,100.4,0,0.618,155.6,372.6,0.0096
"2029-07-26 12:00",24.79,661.11,371.53,49.7,100.4,0,0.651,164.4,384,0.0096
"2029-07-26 13:00",25.49,648.42,375.13,48,100.4,0,0.714,172,376.2,0.0097
"2029-07-26 14:00",25.81,605.26,376.86,47.3,100.3,0,0.773,178.5,349.3,0.0098
"2029-07-26 15:00",25.75,534.58,376.68,47.8,100.3,0,0.842,183.9,303.7,0.0098
"2029-07-26 16:00",23.4,441.15,365.04,55.3,100.3,0,0.872,188.5,240,0.0099
"2029-07-26 17:00",23.08,331.31,363.58,56.7,100.3,0,0.948,192.3,158.8,0.0099
"2029-07-26 18:00",22.41,212.4,360.42,59.4,100.3,0,1.029,195.5,75.6,0.01
"2029-07-26 19:00",21.43,91.79,355.72,63.5,100.2,0,1.112,198.2,44.8,0.0101
"2029-07-26 20:00",20.13,0,349.57,69.1,100.2,0,1.198,200.6,0,0.0101
"2029-07-26 21:00",18.52,0,342.05,76.9,100.2,0,1.264,202.6,0,0.0102
"2029-07-26 22:00",17.36,0,336.69,83.2,100.2,0,1.352,204.4,0,0.0102
"2029-07-26 23:00",16.54,0,332.99,88.1,100.2,0,1.44,205.9,0,0.0103
"2029-07-27 00:00",16.68,0,342.99,92.6,100.1,0,2.352,207.3,0,0.0109
"2029-07-27 01:00",16.22,0,340.88,95.9,100,0,2.491,208.5,0,0.011
"2029-07-27 02:00",15.85,0,339.22,98.8,100,0,2.631,209.6,0,0.0111
"2029-07-27 03:00",15.55,0,337.64,99.7,100,0,2.771,210.5,0,0.011
"2029-07-27 04:00",15.31,0,336.28,99.7,100,0,2.912,211.4,0,0.0108
"2029-07-27 05:00",15.49,67.07,337.35,99.8,100,0,3.054,212.2,38.2,0.0109
"2029-07-27 06:00",17.1,188.26,345.53,93.3,99.9,0,3.197,212.9,64.8,0.0113
"2029-07-27 07:00",18.63,308.83,353.01,85.2,99.9,0,3.34,213.6,138.6,0.0114
"2029-07-27 08:00",20.05,421.74,360.05,78.4,99.9,0,3.483,214.2,223.1,0.0114
"2029-07-27 09:00",21.31,519.48,366.45,72.9,99.9,0,3.626,214.8,290.6,0.0115
"2029-07-27 10:00",22.4,595.44,372.01,68.6,99.9,0,3.77,215.3,339.9,0.0116
"2029-07-27 11:00",23.27,644.47,376.55,65.4,99.8,0.1,3.915,215.8,370.5,0.0116
"2029-07-27 12:00",23.91,661.94,379.78,62.7,99.9,0.1,3.902,215.6,382.4,0.0116
"2029-07-27 13:00",24.3,647.92,381.73,61.1,99.9,0.1,3.89,215.5,374.9,0.0116
"2029-07-27 14:00",24.43,603.45,382.34,60.5,99.9,0.1,3.878,215.4,348.2,0.0115
"2029-07-27 15:00",24.29,531.64,381.58,60.8,99.9,0.1,3.865,215.2,303,0.0115
"2029-07-27 16:00",24.24,437.42,381.23,60.8,99.9,0.1,3.853,215.1,239.7,0.0115
"2029-07-27 17:00",23.5,327.23,377.41,63.4,99.9,0.1,3.841,214.9,159.1,0.0114
"2029-07-27 18:00",22.53,208.45,372.42,67.1,99.9,0.1,3.829,214.8,75.4,0.0114
"2029-07-27 19:00",21.35,88.43,366.44,71.9,100,0.1,3.817,214.7,43.8,0.0114
"2029-07-27 20:00",20,0,359.66,77.9,100,0.1,3.805,214.5,0,0.0113
"2029-07-27 21:00",18.79,0,353.68,83.8,100,0.1,3.792,214.4,0,0.0113
"2029-07-27 22:00",17.8,0,348.85,88.9,100,0.2,3.78,214.2,0,0.0113
"2029-07-27 23:00",16.99,0,344.92,93.2,100,0.2,3.768,214.1,0,0.0112
"2029-07-28 00:00",15.59,0,332.33,99.7,100.1,0.2,3.421,214,0,0.011
"2029-07-28 01:00",15.27,0,330.54,99.7,100.1,0.2,3.41,213.8,0,0.0108
"2029-07-28 02:00",15.02,0,329.1,99.7,100.1,0.2,3.399,213.7,0,0.0106
"2029-07-28 03:00",14.81,0,327.94,99.7,100.1,0.2,3.388,213.5,0,0.0104
"2029-07-28 04:00",14.65,0,327,99.7,100.2,0.2,3.378,213.4,0,0.0103
"2029-07-28 05:00",14.76,61.21,327.64,99.7,100.2,0.2,3.367,213.2,35.5,0.0104
"2029-07-28 06:00",15.92,176.13,333.87,97.8,100.2,0.2,3.356,213.1,67.6,0.011
"2029-07-28 07:00",17.02,289.94,338.97,90.8,100.2,0.2,3.345,212.9,153.3,0.0109
"2029-07-28 08:00",18.04,396.04,343.74,84.9,100.2,0.3,3.334,212.8,234.3,0.0109
"2029-07-28 09:00",18.96,487.4,348.04,80,100.2,0.3,3.324,212.6,298,0.0109
"2029-07-28 10:00",19.73,557.9,351.72,76,100.2,0.3,3.313,212.5,345.1,0.0108
"2029-07-28 11:00",20.36,602.81,354.67,72.9,100.3,0.3,3.302,212.3,377,0.0108
"2029-07-28 12:00",20.81,624.33,356.71,70.3,100.3,0.3,3.269,212.6,387.5,0.0107
"2029-07-28 13:00",21.07,616.08,357.85,68.6,100.3,0.3,3.236,213,377.9,0.0106
"2029-07-28 14:00",21.14,578.32,358.06,67.8,100.3,0.3,3.203,213.3,351.3,0.0105
"2029-07-28 15:00",21.02,513.35,357.32,67.7,100.3,0.2,3.17,213.7,306.6,0.0105
"2029-07-28 16:00",22.25,425.36,363.17,62.3,100.3,0.2,3.137,214,243.6,0.0104
"2029-07-28 17:00",21.36,320.13,358.65,65.2,100.3,0.2,3.104,214.4,162.2,0.0103
"2029-07-28 18:00",20.3,204.63,353.36,69,100.4,0.2,3.071,214.7,75.1,0.0102
"2029-07-28 19:00",19.09,85.95,347.41,73.7,100.4,0.2,3.039,215.1,43.2,0.0101
"2029-07-28 20:00",17.77,0,341.01,79.4,100.4,0.2,3.007,215.5,0,0.01
"2029-07-28 21:00",16.63,0,335.52,84.6,100.4,0.2,2.974,215.9,0,0.0099
"2029-07-28 22:00",15.64,0,330.77,89.3,100.4,0.2,2.942,216.3,0,0.0098
"2029-07-28 23:00",14.76,0,326.6,93.7,100.4,0.2,2.91,216.7,0,0.0097
"2029-07-29 00:00",12.85,0,295.4,98.8,100.5,0.1,2.727,217.1,0,0.0091
"2029-07-29 01:00",12.27,0,292.58,99.7,100.5,0.1,2.697,217.5,0,0.0088
"2029-07-29 02:00",11.81,0,290.24,99.7,100.5,0.1,2.667,218,0,0.0085
"2029-07-29 03:00",11.44,0,288.38,99.7,100.5,0.1,2.637,218.4,0,0.0083
"2029-07-29 04:00",11.14,0,286.9,99.7,100.5,0.1,2.608,218.9,0,0.0082
"2029-07-29 05:00",11.25,65.9,287.42,99.7,100.5,0.1,2.578,219.4,39,0.0082
"2029-07-29 06:00",13.16,196.72,295.87,91.5,100.6,0.1,2.549,219.8,67,0.0086
"2029-07-29 07:00",15,328.17,303.41,80.5,100.6,0.1,2.52,220.3,109.2,0.0085
"2029-07-29 08:00",16.7,452.73,310.52,71.5,100.6,0.1,2.491,220.8,185.8,0.0084
"2029-07-29 09:00",18.24,562.07,316.99,64.2,100.6,0.1,2.463,221.3,252,0.0083
"2029-07-29 10:00",19.55,648.64,322.62,58.6,100.6,0,2.435,221.9,299.2,0.0082
"2029-07-29 11:00",20.62,706.37,327.2,54.3,100.6,0,2.406,222.4,326.6,0.0082
"2029-07-29 12:00",21.41,726.94,330.7,51.5,100.7,0,2.405,222.5,338.2,0.0081
"2029-07-29 13:00",21.91,712.65,332.89,49.8,100.7,0,2.403,222.7,330.4,0.0081
"2029-07-29 14:00",22.1,664.49,333.69,49,100.7,0,2.402,222.8,303.2,0.0081
"2029-07-29 15:00",21.98,585.74,333.06,49.2,100.7,0,2.401,222.9,256.4,0.008
"2029-07-29 16:00",22.04,481.74,333.29,48.8,100.7,0,2.399,223.1,191,0.008
"2029-07-29 17:00",21.18,359.53,329.33,51.3,100.7,0,2.398,223.2,115.5,0.008
"2029-07-29 18:00",20.04,227.27,324.17,54.8,100.7,0,2.396,223.3,72.7,0.0079
"2029-07-29 19:00",18.64,93.06,317.96,59.6,100.7,0,2.395,223.5,47.5,0.0079
"2029-07-29 20:00",17.02,0,310.87,65.7,100.8,0,2.394,223.6,0,0.0079
"2029-07-29 21:00",15.47,0,304.22,72.3,100.8,0,2.392,223.7,0,0.0078
"2029-07-29 22:00",14.21,0,298.86,78.1,100.8,0,2.391,223.9,0,0.0078
"2029-07-29 23:00",13.17,0,294.51,83.2,100.8,0,2.39,224,0,0.0078
"2029-07-30 00:00",11.9,0,284.16,91,100.8,0,2.657,224.1,0,0.0078
"2029-07-30 01:00",11.31,0,281.76,94.2,100.9,0,2.656,224.3,0,0.0078
"2029-07-30 02:00",10.84,0,279.85,96.8,100.9,0,2.654,224.4,0,0.0078
"2029-07-30 03:00",10.46,0,278.27,98.7,100.9,0,2.653,224.6,0,0.0077
"2029-07-30 04:00",10.16,0,276.95,99.6,100.9,0,2.652,224.7,0,0.0076
"2029-07-30 05:00",10.21,64.6,277.15,99.3,100.9,0,2.65,224.8,39,0.0076
"2029-07-30 06:00",12.17,197.83,284.91,87.3,100.9,0,2.649,225,67.9,0.0076
"2029-07-30 07:00",14.04,330.06,292.41,77,100.9,0,2.648,225.1,104.3,0.0076
"2029-07-30 08:00",15.77,453.8,299.51,68.5,101,0,2.646,225.2,180.3,0.0076
"2029-07-30 09:00",17.34,560.84,305.99,61.8,101,0,2.645,225.4,249.7,0.0075
"2029-07-30 10:00",18.68,643.97,311.65,56.6,101,0,2.644,225.5,300.6,0.0075
"2029-07-30 11:00",19.77,697.54,316.29,52.6,101,0,2.643,225.6,331.9,0.0075
"2029-07-30 12:00",20.58,718.44,319.81,50,101,0,2.582,225.4,343.1,0.0075
"2029-07-30 13:00",21.1,704.76,322.05,48.5,101,0,2.521,225.2,334.8,0.0075
"2029-07-30 14:00",21.29,657.39,322.9,47.9,101,0,2.46,224.9,306.9,0.0075
"2029-07-30 15:00",21.17,579.52,322.36,48.3,101,0,2.399,224.6,259.4,0.0075
"2029-07-30 16:00",20.99,476.42,321.59,48.8,101,0,2.339,224.3,193,0.0075
"2029-07-30 17:00",20.18,355.03,318.03,51.3,101,0,2.278,224,116,0.0075
"2029-07-30 18:00",19.08,223.45,313.27,54.9,101,0,2.217,223.7,72,0.0075
"2029-07-30 19:00",17.72,89.68,307.47,59.8,101,0,2.157,223.4,46.5,0.0075
"2029-07-30 20:00",16.13,0,300.78,66.1,101,0,2.096,223,0,0.0075
"2029-07-30 21:00",14.62,0,294.55,72.8,101,0,2.036,222.6,0,0.0075
"2029-07-30 22:00",13.4,0,289.58,78.8,101,0,1.976,222.2,0,0.0075
"2029-07-30 23:00",12.41,0,285.59,84,101,0,1.916,221.8,0,0.0075
"2029-07-31 00:00",11.55,0,278.09,89.6,101,0,1.82,221.3,0,0.0075
"2029-07-31 01:00",10.9,0,275.56,93.5,101,0,1.761,220.8,0,0.0075
"2029-07-31 02:00",10.38,0,273.54,96.8,101,0,1.703,220.3,0,0.0075
"2029-07-31 03:00",9.97,0,271.85,98.9,101,0,1.644,219.8,0,0.0075
"2029-07-31 04:00",9.64,0,270.4,99.7,101,0,1.586,219.2,0,0.0074
"2029-07-31 05:00",9.63,62.24,270.35,99.7,101,0,1.528,218.5,38.3,0.0074
"2029-07-31 06:00",11.74,197.3,278.81,88.4,101,0,1.47,217.8,68.2,0.0075
"2029-07-31 07:00",13.76,331.43,286.83,77.4,101,0,1.412,217.1,100.6,0.0075
"2029-07-31 08:00",15.64,457.13,294.45,68.6,101,0,1.355,216.3,171.9,0.0075
"2029-07-31 09:00",17.34,566.07,301.43,61.5,101,0,1.298,215.4,240.2,0.0075
"2029-07-31 10:00",18.8,650.86,307.56,56.1,101,0,1.241,214.4,290.4,0.0075
"2029-07-31 11:00",19.99,705.74,312.63,52.1,101,0,1.185,213.3,321,0.0075
"2029-07-31 12:00",20.89,726.94,316.46,49.3,101,0,1.109,211.9,332.1,0.0075
"2029-07-31 13:00",21.46,713,318.93,47.6,101,0,1.035,210.2,323.8,0.0075
"2029-07-31 14:00",21.69,664.83,319.94,46.9,101,0,0.962,208.3,296,0.0075
"2029-07-31 15:00",21.58,585.68,319.45,47.2,101,0,0.889,206.1,248.7,0.0075
"2029-07-31 16:00",21.39,480.89,318.63,47.8,101,0,0.819,203.4,183,0.0075
"2029-07-31 17:00",20.54,357.53,314.96,50.3,101,0,0.75,200.3,110.1,0.0075
"2029-07-31 18:00",19.38,223.82,310.01,54,101,0,0.685,196.6,72.6,0.0075
"2029-07-31 19:00",17.94,87.83,303.94,59.1,101,0,0.633,192.1,46.3,0.0075
"2029-07-31 20:00",16.24,0,296.86,65.8,101,0,0.575,186.7,0,0.0075
"2029-07-31 21:00",14.58,0,290.07,73.2,101,0,0.523,180.2,0,0.0075
"2029-07-31 22:00",13.23,0,284.67,79.9,101,0,0.481,172.3,0,0.0075
"2029-07-31 23:00",12.14,0,280.36,85.8,101,0,0.451,163.1,0,0.0075
"2029-08-01 00:00",11.26,0,272.01,85.5,101,0,0.425,152.2,0,0.007
"2029-08-01 01:00",10.56,0,269.3,89.6,101,0,0.447,141.1,0,0.007
"2029-08-01 02:00",9.99,0,267.15,93,101,0,0.451,130.2,0,0.007
"2029-08-01 03:00",9.54,0,265.44,95.9,101,0,0.479,120.3,0,0.007
"2029-08-01 04:00",9.18,0,264.05,97.9,101,0,0.519,111.6,0,0.007
"2029-08-01 05:00",9.1,60.52,263.72,98.3,101,0,0.567,104.3,38.1,0.007
"2029-08-01 06:00",11.35,199.04,272.33,84.9,101,0,0.623,98.3,69.3,0.007
"2029-08-01 07:00",13.52,336.47,280.72,73.6,101,0,0.684,93.4,96.8,0.007
"2029-08-01 08:00",15.53,465.25,288.72,64.6,101,0,0.749,89.3,157.7,0.007
"2029-08-01 09:00",17.35,576.83,296.08,57.5,101,0,0.818,85.8,223.3,0.007
"2029-08-01 10:00",18.93,663.67,302.57,52.1,101,0,0.889,83,272.5,0.007
"2029-08-01 11:00",20.22,719.86,307.96,48.1,101,0,0.962,80.5,302.4,0.007
"2029-08-01 12:00",21.19,738.02,312.4,46.2,101,0,1.002,78.8,317.2,0.0072
"2029-08-01 13:00",21.82,720.31,315.43,45.4,101,0,1.039,77.3,312.7,0.0073
"2029-08-01 14:00",22.09,668.18,316.92,45.6,101,0,1.076,75.8,288.7,0.0075
"2029-08-01 15:00",22,585.39,316.84,46.7,101,0,1.114,74.4,244.9,0.0076
"2029-08-01 16:00",19.3,477.73,305.67,56.3,100.9,0,1.153,73.2,182.1,0.0078
"2029-08-01 17:00",19.09,352.61,305.06,58.1,100.9,0,1.192,72,110.5,0.0079
"2029-08-01 18:00",18.54,218.43,303.08,61.3,100.9,0.1,1.232,70.9,71.4,0.0081
"2029-08-01 19:00",17.7,83.24,299.84,65.8,100.9,0.1,1.272,69.8,44.7,0.0082
"2029-08-01 20:00",16.54,0,295.36,72.1,100.8,0.1,1.313,68.9,0,0.0084
"2029-08-01 21:00",15.38,0,290.9,79,100.8,0.1,1.354,68,0,0.0085
"2029-08-01 22:00",14.58,0,287.91,84.6,100.8,0.1,1.395,67.1,0,0.0087
"2029-08-01 23:00",14.05,0,286.06,89.1,100.8,0.1,1.437,66.3,0,0.0088
"2029-08-02 00:00",16.38,0,330.4,87.4,100.6,0.1,2.133,65.6,0,0.0101
"2029-08-02 01:00",15.54,0,326.83,93.7,100.6,0.1,2.195,64.9,0,0.0102
"2029-08-02 02:00",14.87,0,324.05,99.4,100.5,0.1,2.256,64.2,0,0.0104
"2029-08-02 03:00",14.34,0,321.15,99.7,100.5,0.1,2.318,63.6,0,0.0101
"2029-08-02 04:00",13.91,0,318.83,99.7,100.5,0.1,2.381,63,0,0.0098
"2029-08-02 05:00",13.72,51.98,317.78,99.7,100.5,0.1,2.444,62.4,33.5,0.0097
"2029-08-02 06:00",16.27,177.03,331.45,96.7,100.5,0.1,2.506,61.8,62.2,0.0111
"2029-08-02 07:00",18.72,299.71,343.11,84.1,100.4,0.1,2.57,61.3,123.2,0.0112
"2029-08-02 08:00",21,413.36,354.3,74.1,100.4,0.2,2.633,60.8,210.6,0.0114
"2029-08-02 09:00",23.07,510.52,364.69,66.2,100.4,0.2,2.696,60.3,281.3,0.0116
"2029-08-02 10:00",24.88,584.74,373.96,60.3,100.4,0.2,2.76,59.9,332.6,0.0118
"2029-08-02 11:00",26.37,631.15,381.8,56,100.3,0.2,2.824,59.5,364.5,0.0119
"2029-08-02 12:00",27.51,653.16,387.57,52.1,100.4,0.2,2.536,60.8,375.1,0.0119
"2029-08-02 13:00",28.27,643.34,391.44,49.6,100.4,0.2,2.25,62.4,366,0.0118
"2029-08-02 14:00",28.64,602.1,393.25,48.3,100.4,0.2,1.967,64.5,337.1,0.0117
"2029-08-02 15:00",28.6,532,392.94,48.1,100.4,0.1,1.686,67.3,288.6,0.0117
"2029-08-02 16:00",28.41,437.62,391.83,48.4,100.4,0.1,1.412,71.2,220.6,0.0116
"2029-08-02 17:00",27.5,325.18,387.02,50.8,100.4,0.1,1.142,77,135,0.0115
"2029-08-02 18:00",26.22,202.12,380.35,54.5,100.5,0.1,0.897,86.1,66.7,0.0115
"2029-08-02 19:00",24.6,75.71,372.05,59.6,100.5,0.1,0.691,101.2,41.5,0.0114
"2029-08-02 20:00",22.56,0,361.83,67.1,100.5,0.1,0.581,125.8,0,0.0114
"2029-08-02 21:00",20.38,0,351.12,76.3,100.5,0.1,0.566,155.6,0,0.0113
"2029-08-02 22:00",18.63,0,342.7,84.6,100.5,0.1,0.706,178.4,0,0.0112
"2029-08-02 23:00",17.23,0,336.04,91.9,100.5,0.1,0.914,192.2,0,0.0112
"2029-08-03 00:00",14.98,0,307.66,99.3,100.7,0.1,1.098,200.6,0,0.0104
"2029-08-03 01:00",14.43,0,304.83,99.7,100.7,0.1,1.343,206,0,0.0101
"2029-08-03 02:00",13.99,0,302.51,99.7,100.7,0.1,1.596,209.6,0,0.0098
"2029-08-03 03:00",13.63,0,300.66,99.7,100.7,0.1,1.854,212.3,0,0.0096
"2029-08-03 04:00",13.35,0,299.18,99.7,100.7,0.1,2.115,214.3,0,0.0094
"2029-08-03 05:00",13.2,52.92,298.4,99.7,100.8,0,2.378,215.9,34.9,0.0093
"2029-08-03 06:00",15.08,190.05,307.57,95.6,100.8,0,2.642,217.1,67.3,0.0101
"2029-08-03 07:00",16.88,326.94,315.29,84.7,100.8,0,2.908,218.1,96.3,0.0101
"2029-08-03 08:00",18.56,456.29,322.6,75.8,100.8,0,3.174,219,159.5,0.01
"2029-08-03 09:00",20.08,569.48,329.27,68.6,100.8,0,3.441,219.7,223.8,0.0099
"2029-08-03 10:00",21.38,658.75,335.09,62.9,100.8,0,3.709,220.3,270.4,0.0099
"2029-08-03 11:00",22.44,717.85,339.85,58.7,100.9,0,3.976,220.8,297.3,0.0098
"2029-08-03 12:00",23.22,739.61,343.47,55.8,100.9,0,3.821,220.6,308,0.0098
"2029-08-03 13:00",23.72,725.13,345.75,54.1,100.9,0,3.666,220.3,299.7,0.0098
"2029-08-03 14:00",23.91,675.36,346.6,53.4,100.9,0,3.511,219.9,272.3,0.0098
"2029-08-03 15:00",23.78,593.66,346,53.7,100.9,0,3.356,219.6,225.8,0.0098
"2029-08-03 16:00",24.38,485.53,348.75,51.7,100.9,0,3.201,219.2,162.6,0.0097
"2029-08-03 17:00",23.38,358.28,344.04,54.8,100.9,0,3.047,218.7,101.7,0.0097
"2029-08-03 18:00",22.1,220.35,338.1,59.1,100.9,0,2.893,218.3,73.1,0.0097
"2029-08-03 19:00",20.58,79.85,331.11,64.8,100.9,0,2.739,217.7,44.6,0.0097
"2029-08-03 20:00",18.84,0,323.29,72.1,100.9,0,2.585,217.1,0,0.0097
"2029-08-03 21:00",17.24,0,316.22,79.5,100.9,0,2.431,216.5,0,0.0096
"2029-08-03 22:00",15.9,0,310.39,86.5,100.9,0,2.278,215.7,0,0.0096
"2029-08-03 23:00",14.78,0,305.53,92.8,100.9,0,2.126,214.8,0,0.0096
"2029-08-04 00:00",14.16,0,310.53,91.6,100.9,0,0.62,213.9,0,0.0091
"2029-08-04 01:00",13.19,0,306.29,97.4,100.9,0,0.572,212.8,0,0.0091
"2029-08-04 02:00",12.41,0,302.57,99.7,100.9,0,0.525,211.4,0,0.0089
"2029-08-04 03:00",11.8,0,299.37,99.7,100.9,0,0.478,209.7,0,0.0085
"2029-08-04 04:00",11.32,0,296.86,99.7,100.9,0,0.431,207.7,0,0.0082
"2029-08-04 05:00",10.92,51.49,294.79,99.7,100.9,0,0.386,205.1,34.9,0.008
"2029-08-04 06:00",13.74,193.25,308.52,93.2,100.9,0,0.347,201.9,69,0.009
"2029-08-04 07:00",16.46,333.46,320.39,78.1,100.9,0,0.321,197.6,91.3,0.009
"2029-08-04 08:00",19.01,464.78,331.83,66.4,100.9,0,0.274,191.9,145.3,0.009
"2029-08-04 09:00",21.32,578.53,342.49,57.4,100.9,0,0.243,184,208,0.009
"2029-08-04 10:00",23.35,667.01,352.03,50.7,100.9,0,0.222,172.9,256.2,0.009
"2029-08-04 11:00",25.05,724.21,360.14,45.7,100.9,0,0.21,157.6,285.7,0.0089
"2029-08-04 12:00",26.36,745.7,366.72,42.6,100.9,0,0.226,176.6,296.8,0.009
"2029-08-04 13:00",27.27,730.48,371.35,40.8,100.9,0,0.255,189.5,289.2,0.0091
"2029-08-04 14:00",27.74,679.59,373.86,40,100.9,0,0.307,198,262.6,0.0092
"2029-08-04 15:00",27.77,596.49,374.17,40.3,100.9,0,0.344,203.7,217.3,0.0093
"2029-08-04 16:00",24.79,486.83,359.67,48.4,100.9,0,0.394,207.8,156.1,0.0093
"2029-08-04 17:00",24.63,358.01,359.07,49.3,100.9,0,0.452,210.9,99.3,0.0094
"2029-08-04 18:00",24.06,218.6,356.47,51.4,100.9,0,0.511,213.2,73.1,0.0095
"2029-08-04 19:00",23.11,76.72,352.05,54.9,100.9,0,0.571,215,43.8,0.0096
"2029-08-04 20:00",21.59,0,345,60.7,100.9,0,0.631,216.5,0,0.0097
"2029-08-04 21:00",19.81,0,336.83,68.3,101,0,0.691,217.7,0,0.0097
"2029-08-04 22:00",18.54,0,331.14,74.6,101,0,0.752,218.8,0,0.0098
"2029-08-04 23:00",17.67,0,327.36,79.3,101,0,0.813,219.6,0,0.0099
"2029-08-05 00:00",18.41,0,344.91,85.1,100.9,0,2.268,220.3,0,0.0111
"2029-08-05 01:00",17.86,0,342.42,88.8,100.9,0,2.426,221,0,0.0112
"2029-08-05 02:00",17.41,0,340.45,92,100.9,0,2.585,221.5,0,0.0113
"2029-08-05 03:00",17.05,0,338.9,94.9,100.9,0,2.744,222,0,0.0114
"2029-08-05 04:00",16.76,0,337.67,97.4,100.9,0,2.903,222.5,0,0.0115
"2029-08-05 05:00",16.5,48.2,336.52,99.4,100.9,0,3.062,222.9,33.5,0.0115
"2029-08-05 06:00",18.42,190.65,345.75,89.1,101,0,3.222,223.3,68.6,0.0116
"2029-08-05 07:00",20.26,331.17,354.73,80,101,0,3.382,223.6,90.5,0.0117
"2029-08-05 08:00",21.97,462.56,363.27,72.6,101,0,3.541,223.9,143.4,0.0118
"2029-08-05 09:00",23.52,576.15,371.1,66.6,101,0,3.701,224.2,206.5,0.0119
"2029-08-05 10:00",24.85,664.3,377.97,61.9,101,0,3.861,224.4,255.3,0.012
"2029-08-05 11:00",25.93,721.01,383.66,58.5,101,0,4.021,224.7,285.5,0.0121
"2029-08-05 12:00",26.73,741.8,387.72,55.5,101,0,3.967,224.7,297.4,0.012
"2029-08-05 13:00",27.24,725.88,390.25,53.6,101,0,3.914,224.8,290.4,0.0119
"2029-08-05 14:00",27.43,674.41,391.16,52.7,101,0,3.86,224.8,264.4,0.0119
"2029-08-05 15:00",27.31,590.93,390.41,52.8,101,0,3.806,224.9,219.2,0.0118
"2029-08-05 16:00",27.8,481.15,392.86,51.1,101,0,3.752,224.9,157.6,0.0117
"2029-08-05 17:00",26.8,352.51,387.57,53.9,101.1,0,3.699,225,99.6,0.0117
"2029-08-05 18:00",25.53,213.58,380.89,57.8,101.1,0,3.645,225,72,0.0116
"2029-08-05 19:00",24,72.35,373.01,63,101.1,0,3.591,225.1,42.3,0.0116
"2029-08-05 20:00",22.26,0,364.23,69.6,101.1,0,3.538,225.2,0,0.0115
"2029-08-05 21:00",20.69,0,356.41,76.2,101.1,0,3.484,225.2,0,0.0114
"2029-08-05 22:00",19.37,0,349.95,82.2,101.1,0,3.43,225.3,0,0.0114
"2029-08-05 23:00",18.26,0,344.56,87.6,101.1,0,3.376,225.4,0,0.0113
"2029-08-06 00:00",16.46,0,320.22,89.8,101.3,0,2.564,225.4,0,0.0103
"2029-08-06 01:00",15.87,0,317.55,92.7,101.3,0,2.523,225.5,0,0.0103
"2029-08-06 02:00",15.4,0,315.39,95.1,101.3,0,2.481,225.6,0,0.0102
"2029-08-06 03:00",15.02,0,313.65,96.9,101.3,0,2.44,225.6,0,0.0102
"2029-08-06 04:00",14.72,0,312.21,98.1,101.3,0,2.399,225.7,0,0.0101
"2029-08-06 05:00",14.38,44.33,310.59,99.1,101.3,0,2.357,225.8,31.7,0.01
"2029-08-06 06:00",16.4,185.87,319.46,87.2,101.3,0,2.316,225.9,67.5,0.01
"2029-08-06 07:00",18.35,325.04,328.05,76.7,101.4,0,2.274,226,90.4,0.0099
"2029-08-06 08:00",20.16,454.89,336.21,68.1,101.4,0,2.233,226.1,147.5,0.0099
"2029-08-06 09:00",21.79,566.87,343.68,61.3,101.4,0,2.192,226.2,213.5,0.0098
"2029-08-06 10:00",23.19,653.47,350.2,55.9,101.4,0,2.15,226.3,264.2,0.0098
"2029-08-06 11:00",24.34,708.85,355.56,51.9,101.4,0,2.109,226.4,295.7,0.0097
"2029-08-06 12:00",25.19,725.22,359.8,49.7,101.4,0,2.137,226,312.4,0.0098
"2029-08-06 13:00",25.73,705.51,362.55,48.5,101.4,0,2.165,225.7,309.5,0.0098
"2029-08-06 14:00",25.94,651.43,363.7,48.2,101.4,0,2.194,225.3,286.4,0.0099
"2029-08-06 15:00",25.81,567.02,363.21,48.9,101.4,0,2.222,225,242.9,0.01
"2029-08-06 16:00",25,458.3,359.37,51.7,101.4,0,2.251,224.7,179.8,0.01
"2029-08-06 17:00",24.32,332.82,356.22,54.2,101.4,0,2.279,224.3,106.9,0.0101
"2029-08-06 18:00",23.34,199.03,351.67,57.9,101.4,0,2.308,224,67.7,0.0102
"2029-08-06 19:00",22.09,64.52,345.89,62.9,101.4,0,2.337,223.7,38.7,0.0103
"2029-08-06 20:00",20.62,0,339.16,69.3,101.4,0,2.366,223.4,0,0.0103
"2029-08-06 21:00",19.33,0,333.33,75.6,101.4,0,2.395,223.2,0,0.0104
"2029-08-06 22:00",18.31,0,328.8,81.1,101.4,0,2.423,222.9,0,0.0105
"2029-08-06 23:00",17.51,0,325.28,85.9,101.4,0,2.452,222.6,0,0.0105
"2029-08-07 00:00",17.28,0,350.4,92.6,101.3,0,3.165,222.3,0,0.0112
"2029-08-07 01:00",16.71,0,347.75,96.7,101.3,0,3.202,222.1,0,0.0113
"2029-08-07 02:00",16.24,0,345.55,99.6,101.3,0,3.24,221.8,0,0.0113
"2029-08-07 03:00",15.87,0,343.38,99.8,101.3,0,3.277,221.6,0,0.011
"2029-08-07 04:00",15.57,0,341.62,99.7,101.3,0,3.314,221.3,0,0.0108
"2029-08-07 05:00",15.19,34.88,339.39,99.7,101.3,0,3.352,221.1,25.7,0.0106
"2029-08-07 06:00",17.19,155.21,350.67,96.8,101.3,0,3.389,220.9,57,0.0117
"2029-08-07 07:00",19.11,271.78,360.21,86.4,101.3,0,3.427,220.6,131.2,0.0117
"2029-08-07 08:00",20.91,378.95,369.29,77.8,101.3,0,3.464,220.4,217.6,0.0118
"2029-08-07 09:00",22.53,469.75,377.63,70.9,101.2,0,3.502,220.2,284.5,0.0119
"2029-08-07 10:00",23.92,538.27,384.96,65.6,101.2,0,3.54,220,332.5,0.012
"2029-08-07 11:00",25.05,580.12,391.02,61.7,101.2,0,3.578,219.8,366,0.012
"2029-08-07 12:00",25.9,599.48,395.55,58.9,101.2,0,3.456,219.8,377.3,0.0121
"2029-08-07 13:00",26.43,588.9,398.45,57.2,101.2,0,3.334,219.8,368,0.0121
"2029-08-07 14:00",26.63,548.96,399.6,56.7,101.2,0,3.213,219.8,338.7,0.0122
"2029-08-07 15:00",26.5,482.22,398.97,57.4,101.2,0,3.091,219.8,293.8,0.0122
"2029-08-07 16:00",25.52,393.08,393.81,61,101.2,0,2.97,219.8,230.8,0.0122
"2029-08-07 17:00",24.89,287.47,390.53,63.5,101.2,0,2.848,219.8,149.2,0.0123
"2029-08-07 18:00",23.96,172.34,385.73,67.4,101.2,0,2.727,219.8,65.1,0.0123
"2029-08-07 19:00",22.76,54.12,379.6,72.7,101.2,0,2.605,219.8,33.3,0.0124
"2029-08-07 20:00",21.36,0,372.5,79.4,101.2,0,2.484,219.8,0,0.0124
"2029-08-07 21:00",20.16,0,366.46,85.8,101.2,0,2.362,219.8,0,0.0124
"2029-08-07 22:00",19.21,0,361.8,91.3,101.2,0,2.241,219.8,0,0.0125
"2029-08-07 23:00",18.47,0,358.22,95.9,101.2,0,2.119,219.8,0,0.0125
"2029-08-08 00:00",18.75,0,348.8,93.4,101.2,0,1.182,219.7,0,0.0124
"2029-08-08 01:00",18.12,0,345.84,97.5,101.2,0,1.113,219.7,0,0.0125
"2029-08-08 02:00",17.61,0,343.28,99.8,101.2,0,1.044,219.8,0,0.0124
"2029-08-08 03:00",17.2,0,340.91,99.8,101.2,0,0.975,219.8,0,0.012
"2029-08-08 04:00",16.87,0,339.01,99.8,101.2,0,0.906,219.8,0,0.0118
"2029-08-08 05:00",16.39,32.38,336.23,99.7,101.2,0,0.837,219.8,24.6,0.0114
"2029-08-08 06:00",18.54,156.91,348.15,96.5,101.2,0,0.768,219.8,58,0.0127
"2029-08-08 07:00",20.61,280,358.24,85.1,101.2,0,0.699,219.8,117.6,0.0127
"2029-08-08 08:00",22.54,395.81,367.86,75.8,101.2,0,0.63,219.8,203.4,0.0127
"2029-08-08 09:00",24.29,496.69,376.71,68.5,101.2,0,0.57,219.9,272.6,0.0128
"2029-08-08 10:00",25.8,575.75,384.51,62.8,101.1,0,0.5,219.9,322.8,0.0128
"2029-08-08 11:00",27.03,627.52,390.98,58.6,101.1,0,0.43,220,353.6,0.0129
"2029-08-08 12:00",27.95,649.75,395.89,55.6,101.1,0,0.415,217.7,363.9,0.0129
"2029-08-08 13:00",28.55,639.4,399.07,53.9,101.1,0,0.4,215.2,354,0.0129
"2029-08-08 14:00",28.79,596.88,400.4,53.2,101.1,0,0.387,212.6,323.8,0.013
"2029-08-08 15:00",28.67,524.83,399.84,53.7,101.1,0,0.374,209.7,273.4,0.013
"2029-08-08 16:00",27.95,427.91,396.06,56.1,101.1,0,0.362,206.7,202.9,0.013
"2029-08-08 17:00",27.22,312.53,392.23,58.7,101.1,0,0.352,203.4,117,0.013
"2029-08-08 18:00",26.16,186.23,386.76,62.6,101.1,0,0.343,200,64.6,0.0131
"2029-08-08 19:00",24.82,55.92,379.88,67.9,101.1,0,0.335,196.3,35.4,0.0131
"2029-08-08 20:00",23.22,0,371.8,74.9,101.1,0,0.328,192.5,0,0.0131
"2029-08-08 21:00",21.8,0,364.72,81.9,101.2,0,0.323,188.4,0,0.0131
"2029-08-08 22:00",20.67,0,359.16,87.9,101.2,0,0.32,184.3,0,0.0132
"2029-08-08 23:00",19.77,0,354.81,93.2,101.2,0,0.318,180.1,0,0.0132
"2029-08-09 00:00",19.58,0,347.41,97.6,101.1,0,0.538,175.4,0,0.0137
"2029-08-09 01:00",18.91,0,343.84,99.8,101.1,0,0.543,171.2,0,0.0134
"2029-08-09 02:00",18.36,0,340.68,99.8,101.1,0,0.551,167.1,0,0.013
"2029-08-09 03:00",17.92,0,338.16,99.8,101.1,0,0.561,163.1,0,0.0126
"2029-08-09 04:00",17.57,0,336.14,99.8,101.1,0,0.573,159.2,0,0.0123
"2029-08-09 05:00",16.99,32.79,332.81,99.8,101.1,0,0.587,155.6,25.8,0.0119
"2029-08-09 06:00",19.26,173.3,345.88,99.7,101.1,0,0.603,152.1,64.7,0.0137
"2029-08-09 07:00",21.45,312.41,356.65,88.3,101.1,0,0.621,148.8,89,0.0139
"2029-08-09 08:00",23.5,443.72,366.77,78.1,101.1,0,0.641,145.7,146.3,0.0139
"2029-08-09 09:00",25.35,558.54,376.1,70.1,101.1,0,0.662,142.8,209.5,0.0139
"2029-08-09 10:00",26.96,648.98,384.34,63.9,101.1,0,0.669,140.2,256.1,0.014
"2029-08-09 11:00",28.27,708.71,391.22,59.3,101.1,0,0.692,137.7,282.9,0.014
"2029-08-09 12:00",29.27,732.19,396.2,55.3,101.1,0,0.621,129.4,291.3,0.0138
"2029-08-09 13:00",29.92,718.74,399.37,52.7,101.2,0,0.56,118.9,280.6,0.0137
"2029-08-09 14:00",30.19,669.1,400.61,51.2,101.2,0,0.513,106.1,251,0.0135
"2029-08-09 15:00",30.1,586.47,399.85,50.9,101.2,0,0.483,91.9,203,0.0133
"2029-08-09 16:00",29.93,476.31,398.74,50.7,101.2,0,0.474,77.8,142,0.0132
"2029-08-09 17:00",29.02,345.96,393.68,52.8,101.2,0,0.497,65.3,92.3,0.013
"2029-08-09 18:00",27.77,203.99,386.93,56.1,101.2,0,0.547,55.2,71.5,0.0129
"2029-08-09 19:00",26.21,58,378.7,60.7,101.2,0,0.618,47.2,37.8,0.0127
"2029-08-09 20:00",24.35,0,369.09,66.9,101.3,0,0.701,40.9,0,0.0125
"2029-08-09 21:00",22.65,0,360.44,73.2,101.3,0,0.792,36.1,0,0.0124
"2029-08-09 22:00",21.26,0,353.46,78.6,101.3,0,0.888,32.2,0,0.0122
"2029-08-09 23:00",20.13,0,347.79,83.1,101.3,0,0.987,29.1,0,0.012
"2029-08-10 00:00",18.35,0,324.99,85,101.4,0,1.061,26.7,0,0.011
"2029-08-10 01:00",17.82,0,322.41,86.7,101.4,0,1.159,24.6,0,0.0109
"2029-08-10 02:00",17.4,0,320.29,87.8,101.4,0,1.259,22.8,0,0.0107
"2029-08-10 03:00",17.05,0,318.54,88.5,101.4,0,1.36,21.3,0,0.0105
"2029-08-10 04:00",16.78,0,317.09,88.7,101.4,0,1.461,19.9,0,0.0104
"2029-08-10 05:00",16.26,31.96,314.6,90.4,101.4,0,1.672,18.8,26,0.0102
"2029-08-10 06:00",18.13,185.9,322.59,79.1,101.4,0,1.782,17.8,70,0.0101
"2029-08-10 07:00",19.93,337.43,330.41,69.6,101.5,0,1.892,16.9,92.5,0.0099
"2029-08-10 08:00",21.61,479.83,337.83,61.8,101.5,0,2.003,16.1,116.4,0.0098
"2029-08-10 09:00",23.13,603.73,344.58,55.5,101.5,0,2.114,15.4,153.5,0.0096
"2029-08-10 10:00",24.44,700.68,350.46,50.5,101.5,0,2.226,14.7,187,0.0095
"2029-08-10 11:00",25.5,763.98,355.24,46.7,101.5,0,2.338,14.1,207.7,0.0093
"2029-08-10 12:00",26.3,785.02,358.99,44.3,101.5,0,2.378,15.2,218.5,0.0093
"2029-08-10 13:00",26.8,766.22,361.34,42.9,101.5,0,2.418,16.2,214.5,0.0093
"2029-08-10 14:00",27,709.03,362.22,42.2,101.6,0,2.46,17.2,195.1,0.0092
"2029-08-10 15:00",28.06,617.47,367.32,39.6,101.6,0,2.502,18.2,161.7,0.0092
"2029-08-10 16:00",27.37,497.88,363.9,41,101.6,0,2.38,19.1,123.9,0.0092
"2029-08-10 17:00",26.39,358.42,359.07,43.3,101.6,0,2.421,20,95,0.0091
"2029-08-10 18:00",25.13,208.34,352.97,46.5,101.6,0,2.462,20.8,73.7,0.0091
"2029-08-10 19:00",23.61,55.54,345.77,50.7,101.6,0,2.504,21.7,37.4,0.009
"2029-08-10 20:00",21.92,0,337.87,56,101.6,0,2.546,22.5,0,0.009
"2029-08-10 21:00",20.43,0,330.99,61.1,101.6,0,2.589,23.2,0,0.009
"2029-08-10 22:00",19.17,0,325.28,65.8,101.7,0,2.632,24,0,0.0089
"2029-08-10 23:00",18.1,0,320.48,70.1,101.7,0,2.676,24.7,0,0.0089
"2029-08-11 00:00",15.65,0,300.04,84.8,101.7,0,2.657,25.4,0,0.0092
"2029-08-11 01:00",15.2,0,298.12,86.9,101.7,0,2.7,26.1,0,0.0092
"2029-08-11 02:00",14.84,0,296.56,88.6,101.7,0,2.744,26.8,0,0.0091
"2029-08-11 03:00",14.54,0,295.28,90,101.8,0,2.788,27.4,0,0.0091
"2029-08-11 04:00",14.3,0,294.23,91,101.8,0,2.833,28,0,0.0091
"2029-08-11 05:00",13.8,26.96,292.13,93.6,101.8,0,2.877,28.6,22.8,0.009
"2029-08-11 06:00",15.5,174.78,299.07,83.6,101.8,0,2.922,29.2,66.5,0.009
"2029-08-11 07:00",17.13,318.44,305.87,75,101.8,0,2.968,29.8,87.8,0.009
"2029-08-11 08:00",18.66,451.84,312.3,67.9,101.8,0,3.013,30.3,129.4,0.0089
"2029-08-11 09:00",20.03,566.3,318.16,62.1,101.8,0,3.059,30.8,189.8,0.0089
"2029-08-11 10:00",21.21,654.18,323.25,57.5,101.8,0,3.105,31.3,240,0.0088
"2029-08-11 11:00",22.16,709.66,327.39,54,101.9,0,3.152,31.8,272.3,0.0088
"2029-08-11 12:00",22.86,731.16,330.49,51.8,101.9,0,3.143,31.9,283,0.0088
"2029-08-11 13:00",23.28,715.38,332.39,50.4,101.9,0,3.134,31.9,274.7,0.0088
"2029-08-11 14:00",23.42,663.38,333,49.9,101.9,0,3.124,32,247.2,0.0088
"2029-08-11 15:00",23.81,578.67,334.75,48.7,101.9,0,3.115,32,201,0.0088
"2029-08-11 16:00",23.26,467,332.24,50.3,101.9,0,3.106,32.1,140.9,0.0088
"2029-08-11 17:00",22.43,335.88,328.52,52.9,101.9,0,3.097,32.1,90.8,0.0088
"2029-08-11 18:00",21.35,193.95,323.72,56.4,101.9,0,3.088,32.2,69.4,0.0088
"2029-08-11 19:00",20.05,48.48,317.99,61.1,101.9,0,3.079,32.2,33.7,0.0087
"2029-08-11 20:00",18.66,0,312.01,66.5,101.9,0,3.07,32.3,0,0.0087
"2029-08-11 21:00",17.52,0,307.13,71.4,101.9,0,3.061,32.3,0,0.0087
"2029-08-11 22:00",16.57,0,303.1,75.8,101.9,0,3.052,32.4,0,0.0087
"2029-08-11 23:00",15.78,0,299.76,79.7,101.9,0,3.043,32.5,0,0.0087
"2029-08-12 00:00",14.88,0,303.5,83.5,101.9,0,2.801,32.5,0,0.0086
"2029-08-12 01:00",14.37,0,301.32,86.3,101.9,0,2.793,32.6,0,0.0086
"2029-08-12 02:00",13.95,0,299.56,88.5,101.9,0,2.785,32.6,0,0.0086
"2029-08-12 03:00",13.61,0,298.13,90.4,101.9,0,2.777,32.7,0,0.0086
"2029-08-12 04:00",13.33,0,296.97,92,101.9,0,2.768,32.7,0,0.0086
"2029-08-12 05:00",12.71,22.89,294.39,95.7,101.9,0,2.76,32.8,20.1,0.0086
"2029-08-12 06:00",14.62,170.32,302.33,84.5,101.9,0,2.752,32.8,65.5,0.0086
"2029-08-12 07:00",16.46,314.16,310.13,75,101.9,0,2.743,32.9,87.1,0.0086
"2029-08-12 08:00",18.17,448.49,317.55,67.3,101.9,0,2.735,32.9,128.4,0.0086
"2029-08-12 09:00",19.72,564.54,324.35,61,101.9,0,2.727,33,186.9,0.0086
"2029-08-12 10:00",21.05,654.49,330.29,56.2,101.9,0,2.719,33.1,234.6,0.0086
"2029-08-12 11:00",22.13,712.23,335.16,52.5,101.9,0,2.71,33.1,264.1,0.0085
"2029-08-12 12:00",22.93,733.88,338.88,50.2,101.9,0,2.728,33.1,274.5,0.0086
"2029-08-12 13:00",23.42,717.91,341.22,48.9,101.9,0,2.746,33.2,266.2,0.0086
"2029-08-12 14:00",23.6,665.38,342.1,48.6,101.9,0,2.764,33.2,239,0.0086
"2029-08-12 15:00",23.5,579.84,341.71,49.1,101.8,0,2.783,33.2,193.5,0.0087
"2029-08-12 16:00",23.02,467.09,339.58,50.7,101.8,0,2.801,33.3,135.6,0.0087
"2029-08-12 17:00",22.24,334.7,336.05,53.4,101.8,0,2.819,33.3,90,0.0087
"2029-08-12 18:00",21.17,191.41,331.27,57.2,101.8,0,2.837,33.3,69.3,0.0088
"2029-08-12 19:00",19.85,44.29,325.4,62.3,101.8,0,2.855,33.3,32,0.0088
"2029-08-12 20:00",18.42,0,319.12,68.4,101.8,0,2.873,33.4,0,0.0088
"2029-08-12 21:00",17.23,0,313.99,73.9,101.8,0,2.891,33.4,0,0.0089
"2029-08-12 22:00",16.26,0,309.87,78.9,101.8,0,2.909,33.4,0,0.0089
"2029-08-12 23:00",15.47,0,306.55,83.3,101.8,0,2.927,33.4,0,0.0089
"2029-08-13 00:00",15.02,0,314.64,88,101.8,0,3.019,33.5,0,0.0092
"2029-08-13 01:00",14.46,0,312.27,91.6,101.8,0,3.037,33.5,0,0.0092
"2029-08-13 02:00",14.01,0,310.35,94.6,101.8,0,3.056,33.5,0,0.0092
"2029-08-13 03:00",13.64,0,308.82,97.3,101.8,0,3.074,33.6,0,0.0093
"2029-08-13 04:00",13.35,0,307.57,99.4,101.8,0,3.093,33.6,0,0.0093
"2029-08-13 05:00",12.62,19.31,303.76,99.7,101.8,0,3.111,33.6,17.7,0.0089
"2029-08-13 06:00",14.65,169.05,313.37,92.1,101.8,0,3.13,33.6,65.7,0.0094
"2029-08-13 07:00",16.61,314.95,322.08,81.5,101.8,0,3.148,33.6,87.8,0.0094
"2029-08-13 08:00",18.45,451.18,330.41,72.9,101.8,0,3.167,33.7,123,0.0095
"2029-08-13 09:00",20.1,568.85,338.06,66,101.8,0,3.185,33.7,176.6,0.0095
"2029-08-13 10:00",21.53,660.04,344.79,60.6,101.8,0,3.204,33.7,222.2,0.0095
"2029-08-13 11:00",22.7,718.56,350.35,56.7,101.8,0,3.222,33.7,250.7,0.0096
"2029-08-13 12:00",23.57,738.21,354.51,53.8,101.8,0,3.243,33.6,263.7,0.0096
"2029-08-13 13:00",24.11,719.8,357.14,52.2,101.8,0,3.263,33.5,258.3,0.0096
"2029-08-13 14:00",24.32,664.73,358.16,51.6,101.8,0,3.284,33.4,233.9,0.0096
"2029-08-13 15:00",23.22,576.91,352.92,55.1,101.8,0,3.305,33.3,190.9,0.0096
"2029-08-13 16:00",22.96,462.43,351.7,56.1,101.7,0,3.325,33.2,134.7,0.0096
"2029-08-13 17:00",22.38,329.08,348.93,58.2,101.7,0,3.346,33,89.2,0.0096
"2029-08-13 18:00",21.49,185.7,344.75,61.5,101.7,0,3.366,32.9,68,0.0096
"2029-08-13 19:00",20.32,39.15,339.33,66.1,101.7,0,3.387,32.8,29.4,0.0096
"2029-08-13 20:00",19.01,0,333.3,71.8,101.7,0,3.408,32.7,0,0.0097
"2029-08-13 21:00",17.94,0,328.44,76.8,101.7,0,3.428,32.6,0,0.0097
"2029-08-13 22:00",17.11,0,324.73,81,101.7,0,3.449,32.5,0,0.0097
"2029-08-13 23:00",16.48,0,321.93,84.4,101.7,0,3.47,32.4,0,0.0097
"2029-08-14 00:00",16.28,0,324.63,85.4,101.6,0,3.549,32.3,0,0.0097
"2029-08-14 01:00",15.9,0,322.92,87.7,101.6,0,3.57,32.2,0,0.0097
"2029-08-14 02:00",15.58,0,321.52,89.5,101.6,0,3.591,32.1,0,0.0097
"2029-08-14 03:00",15.32,0,320.38,91.1,101.6,0,3.612,32,0,0.0097
"2029-08-14 04:00",15.11,0,319.45,92.5,101.6,0,3.633,31.9,0,0.0097
"2029-08-14 05:00",14.54,14.6,316.92,96.1,101.6,0,3.655,31.8,14,0.0097
"2029-08-14 06:00",16.1,155.69,323.9,87,101.6,0,3.676,31.7,61.1,0.0097
"2029-08-14 07:00",17.61,292.15,330.75,79.1,101.6,0,3.697,31.6,85.9,0.0098
"2029-08-14 08:00",19.01,418.67,337.22,72.5,101.6,0,3.718,31.5,150.5,0.0098
"2029-08-14 09:00",20.27,527.05,343.12,67.1,101.5,0,3.739,31.4,222.6,0.0098
"2029-08-14 10:00",21.35,610.1,348.24,62.9,101.5,0,3.76,31.3,277,0.0098
"2029-08-14 11:00",22.22,662.32,352.39,59.7,101.5,0,3.781,31.2,311,0.0098
"2029-08-14 12:00",22.85,683.6,355.46,57.6,101.5,0,3.786,31.2,321.3,0.0098
"2029-08-14 13:00",23.22,669.45,357.31,56.5,101.5,0,3.79,31.2,311.2,0.0099
"2029-08-14 14:00",23.32,620.72,357.86,56.3,101.5,0,3.794,31.2,280.5,0.0099
"2029-08-14 15:00",23.43,540.61,358.42,56.1,101.5,0,3.799,31.1,229.3,0.0099
"2029-08-14 16:00",22.94,434.46,356.07,57.9,101.5,0,3.803,31.1,159.6,0.0099
"2029-08-14 17:00",22.19,309.36,352.52,60.8,101.5,0,3.807,31.1,92.6,0.01
"2029-08-14 18:00",21.21,173.49,347.88,64.7,101.5,0,3.812,31.1,64.3,0.01
"2029-08-14 19:00",20.02,33.04,342.33,69.8,101.5,0,3.816,31.1,25.9,0.01
"2029-08-14 20:00",18.85,0,336.94,75.2,101.4,0,3.82,31,0,0.01
"2029-08-14 21:00",17.93,0,332.74,79.9,101.4,0,3.825,31,0,0.0101
"2029-08-14 22:00",17.17,0,329.29,84.1,101.4,0,3.829,31,0,0.0101
"2029-08-14 23:00",16.53,0,326.44,87.8,101.4,0,3.833,31,0,0.0101
"2029-08-15 00:00",16.37,0,320.27,88.7,101.4,0,3.87,30.9,0,0.0101
"2029-08-15 01:00",15.85,0,317.98,92,101.4,0,3.875,30.9,0,0.0102
"2029-08-15 02:00",15.42,0,316.13,94.8,101.4,0,3.879,30.9,0,0.0102
"2029-08-15 03:00",15.07,0,314.63,97.2,101.4,0,3.883,30.9,0,0.0102
"2029-08-15 04:00",14.78,0,313.43,99.2,101.4,0,3.888,30.8,0,0.0102
"2029-08-15 05:00",13.97,11.44,309.15,99.7,101.4,0,3.892,30.8,11.1,0.0098
"2029-08-15 06:00",15.95,157.85,318.63,92.5,101.4,0,3.897,30.8,62.7,0.0103
"2029-08-15 07:00",17.86,300.81,327.21,82.2,101.4,0,3.901,30.8,84.8,0.0103
"2029-08-15 08:00",19.65,434.66,335.39,73.7,101.3,0,3.905,30.7,128.4,0.0103
"2029-08-15 09:00",21.26,550.66,342.91,66.9,101.3,0,3.91,30.7,188.5,0.0104
"2029-08-15 10:00",22.65,640.96,349.51,61.6,101.3,0,3.914,30.7,236.2,0.0104
"2029-08-15 11:00",23.78,699.35,354.95,57.6,101.3,0,3.918,30.7,264.8,0.0104
"2029-08-15 12:00",24.62,718.5,359.03,54.9,101.3,0,3.898,30.6,278,0.0104
"2029-08-15 13:00",25.14,700.17,361.59,53.3,101.3,0,3.878,30.5,271.8,0.0105
"2029-08-15 14:00",25.33,645.79,362.55,52.8,101.3,0,3.857,30.5,245.9,0.0105
"2029-08-15 15:00",24.5,559.2,358.54,55.6,101.3,0,3.837,30.4,200.3,0.0105
"2029-08-15 16:00",24.18,446.38,357.02,56.8,101.3,0,3.816,30.4,139.3,0.0105
"2029-08-15 17:00",23.54,315.05,353.96,59.2,101.3,0,3.796,30.3,87.5,0.0105
"2029-08-15 18:00",22.6,173.85,349.52,62.7,101.3,0,3.776,30.2,65.3,0.0106
"2029-08-15 19:00",21.39,28.99,343.88,67.6,101.3,0,3.755,30.2,23.8,0.0106
"2029-08-15 20:00",20.1,0,337.86,73.4,101.3,0,3.735,30.1,0,0.0106
"2029-08-15 21:00",19.05,0,333.09,78.4,101.3,0,3.714,30,0,0.0106
"2029-08-15 22:00",18.23,0,329.39,82.7,101.2,0,3.694,30,0,0.0106
"2029-08-15 23:00",17.59,0,326.53,86.2,101.2,0,3.674,29.9,0,0.0107
"2029-08-16 00:00",17.38,0,336.2,89.4,101.3,0,3.563,29.8,0,0.0109
"2029-08-16 01:00",16.96,0,334.3,91.9,101.3,0,3.543,29.8,0,0.0109
"2029-08-16 02:00",16.62,0,332.75,94.1,101.2,0,3.523,29.7,0,0.0109
"2029-08-16 03:00",16.34,0,331.49,96,101.2,0,3.503,29.6,0,0.011
"2029-08-16 04:00",16.11,0,330.47,97.5,101.2,0,3.483,29.6,0,0.011
"2029-08-16 05:00",15.39,7.66,326.83,99.7,101.2,0,3.463,29.5,7.4,0.0107
"2029-08-16 06:00",17.06,146.58,334.9,92.2,101.2,0,3.444,29.4,58.9,0.011
"2029-08-16 07:00",18.66,281.17,342.42,83.5,101.2,0,3.424,29.3,86.2,0.011
"2029-08-16 08:00",20.16,405.85,349.56,76.2,101.2,0,3.404,29.3,155.1,0.0111
"2029-08-16 09:00",21.5,512.61,356.08,70.2,101.2,0,3.384,29.2,228.8,0.0111
"2029-08-16 10:00",22.66,594.36,361.77,65.6,101.2,0,3.365,29.1,283.5,0.0111
"2029-08-16 11:00",23.6,645.68,366.41,62.1,101.2,0,3.345,29,317.5,0.0111
"2029-08-16 12:00",24.28,665.65,369.75,59.4,101.2,0,3.333,29.2,328.6,0.0111
"2029-08-16 13:00",24.69,650.72,371.75,57.8,101.2,0,3.321,29.3,319,0.011
"2029-08-16 14:00",24.82,601.85,372.33,57.1,101.1,0,3.31,29.4,288.6,0.011
"2029-08-16 15:00",25.33,522.33,374.82,55.2,101.1,0,3.298,29.6,237.3,0.011
"2029-08-16 16:00",24.73,417.5,371.77,57.1,101.1,0,3.287,29.7,166.4,0.0109
"2029-08-16 17:00",23.87,294.4,367.39,59.9,101.1,0,3.275,29.9,92.3,0.0109
"2029-08-16 18:00",22.76,161.05,361.84,63.8,101.1,0,3.263,30,61.3,0.0109
"2029-08-16 19:00",21.42,23.02,355.28,69,101.1,0,3.252,30.2,19.8,0.0108
"2029-08-16 20:00",20.1,0,348.86,74.6,101.1,0,3.24,30.3,0,0.0108
"2029-08-16 21:00",19.02,0,343.65,79.5,101,0,3.229,30.4,0,0.0108
"2029-08-16 22:00",18.1,0,339.3,83.9,101,0,3.217,30.6,0,0.0107
"2029-08-16 23:00",17.32,0,335.62,87.9,101,0,3.206,30.7,0,0.0107
"2029-08-17 00:00",16.08,0,324.48,91.1,101,0,2.991,30.9,0,0.0103
"2029-08-17 01:00",15.64,0,322.42,93.4,101,0,2.98,31,0,0.0102
"2029-08-17 02:00",15.27,0,320.73,95.3,100.9,0,2.969,31.2,0,0.0102
"2029-08-17 03:00",14.97,0,319.35,96.8,100.9,0,2.959,31.3,0,0.0102
"2029-08-17 04:00",14.73,0,318.21,98,100.9,0,2.948,31.5,0,0.0101
"2029-08-17 05:00",13.91,4.74,314.05,99.7,100.9,0,2.938,31.6,4.8,0.0098
"2029-08-17 06:00",15.69,143.36,322.39,91.5,100.9,0,2.927,31.8,58.3,0.0101
"2029-08-17 07:00",17.41,279.19,330.1,81.7,100.9,0,2.916,31.9,84.2,0.01
"2029-08-17 08:00",19.02,405.97,337.42,73.6,100.9,0,2.906,32.1,149.5,0.01
"2029-08-17 09:00",20.46,515.48,344.12,67.1,100.9,0,2.895,32.3,220.6,0.01
"2029-08-17 10:00",21.7,600.33,349.94,61.9,100.8,0,2.885,32.4,273.2,0.0099
"2029-08-17 11:00",22.71,654.74,354.69,58.1,100.8,0,2.874,32.6,305.1,0.0099
"2029-08-17 12:00",23.44,676.5,358.31,55.8,100.8,0,2.931,32.7,314.6,0.0099
"2029-08-17 13:00",23.89,662.59,360.55,54.5,100.8,0,2.987,32.7,303.4,0.01
"2029-08-17 14:00",24.03,613.77,361.31,54.3,100.8,0,3.043,32.8,271.5,0.01
"2029-08-17 15:00",22.79,533.19,355.38,58.8,100.8,0,3.099,32.9,219,0.0101
"2029-08-17 16:00",22.57,426.16,354.38,59.8,100.8,0,3.155,32.9,149,0.0101
"2029-08-17 17:00",22.06,299.8,352,61.9,100.8,0,3.211,33,86.8,0.0101
"2029-08-17 18:00",21.28,162.27,348.36,65.2,100.8,0,3.267,33.1,62.6,0.0102
"2029-08-17 19:00",20.26,19.03,343.64,69.7,100.7,0,3.323,33.1,17.3,0.0102
"2029-08-17 20:00",19.27,0,339.07,74.4,100.7,0,3.379,33.2,0,0.0103
"2029-08-17 21:00",18.53,0,335.7,78.3,100.7,0,3.435,33.2,0,0.0103
"2029-08-17 22:00",17.97,0,333.17,81.4,100.7,0,3.491,33.3,0,0.0104
"2029-08-17 23:00",17.55,0,331.33,83.9,100.7,0,3.547,33.3,0,0.0104
"2029-08-18 00:00",18.8,0,328.69,79.5,100.6,0,4.028,33.4,0,0.0107
"2029-08-18 01:00",18.28,0,326.39,82.5,100.6,0,4.091,33.4,0,0.0107
"2029-08-18 02:00",17.85,0,324.54,85.1,100.6,0,4.153,33.5,0,0.0108
"2029-08-18 03:00",17.5,0,323.04,87.3,100.6,0,4.216,33.5,0,0.0108
"2029-08-18 04:00",17.22,0,321.83,89.2,100.6,0,4.279,33.6,0,0.0108
"2029-08-18 05:00",16.22,2.53,317.49,95.4,100.6,0,4.342,33.6,2.4,0.0109
"2029-08-18 06:00",18.23,150.39,326.49,84.4,100.6,0,4.404,33.6,61.9,0.0109
"2029-08-18 07:00",20.17,297.08,335.37,75.1,100.6,0,4.467,33.7,85.2,0.011
"2029-08-18 08:00",21.99,434.53,343.85,67.4,100.5,0,4.53,33.7,117.9,0.011
"2029-08-18 09:00",23.63,553.83,351.66,61.3,100.5,0,4.593,33.8,168.6,0.0111
"2029-08-18 10:00",25.04,646.85,358.53,56.5,100.5,0,4.655,33.8,212.1,0.0111
"2029-08-18 11:00",26.2,707.16,364.2,53,100.5,0,4.718,33.8,238,0.0111
"2029-08-18 12:00",27.05,727.16,368.45,50.5,100.5,0,4.713,33.7,249.8,0.0112
"2029-08-18 13:00",27.58,708.57,371.14,49.1,100.5,0,4.709,33.5,243.1,0.0112
"2029-08-18 14:00",27.78,652.77,372.15,48.7,100.5,0,4.704,33.3,217.7,0.0112
"2029-08-18 15:00",27.39,563.65,370.29,50,100.5,0,4.7,33.1,174.6,0.0113
"2029-08-18 16:00",26.95,447.33,368.2,51.4,100.6,0,4.696,32.9,122.6,0.0113
"2029-08-18 17:00",26.19,311.71,364.52,54,100.6,0,4.691,32.7,87.2,0.0113
"2029-08-18 18:00",25.13,165.64,359.4,57.6,100.6,0,4.687,32.6,64.9,0.0114
"2029-08-18 19:00",23.8,14.86,353.06,62.6,100.6,0,4.683,32.4,14.3,0.0114
"2029-08-18 20:00",22.41,0,346.54,68.3,100.6,0,4.679,32.2,0,0.0114
"2029-08-18 21:00",21.29,0,341.33,73.3,100.6,0,4.675,32,0,0.0115
"2029-08-18 22:00",20.38,0,337.18,77.8,100.6,0,4.67,31.8,0,0.0115
"2029-08-18 23:00",19.65,0,333.87,81.6,100.6,0,4.666,31.6,0,0.0115
"2029-08-19 00:00",18.82,0,338.5,86.8,100.7,0,4.504,31.5,0,0.0116
"2029-08-19 01:00",18.42,0,336.68,89.3,100.7,0,4.501,31.3,0,0.0117
"2029-08-19 02:00",18.09,0,335.19,91.4,100.7,0,4.497,31.1,0,0.0117
"2029-08-19 03:00",17.82,0,333.98,93.3,100.8,0,4.493,30.9,0,0.0117
"2029-08-19 04:00",17.59,0,333,94.9,100.8,0,4.489,30.7,0,0.0118
"2029-08-19 05:00",16.74,0.75,329.01,99.6,100.8,0,4.486,30.5,0.7,0.0117
"2029-08-19 06:00",18.42,143.07,336.9,90.6,100.8,0,4.482,30.3,59.6,0.0118
"2029-08-19 07:00",20.04,284.89,344.53,82.2,100.8,0,4.479,30.2,82.2,0.0119
"2029-08-19 08:00",21.55,416.4,351.78,75.1,100.8,0,4.475,30,127.7,0.0119
"2029-08-19 09:00",22.91,529.18,358.4,69.3,100.8,0,4.472,29.8,193.2,0.0119
"2029-08-19 10:00",24.08,615.7,364.17,64.8,100.8,0,4.468,29.6,245.8,0.012
"2029-08-19 11:00",25.02,670.2,368.87,61.4,100.8,0,4.465,29.4,278.7,0.012
"2029-08-19 12:00",25.7,690.36,372.33,59.1,100.8,0,4.454,29.6,289.8,0.012
"2029-08-19 13:00",26.11,673.67,374.41,57.9,100.8,0,4.443,29.7,280.5,0.0121
"2029-08-19 14:00",26.22,621.27,375.04,57.6,100.8,0,4.432,29.9,250.8,0.0121
"2029-08-19 15:00",26.04,536.69,374.18,58.4,100.8,0,4.42,30,201,0.0121
"2029-08-19 16:00",25.57,425.68,371.89,60.2,100.8,0,4.409,30.2,135.9,0.0122
"2029-08-19 17:00",24.83,295.69,368.26,63.1,100.8,0,4.398,30.3,83.8,0.0122
"2029-08-19 18:00",23.84,155.16,363.41,67.1,100.8,0,4.387,30.5,61.7,0.0122
"2029-08-19 19:00",22.63,9.7,357.53,72.4,100.8,0,4.376,30.7,9.4,0.0123
"2029-08-19 20:00",21.52,0,352.21,77.7,100.8,0,4.366,30.8,0,0.0123
"2029-08-19 21:00",20.64,0,348.04,82.2,100.8,0,4.355,31,0,0.0123
"2029-08-19 22:00",19.91,0,344.65,86.2,100.8,0,4.344,31.1,0,0.0124
"2029-08-19 23:00",19.32,0,341.89,89.6,100.8,0,4.333,31.3,0,0.0124
"2029-08-20 00:00",19.55,0,339.12,90.1,100.9,0,4.228,31.5,0,0.0126
"2029-08-20 01:00",19.01,0,336.62,93.4,100.9,0,4.218,31.6,0,0.0127
"2029-08-20 02:00",18.56,0,334.6,96.3,100.9,0,4.207,31.8,0,0.0127
"2029-08-20 03:00",18.19,0,332.96,98.8,100.9,0,4.197,32,0,0.0127
"2029-08-20 04:00",17.9,0,331.38,99.3,100.9,0,4.186,32.1,0,0.0126
"2029-08-20 05:00",16.75,0.01,325.04,99.8,100.9,0,4.176,32.3,0,0.0117
"2029-08-20 06:00",18.8,141.48,335.91,95.8,100.9,0,4.166,32.5,59.8,0.0128
"2029-08-20 07:00",20.8,286,345.25,84.9,100.9,0,4.155,32.6,83.1,0.0129
"2029-08-20 08:00",22.67,420.48,354.2,75.9,100.9,0,4.145,32.8,120.1,0.0129
"2029-08-20 09:00",24.36,536.29,362.47,68.7,100.9,0,4.135,33,178.7,0.0129
"2029-08-20 10:00",25.83,625.66,369.75,63.1,100.9,0,4.125,33.1,227.7,0.013
"2029-08-20 11:00",27.03,682.53,375.8,59,100.9,0,4.115,33.3,258.1,0.013
"2029-08-20 12:00",27.93,695.37,380.2,55.5,100.8,0,4.126,33,278.2,0.0129
"2029-08-20 13:00",28.5,670.83,382.95,53.3,100.8,0,4.137,32.7,277.9,0.0128
"2029-08-20 14:00",28.72,611.27,383.95,52.3,100.8,0,4.149,32.4,256.1,0.0127
"2029-08-20 15:00",29.38,521.39,387.16,49.9,100.8,0,4.161,32.1,212.6,0.0126
"2029-08-20 16:00",28.71,407.82,383.62,51.5,100.7,0,4.173,31.8,149.2,0.0125
"2029-08-20 17:00",27.72,278.58,378.41,54.2,100.7,0,4.184,31.5,86.5,0.0124
"2029-08-20 18:00",26.41,142.27,371.7,58,100.7,0,4.197,31.2,57.5,0.0123
"2029-08-20 19:00",24.83,5.14,363.72,63.2,100.6,0,4.209,30.9,5.2,0.0123
"2029-08-20 20:00",23.14,0,355.39,69.4,100.6,0.1,4.221,30.6,0,0.0122
"2029-08-20 21:00",21.72,0,348.45,75.1,100.6,0.1,4.233,30.3,0,0.0121
"2029-08-20 22:00",20.52,0,342.68,80.2,100.5,0.1,4.246,30.1,0,0.012
"2029-08-20 23:00",19.51,0,337.83,84.7,100.5,0.1,4.258,29.8,0,0.0119
"2029-08-21 00:00",16.57,0,357.67,98.5,100.2,0.1,5.437,29.5,0,0.0115
"2029-08-21 01:00",16.26,0,355.87,99,100.2,0.1,5.453,29.2,0,0.0114
"2029-08-21 02:00",16.01,0,354.37,99.3,100.2,0.1,5.469,28.9,0,0.0112
"2029-08-21 03:00",15.8,0,353.13,99.5,100.1,0.1,5.486,28.6,0,0.0111
"2029-08-21 04:00",15.62,0,352.09,99.6,100.1,0.1,5.503,28.3,0,0.011
"2029-08-21 05:00",14.86,0,347.56,99.7,100.1,0.1,5.519,28.1,0,0.0105
"2029-08-21 06:00",16.23,103.3,355.11,95.9,100.1,0.1,5.536,27.8,45,0.011
"2029-08-21 07:00",17.56,208.82,361.54,87.4,100,0.1,5.553,27.5,125.2,0.0109
"2029-08-21 08:00",18.8,303.99,367.61,80.2,100,0.1,5.57,27.2,203.8,0.0108
"2029-08-21 09:00",19.91,382.93,373.11,74.2,100,0.1,5.588,27,272.6,0.0107
"2029-08-21 10:00",20.87,440.72,377.83,69.3,99.9,0.1,5.605,26.7,324.8,0.0106
"2029-08-21 11:00",21.63,473.96,381.6,65.6,99.9,0.1,5.623,26.4,357.5,0.0106
"2029-08-21 12:00",22.17,495.47,384.34,63.1,99.9,0.1,5.283,25.8,368.7,0.0105
"2029-08-21 13:00",22.48,490.25,385.87,61.6,99.9,0.1,4.944,25.2,358.3,0.0104
"2029-08-21 14:00",22.55,457.95,386.13,61.1,100,0.1,4.605,24.4,326.5,0.0104
"2029-08-21 15:00",23.07,400.15,388.76,58.9,100,0.1,4.564,23.5,275,0.0103
"2029-08-21 16:00",22.49,320.24,385.61,60.7,100,0.1,4.204,22.4,206.8,0.0103
"2029-08-21 17:00",21.68,223.18,381.29,63.4,100,0.1,3.846,21.2,128,0.0102
"2029-08-21 18:00",20.67,115.02,375.96,67.1,100.1,0.1,3.491,19.7,47.8,0.0102
"2029-08-21 19:00",19.47,1.74,369.77,71.9,100.1,0.1,3.139,17.8,1.7,0.0101
"2029-08-21 20:00",18.47,0,364.6,76.1,100.1,0.1,2.79,15.5,0,0.0101
"2029-08-21 21:00",17.64,0,360.37,79.8,100.1,0.1,2.448,12.5,0,0.01
"2029-08-21 22:00",16.93,0,356.74,83,100.2,0.1,1.967,8.5,0,0.0099
"2029-08-21 23:00",16.31,0,353.6,85.9,100.2,0.1,1.624,3.1,0,0.0099
"2029-08-22 00:00",15.99,0,324.3,83.2,100.4,0.1,1.615,355.5,0,0.0094
"2029-08-22 01:00",15.46,0,321.85,85.5,100.4,0.1,1.336,344.3,0,0.0093
"2029-08-22 02:00",15.03,0,319.83,87.5,100.5,0,1.13,328.1,0,0.0093
"2029-08-22 03:00",14.68,0,318.18,89,100.5,0,1.04,307.3,0,0.0092
"2029-08-22 04:00",14.39,0,316.81,90.2,100.5,0,1.035,286,0,0.0091
"2029-08-22 05:00",13.13,0,311.18,97.1,100.5,0,1.208,269,0,0.0091
"2029-08-22 06:00",15.19,126.06,320.21,84.6,100.6,0,1.46,257.2,54.7,0.009
"2029-08-22 07:00",17.19,265.2,329.12,74.1,100.6,0,1.636,249.1,78.7,0.009
"2029-08-22 08:00",19.07,397.68,337.64,65.5,100.6,0,1.936,243.4,131.9,0.0089
"2029-08-22 09:00",20.76,514.84,345.47,58.6,100.6,0,2.25,239.2,193.7,0.0089
"2029-08-22 10:00",22.23,608.41,352.35,53.3,100.7,0,2.573,236.1,237.7,0.0088
"2029-08-22 11:00",23.43,671.52,358,49.3,100.7,0,2.903,233.7,260.1,0.0088
"2029-08-22 12:00",24.32,691.83,362.47,47.1,100.7,0,2.874,232.5,270.5,0.0089
"2029-08-22 13:00",24.87,674.51,365.33,45.9,100.7,0,2.847,231.3,260.9,0.0089
"2029-08-22 14:00",25.07,620.72,366.48,45.8,100.7,0,2.821,230.1,231.2,0.009
"2029-08-22 15:00",24.27,534.1,362.66,48.4,100.7,0,2.796,228.8,182.3,0.0091
"2029-08-22 16:00",23.92,420.49,361.1,49.8,100.7,0,2.773,227.5,122.4,0.0091
"2029-08-22 17:00",23.23,287.51,357.91,52.3,100.7,0,2.751,226.2,83.1,0.0092
"2029-08-22 18:00",22.23,143.68,353.23,56,100.7,0,2.731,224.9,60.1,0.0093
"2029-08-22 19:00",20.95,0.27,347.28,61,100.7,0,2.712,223.5,0.3,0.0094
"2029-08-22 20:00",19.68,0,341.42,66.5,100.7,0,2.695,222.2,0,0.0094
"2029-08-22 21:00",18.67,0,336.84,71.4,100.7,0,2.679,220.8,0,0.0095
"2029-08-22 22:00",17.87,0,333.27,75.7,100.7,0,2.665,219.4,0,0.0096
"2029-08-22 23:00",17.24,0,330.53,79.3,100.7,0,2.653,218,0,0.0096
"2029-08-23 00:00",16.89,0,332.97,88.8,100.7,0,2.16,216.6,0,0.0106
"2029-08-23 01:00",16.5,0,331.32,91.7,100.7,0,2.152,215.1,0,0.0106
"2029-08-23 02:00",16.18,0,329.98,94.3,100.7,0,2.146,213.7,0,0.0107
"2029-08-23 03:00",15.92,0,328.9,96.5,100.7,0,2.142,212.2,0,0.0108
"2029-08-23 04:00",15.71,0,328.03,98.6,100.7,0,2.138,210.8,0,0.0109
"2029-08-23 05:00",14.68,0,322.5,99.7,100.7,0,2.136,209.3,0,0.0103
"2029-08-23 06:00",16.34,135.25,331.18,96,100.7,0,2.136,207.8,59.5,0.011
"2029-08-23 07:00",17.95,285.63,338.75,87.4,100.7,0,2.137,206.4,84.6,0.0111
"2029-08-23 08:00",19.46,425.42,345.97,80.1,100.7,0,2.139,204.9,108.9,0.0112
"2029-08-23 09:00",20.82,545.73,352.58,74.1,100.7,0,2.143,203.4,151.9,0.0113
"2029-08-23 10:00",21.98,638.48,358.35,69.5,100.7,0,2.148,202,193.8,0.0113
"2029-08-23 11:00",22.92,697.39,363.07,66.1,100.7,0,2.19,200.5,220.7,0.0114
"2029-08-23 12:00",23.59,701.34,366.38,63.3,100.7,0,2.135,200.2,252.2,0.0114
"2029-08-23 13:00",23.99,666.85,368.32,61.7,100.7,0,2.08,199.9,263.7,0.0114
"2029-08-23 14:00",24.1,597.86,368.82,61.2,100.6,0,2.026,199.5,251.9,0.0114
"2029-08-23 15:00",24.01,500.52,368.35,61.4,100.6,0,1.972,199.1,215.6,0.0113
"2029-08-23 16:00",23.51,382.67,365.81,63.1,100.6,0,1.918,198.7,156.3,0.0113
"2029-08-23 17:00",22.73,253.13,361.94,66.1,100.6,0.1,1.863,198.3,86.6,0.0113
"2029-08-23 18:00",21.7,120.75,356.88,70.2,100.6,0.1,1.809,197.8,51.4,0.0113
"2029-08-23 19:00",20.45,0,350.81,75.6,100.5,0.1,1.756,197.3,0,0.0112
"2029-08-23 20:00",19.41,0,345.78,80.5,100.5,0.1,1.702,196.8,0,0.0112
"2029-08-23 21:00",18.55,0,341.71,84.7,100.5,0.1,1.648,196.3,0,0.0112
"2029-08-23 22:00",17.85,0,338.35,88.4,100.5,0.1,1.595,195.7,0,0.0112
"2029-08-23 23:00",17.26,0,335.57,91.6,100.5,0.1,1.542,195.1,0,0.0112
"2029-08-24 00:00",15.32,0,367.19,99.4,100.3,0.1,0.975,194.5,0,0.0107
"2029-08-24 01:00",15.07,0,365.67,99.6,100.2,0.1,0.941,193.8,0,0.0106
"2029-08-24 02:00",14.87,0,364.4,99.7,100.2,0.1,0.907,193.1,0,0.0105
"2029-08-24 03:00",14.69,0,363.34,99.7,100.2,0.1,0.873,192.3,0,0.0104
"2029-08-24 04:00",14.55,0,362.44,99.7,100.2,0.2,0.839,191.4,0,0.0103
"2029-08-24 05:00",14.43,0,361.7,99.7,100.2,0.2,0.806,190.4,0,0.0102
"2029-08-24 06:00",15.01,64.57,365.23,99.5,100.1,0.2,0.773,189.4,53.6,0.0105
"2029-08-24 07:00",16.17,132.64,371.61,94.2,100.1,0.2,0.741,188.3,119.1,0.0108
"2029-08-24 08:00",17.27,189.61,377.23,87.7,100.1,0.2,0.708,187,176.4,0.0107
"2029-08-24 09:00",18.24,232.36,382.31,82.3,100.1,0.2,0.677,185.7,220.4,0.0107
"2029-08-24 10:00",19.07,258.82,386.67,78,100.1,0.2,0.645,184.2,248.7,0.0107
"2029-08-24 11:00",19.73,268.31,390.13,74.7,100.1,0.2,0.615,182.6,260.5,0.0107
"2029-08-24 12:00",20.19,282.39,392.58,72.6,100.1,0.2,0.651,187.5,273.2,0.0107
"2029-08-24 13:00",20.44,280.92,393.9,71.4,100.1,0.2,0.692,191.9,270.7,0.0107
"2029-08-24 14:00",20.47,263.44,394.04,71.2,100.1,0.2,0.736,195.7,252.6,0.0106
"2029-08-24 15:00",20.88,230.58,396.23,69.4,100.2,0.2,0.772,199.1,219.6,0.0106
"2029-08-24 16:00",20.32,184.12,393.22,71.7,100.2,0.2,0.822,202.1,173.6,0.0106
"2029-08-24 17:00",19.57,126.84,389.16,75.1,100.2,0.2,0.874,204.7,117.2,0.0106
"2029-08-24 18:00",18.63,62.17,384.17,79.5,100.2,0.2,0.927,207.1,55,0.0106
"2029-08-24 19:00",17.54,0,378.43,85.1,100.3,0.1,0.982,209.1,0,0.0106
"2029-08-24 20:00",16.77,0,374.36,89.3,100.3,0.1,1.039,211,0,0.0106
"2029-08-24 21:00",16.11,0,370.94,93,100.3,0.1,1.096,212.7,0,0.0106
"2029-08-24 22:00",15.53,0,367.98,96.4,100.3,0.1,1.154,214.2,0,0.0106
"2029-08-24 23:00",15.03,0,365.35,99.3,100.4,0.1,1.213,215.5,0,0.0105
"2029-08-25 00:00",14.71,0,342.05,99.5,100.5,0.1,1.962,216.8,0,0.0103
"2029-08-25 01:00",14.23,0,339.24,99.7,100.5,0.1,2.056,217.9,0,0.01
"2029-08-25 02:00",13.82,0,336.9,99.7,100.6,0.1,2.15,218.9,0,0.0097
"2029-08-25 03:00",13.49,0,334.98,99.7,100.6,0.1,2.244,219.9,0,0.0095
"2029-08-25 04:00",13.22,0,333.4,99.7,100.6,0.1,2.339,220.8,0,0.0094
"2029-08-25 05:00",12.99,0,332.1,99.7,100.6,0.1,2.435,221.6,0,0.0092
"2029-08-25 06:00",13.88,74.59,337.23,99.7,100.7,0.1,2.531,222.3,49.8,0.0098
"2029-08-25 07:00",15.88,165.22,347.56,91.8,100.7,0,2.628,223,125.3,0.0102
"2029-08-25 08:00",17.76,252.03,356.7,81.4,100.7,0,2.724,223.6,200,0.0102
"2029-08-25 09:00",19.46,329.34,365.1,73.1,100.7,0,2.822,224.2,265.2,0.0102
"2029-08-25 10:00",20.92,391.61,372.45,66.8,100.8,0,2.919,224.8,315.7,0.0102
"2029-08-25 11:00",22.09,434.14,378.46,62.1,100.8,0,3.017,225.3,347.9,0.0102
"2029-08-25 12:00",22.96,453.94,382.92,58.9,100.8,0,3.014,225.3,359.7,0.0102
"2029-08-25 13:00",23.47,448.58,385.62,57.2,100.8,0,3.011,225.2,350.2,0.0102
"2029-08-25 14:00",23.17,417.76,384.09,58.2,100.9,0,3.008,225.2,319.4,0.0102
"2029-08-25 15:00",23.05,362.96,383.47,58.7,100.9,0,3.006,225.2,268.8,0.0102
"2029-08-25 16:00",22.57,287.37,381,60.5,100.9,0,3.003,225.2,201.3,0.0102
"2029-08-25 17:00",21.75,195.66,376.78,63.6,100.9,0,3,225.2,123.7,0.0102
"2029-08-25 18:00",20.62,93.4,371.01,68.2,100.9,0,2.997,225.1,43.1,0.0102
"2029-08-25 19:00",19.21,0,363.93,74.5,101,0,2.994,225.1,0,0.0102
"2029-08-25 20:00",18.02,0,358.05,80.3,101,0,2.992,225.1,0,0.0102
"2029-08-25 21:00",17.06,0,353.34,85.3,101,0,2.989,225.1,0,0.0102
"2029-08-25 22:00",16.29,0,349.57,89.7,101,0,2.986,225,0,0.0102
"2029-08-25 23:00",15.66,0,346.56,93.4,101,0,2.983,225,0,0.0102
"2029-08-26 00:00",15.81,0,327.89,90.3,101.1,0,2.787,225,0,0.01
"2029-08-26 01:00",15.24,0,325.31,93.8,101.1,0,2.785,225,0,0.01
"2029-08-26 02:00",14.77,0,323.19,96.7,101.1,0,2.782,225,0,0.01
"2029-08-26 03:00",14.38,0,321.35,98.5,101.2,0,2.779,224.9,0,0.0099
"2029-08-26 04:00",14.07,0,319.76,99.5,101.2,0,2.777,224.9,0,0.0098
"2029-08-26 05:00",13.81,0,318.36,99.7,101.2,0,2.774,224.9,0,0.0097
"2029-08-26 06:00",14.72,105.72,323,97.1,101.2,0,2.772,224.9,48.7,0.01
"2029-08-26 07:00",16.98,237.46,333.32,84.2,101.2,0,2.769,224.8,79,0.01
"2029-08-26 08:00",19.11,362.66,343.23,73.7,101.3,0,2.767,224.8,149.5,0.01
"2029-08-26 09:00",21.03,473.23,352.39,65.5,101.3,0,2.764,224.8,218.7,0.01
"2029-08-26 10:00",22.69,561.36,360.47,59.2,101.3,0,2.761,224.8,267.2,0.01
"2029-08-26 11:00",24.04,620.55,367.14,54.6,101.3,0,2.759,224.7,293.6,0.01
"2029-08-26 12:00",25.04,631.01,372.29,51.9,101.3,0,2.732,224.4,311.6,0.0101
"2029-08-26 13:00",25.66,606.23,375.57,50.5,101.3,0,2.706,224.1,307.3,0.0102
"2029-08-26 14:00",24.63,548.69,370.55,54.1,101.3,0,2.68,223.8,280.9,0.0103
"2029-08-26 15:00",24.69,462.98,371,54.4,101.3,0,2.654,223.4,232.8,0.0104
"2029-08-26 16:00",24.34,355.52,369.45,56,101.3,0,2.628,223.1,163.9,0.0105
"2029-08-26 17:00",23.62,233.94,365.99,59,101.3,0,2.602,222.7,84.4,0.0106
"2029-08-26 18:00",22.53,106.2,360.81,63.5,101.3,0,2.577,222.3,48,0.0107
"2029-08-26 19:00",21.14,0,354.19,69.7,101.3,0,2.551,222,0,0.0107
"2029-08-26 20:00",19.88,0,348.27,76,101.3,0,2.526,221.6,0,0.0108
"2029-08-26 21:00",18.88,0,343.68,81.5,101.3,0.1,2.5,221.2,0,0.0109
"2029-08-26 22:00",18.11,0,340.18,86.3,101.3,0.1,2.475,220.8,0,0.011
"2029-08-26 23:00",17.52,0,337.55,90.3,101.3,0.1,2.45,220.4,0,0.0111
"2029-08-27 00:00",17.4,0,368.58,98.2,101.3,0.1,2.56,220,0,0.012
"2029-08-27 01:00",17.03,0,366.53,99.7,101.3,0.1,2.534,219.5,0,0.0119
"2029-08-27 02:00",16.72,0,364.61,99.8,101.3,0.1,2.508,219.1,0,0.0117
"2029-08-27 03:00",16.46,0,363.02,99.8,101.3,0.1,2.482,218.7,0,0.0115
"2029-08-27 04:00",16.25,0,361.69,99.7,101.3,0.1,2.456,218.2,0,0.0113
"2029-08-27 05:00",16.07,0,360.6,99.7,101.3,0.1,2.43,217.8,0,0.0112
"2029-08-27 06:00",16.73,78.66,364.69,99.8,101.3,0.1,2.405,217.3,40.5,0.0117
"2029-08-27 07:00",18.4,174.96,374.73,97.3,101.3,0.1,2.38,216.8,119.2,0.0127
"2029-08-27 08:00",19.97,261,383.04,88.9,101.3,0.1,2.354,216.3,196.5,0.0127
"2029-08-27 09:00",21.38,331.69,390.65,82.1,101.3,0.1,2.329,215.8,262.2,0.0128
"2029-08-27 10:00",22.59,382.71,397.28,76.9,101.3,0.1,2.305,215.3,311,0.0129
"2029-08-27 11:00",23.55,411.19,402.67,73,101.3,0.1,2.28,214.8,340.4,0.013
"2029-08-27 12:00",24.24,425.39,406.41,70,101.2,0.1,2.199,213.8,351.4,0.013
"2029-08-27 13:00",24.64,415.69,408.54,68.2,101.2,0.1,2.12,212.7,341.7,0.013
"2029-08-27 14:00",24.61,382.54,408.37,68.2,101.2,0.1,2.04,211.6,311.6,0.013
"2029-08-27 15:00",24.4,328.01,407.19,69,101.2,0.1,1.962,210.3,262.8,0.013
"2029-08-27 16:00",23.89,255.62,404.34,71,101.2,0.1,1.885,208.9,198,0.0129
"2029-08-27 17:00",23.08,170.1,399.94,74.4,101.1,0.1,1.809,207.5,122.2,0.0129
"2029-08-27 18:00",22.02,76.73,394.17,79.3,101.1,0.1,1.734,205.9,43.8,0.0129
"2029-08-27 19:00",20.76,0,387.39,85.6,101.1,0.1,1.661,204.1,0,0.0129
"2029-08-27 20:00",19.84,0,382.52,90.4,101.1,0.1,1.59,202.2,0,0.0129
"2029-08-27 21:00",19.08,0,378.53,94.6,101.1,0.1,1.545,200.1,0,0.0129
"2029-08-27 22:00",18.45,0,375.24,98.3,101,0.1,1.477,197.8,0,0.0128
"2029-08-27 23:00",17.93,0,372.25,99.8,101,0.1,1.411,195.3,0,0.0126
"2029-08-28 00:00",17.87,0,370.43,99.6,100.9,0.1,1.055,192.6,0,0.0126
"2029-08-28 01:00",17.41,0,367.63,99.8,100.9,0.1,1.008,189.6,0,0.0122
"2029-08-28 02:00",17.04,0,365.3,99.8,100.9,0,0.965,186.3,0,0.0119
"2029-08-28 03:00",16.73,0,363.38,99.8,100.9,0,0.925,182.7,0,0.0117
"2029-08-28 04:00",16.48,0,361.8,99.8,100.8,0,0.89,178.8,0,0.0115
"2029-08-28 05:00",16.27,0,360.49,99.8,100.8,0,0.904,174.6,0,0.0114
"2029-08-28 06:00",16.95,76.19,364.74,99.8,100.8,0,0.877,170.1,39.4,0.0119
"2029-08-28 07:00",18.87,176.44,375.51,93.2,100.8,0,0.856,165.3,116.7,0.0125
"2029-08-28 08:00",20.67,270.14,384.87,83.2,100.8,0,0.842,160.3,193.4,0.0125
"2029-08-28 09:00",22.3,351.4,393.47,75.2,100.7,0,0.834,155.1,260.5,0.0125
"2029-08-28 10:00",23.7,414.68,400.98,69,100.7,0,0.833,149.8,311.6,0.0125
"2029-08-28 11:00",24.83,455.53,407.12,64.4,100.7,0,0.82,144.6,343.5,0.0125
"2029-08-28 12:00",25.65,476.43,411.46,60.8,100.7,0,0.825,152.4,354.2,0.0124
"2029-08-28 13:00",26.14,470.38,413.97,58.5,100.7,0,0.826,160.2,342.9,0.0122
"2029-08-28 14:00",26.64,437.04,416.56,56.3,100.7,0,0.842,167.9,310,0.0121
"2029-08-28 15:00",26.35,377.98,414.75,56.7,100.7,0,0.872,175.1,257.1,0.012
"2029-08-28 16:00",25.71,296.62,411.03,58.3,100.7,0,0.87,181.7,189,0.0119
"2029-08-28 17:00",24.74,197.94,405.52,61.2,100.6,0,0.922,187.5,106,0.0118
"2029-08-28 18:00",23.48,87.81,398.45,65.4,100.6,0,0.983,192.7,41.6,0.0117
"2029-08-28 19:00",21.98,0,390.23,70.9,100.6,0,1.051,197.3,0,0.0116
"2029-08-28 20:00",20.74,0,383.53,75.7,100.6,0,1.125,201.3,0,0.0115
"2029-08-28 21:00",19.71,0,377.94,79.9,100.6,0,1.185,204.7,0,0.0114
"2029-08-28 22:00",18.84,0,373.27,83.5,100.6,0,1.266,207.7,0,0.0112
"2029-08-28 23:00",18.11,0,369.34,86.6,100.6,0,1.351,210.4,0,0.0111
"2029-08-29 00:00",16.71,0,332.11,90.2,100.6,0,2.091,212.7,0,0.0106
"2029-08-29 01:00",16.39,0,330.46,91.2,100.6,0,2.22,214.8,0,0.0105
"2029-08-29 02:00",16.12,0,329.07,91.8,100.5,0,2.353,216.6,0,0.0104
"2029-08-29 03:00",15.9,0,327.88,92.1,100.5,0,2.487,218.2,0,0.0103
"2029-08-29 04:00",15.71,0,326.86,92.2,100.5,0,2.623,219.7,0,0.0102
"2029-08-29 05:00",15.56,0,325.99,92.1,100.5,0,2.761,221,0,0.0101
"2029-08-29 06:00",16.05,101.88,328.03,88.3,100.5,0,2.901,222.2,49.4,0.01
"2029-08-29 07:00",17.5,242.68,334.51,79.7,100.5,0,3.041,223.3,75,0.0099
"2029-08-29 08:00",18.86,376.3,340.66,72.3,100.5,0,3.182,224.3,117.4,0.0098
"2029-08-29 09:00",20.09,494.2,346.26,66.3,100.5,0,3.324,225.2,176.3,0.0096
"2029-08-29 10:00",21.15,588.04,351.07,61.4,100.5,0,3.467,226,219.7,0.0095
"2029-08-29 11:00",21.99,650.87,354.92,57.7,100.4,0,3.611,226.7,241.4,0.0094
"2029-08-29 12:00",22.59,668.39,357.76,55.3,100.4,0,3.513,225.8,253.5,0.0094
"2029-08-29 13:00",22.94,647.82,359.35,53.9,100.4,0,3.417,224.7,245.2,0.0093
"2029-08-29 14:00",24.6,590.74,367.42,48.6,100.4,0,3.321,223.7,216.2,0.0093
"2029-08-29 15:00",24.08,501.16,364.74,49.9,100.4,0,3.227,222.5,167.7,0.0093
"2029-08-29 16:00",23.29,385.26,360.79,52,100.4,0,3.134,221.3,110.7,0.0092
"2029-08-29 17:00",22.25,250.87,355.65,55.2,100.4,0,3.042,220,77.6,0.0092
"2029-08-29 18:00",20.98,106.34,349.48,59.3,100.4,0,2.953,218.6,51.6,0.0091
"2029-08-29 19:00",19.56,0,342.68,64.4,100.4,0,2.865,217.2,0,0.0091
"2029-08-29 20:00",18.43,0,337.3,68.8,100.4,0,2.779,215.6,0,0.009
"2029-08-29 21:00",17.43,0,332.61,72.9,100.4,0,2.695,214,0,0.009
"2029-08-29 22:00",16.54,0,328.48,76.7,100.4,0,2.614,212.2,0,0.009
"2029-08-29 23:00",15.75,0,324.81,80.3,100.4,0,2.535,210.3,0,0.0089
"2029-08-30 00:00",13.69,0,321.86,88.7,100.4,0,1.655,208.4,0,0.0086
"2029-08-30 01:00",13.18,0,319.47,91.2,100.4,0,1.606,206.2,0,0.0086
"2029-08-30 02:00",12.75,0,317.48,93.3,100.4,0,1.559,204,0,0.0085
"2029-08-30 03:00",12.4,0,315.84,95,100.4,0,1.515,201.6,0,0.0085
"2029-08-30 04:00",12.11,0,314.46,96.4,100.3,0,1.498,199.1,0,0.0084
"2029-08-30 05:00",11.87,0,313.31,97.4,100.3,0,1.459,196.5,0,0.0084
"2029-08-30 06:00",12.51,98.49,316.09,92.9,100.3,0,1.423,193.7,48.6,0.0084
"2029-08-30 07:00",14.68,236.28,325.75,80.2,100.3,0,1.391,190.7,73.6,0.0083
"2029-08-30 08:00",16.73,362.97,335.04,70,100.3,0,1.363,187.7,125.4,0.0083
"2029-08-30 09:00",18.58,470.89,343.61,62,100.3,0,1.339,184.5,198.2,0.0082
"2029-08-30 10:00",20.17,552.9,351.13,55.8,100.3,0,1.319,181.2,254,0.0082
"2029-08-30 11:00",21.47,603.6,357.27,51.3,100.3,0,1.303,177.8,288,0.0081
"2029-08-30 12:00",22.41,620.04,362.02,48.8,100.3,0,1.354,180.1,299.9,0.0082
"2029-08-30 13:00",22.98,600.91,364.95,47.4,100.3,0,1.407,182.3,289.9,0.0083
"2029-08-30 14:00",21.82,547.64,359.38,51.2,100.3,0,1.462,184.3,257.9,0.0083
"2029-08-30 15:00",21.87,463.95,359.74,51.4,100.3,0,1.519,186.1,204.1,0.0084
"2029-08-30 16:00",21.53,355.59,358.18,52.8,100.3,0,1.577,187.9,131.4,0.0084
"2029-08-30 17:00",20.81,229.86,354.81,55.6,100.3,0,1.636,189.5,72.1,0.0085
"2029-08-30 18:00",19.75,94.49,349.83,59.7,100.3,0,1.697,190.9,47,0.0085
"2029-08-30 19:00",18.44,0,343.7,65.2,100.3,0,1.758,192.3,0,0.0086
"2029-08-30 20:00",17.39,0,338.88,70.1,100.3,0,1.821,193.6,0,0.0086
"2029-08-30 21:00",16.57,0,335.17,74.3,100.3,0,1.884,194.8,0,0.0087
"2029-08-30 22:00",15.94,0,332.36,77.9,100.3,0,1.948,195.9,0,0.0088
"2029-08-30 23:00",15.47,0,330.28,80.8,100.3,0,2.013,197,0,0.0088
"2029-08-31 00:00",15.77,0,340.63,84.1,100.3,0,2.494,197.9,0,0.0093
"2029-08-31 01:00",15.39,0,338.96,86.7,100.2,0,2.574,198.9,0,0.0094
"2029-08-31 02:00",15.08,0,337.59,89,100.2,0,2.654,199.7,0,0.0095
"2029-08-31 03:00",14.82,0,336.47,91,100.2,0,2.734,200.5,0,0.0095
"2029-08-31 04:00",14.6,0,335.55,92.9,100.2,0,2.77,201.3,0,0.0096
"2029-08-31 05:00",14.42,0,334.8,94.6,100.2,0,2.85,202,0,0.0096
"2029-08-31 06:00",14.91,90.38,337.21,92.2,100.2,0.1,2.931,202.7,45.5,0.0097
"2029-08-31 07:00",16.66,221.96,345.6,82.9,100.2,0.1,3.012,203.4,72,0.0098
"2029-08-31 08:00",18.3,342.97,353.63,75.2,100.2,0.1,3.093,204,142.3,0.0098
"2029-08-31 09:00",19.78,446.1,360.99,69,100.2,0.1,3.175,204.6,218.3,0.0099
"2029-08-31 10:00",21.05,524.55,367.4,64.2,100.2,0.1,3.257,205.1,273.4,0.0099
"2029-08-31 11:00",22.06,573.11,372.61,60.7,100.2,0.1,3.339,205.6,306.5,0.01
"2029-08-31 12:00",22.78,588.34,376.38,58.4,100.2,0.1,3.41,206,318,0.01
"2029-08-31 13:00",23.18,569.58,378.56,57.3,100.2,0.1,3.481,206.4,307.7,0.0101
"2029-08-31 14:00",22.08,518.27,373.05,61.6,100.2,0.1,3.552,206.7,275.7,0.0102
"2029-08-31 15:00",22.08,438.01,373.12,61.9,100.2,0.1,3.623,207,222.1,0.0102
"2029-08-31 16:00",21.75,334.34,371.56,63.5,100.2,0.1,3.694,207.4,147.6,0.0103
"2029-08-31 17:00",21.12,214.26,368.48,66.4,100.2,0.1,3.765,207.7,73.3,0.0103
"2029-08-31 18:00",20.21,85.1,364.05,70.6,100.2,0.1,3.837,208,43.5,0.0104
"2029-08-31 19:00",19.17,0,358.96,75.7,100.2,0.1,3.908,208.2,0,0.0104
"2029-08-31 20:00",18.48,0,355.69,79.4,100.2,0.1,3.98,208.5,0,0.0105
"2029-08-31 21:00",17.95,0,353.2,82.5,100.2,0.1,4.052,208.8,0,0.0105
"2029-08-31 22:00",17.55,0,351.34,85.1,100.2,0.1,4.123,209,0,0.0106
"2029-08-31 23:00",17.26,0,350,87.1,100.1,0.1,4.195,209.3,0,0.0107
"2029-09-01 00:00",17.64,0,362.66,87.7,100.1,0.1,4.563,209.5,0,0.011
"2029-09-01 01:00",17.39,0,361.49,89.5,100.1,0.1,4.64,209.7,0,0.011
"2029-09-01 02:00",17.18,0,360.52,91.2,100.1,0.1,4.717,210,0,0.0111
"2029-09-01 03:00",17,0,359.72,92.7,100.1,0.1,4.794,210.2,0,0.0112
"2029-09-01 04:00",16.85,0,359.07,94.1,100.1,0.1,4.871,210.4,0,0.0112
"2029-09-01 05:00",16.72,0,358.53,95.3,100.1,0.1,4.948,210.6,0,0.0113
"2029-09-01 06:00",17.06,80.81,360.32,93.7,100.1,0.1,5.026,210.8,41.5,0.0113
"2029-09-01 07:00",18.35,203.24,366.89,86.8,100.1,0.1,5.103,211,78.2,0.0114
"2029-09-01 08:00",19.57,315.6,373.14,80.9,100.1,0.1,5.181,211.1,164.7,0.0114
"2029-09-01 09:00",20.65,411.17,378.83,76,100.1,0.1,5.258,211.3,237.4,0.0115
"2029-09-01 10:00",21.57,483.66,383.73,72.2,100.1,0.1,5.336,211.5,288.8,0.0116
"2029-09-01 11:00",22.3,528.3,387.64,69.4,100.1,0.1,5.413,211.7,319.4,0.0116
"2029-09-01 12:00",22.81,546.8,390.28,67.2,100.1,0.1,5.374,211.4,329,0.0116
"2029-09-01 13:00",23.08,533.48,391.67,66,100.1,0.1,5.335,211.1,317.8,0.0116
"2029-09-01 14:00",23.39,488.91,393.3,64.7,100.1,0.1,5.297,210.8,285.5,0.0116
"2029-09-01 15:00",23.1,415.81,391.71,65.7,100.1,0.1,5.258,210.5,231.7,0.0115
"2029-09-01 16:00",22.56,318.84,388.84,67.8,100.1,0.1,5.22,210.2,155.9,0.0115
"2029-09-01 17:00",21.8,204.27,384.82,70.9,100.1,0.1,5.181,209.8,73.1,0.0115
"2029-09-01 18:00",20.84,78.81,379.78,75,100.1,0.1,5.143,209.5,41.5,0.0115
"2029-09-01 19:00",19.83,0,374.51,79.8,100.1,0.1,5.105,209.2,0,0.0115
"2029-09-01 20:00",19.16,0,371.07,83,100.1,0.1,5.067,208.9,0,0.0114
"2029-09-01 21:00",18.59,0,368.14,85.9,100.1,0.1,5.03,208.5,0,0.0114
"2029-09-01 22:00",18.1,0,365.64,88.4,100.1,0.1,4.992,208.2,0,0.0114
"2029-09-01 23:00",17.68,0,363.49,90.6,100.1,0.1,4.955,207.9,0,0.0114
"2029-09-02 00:00",17.19,0,351.96,94.1,100.2,0.1,4.409,207.5,0,0.0115
"2029-09-02 01:00",16.89,0,350.48,95.8,100.2,0.1,4.376,207.2,0,0.0114
"2029-09-02 02:00",16.64,0,349.23,97.1,100.2,0.1,4.343,206.8,0,0.0114
"2029-09-02 03:00",16.43,0,348.18,98.3,100.2,0.1,4.31,206.4,0,0.0114
"2029-09-02 04:00",16.25,0,347.3,99.2,100.2,0.1,4.278,206.1,0,0.0114
"2029-09-02 05:00",16.1,0,346.51,99.7,100.2,0.1,4.245,205.7,0,0.0113
"2029-09-02 06:00",16.44,86.65,348.15,97.7,100.2,0.2,4.213,205.3,45.4,0.0113
"2029-09-02 07:00",17.9,225.42,355.24,88.9,100.2,0.2,4.181,204.9,72,0.0113
"2029-09-02 08:00",19.27,354.81,361.99,81.5,100.2,0.2,4.149,204.5,117.1,0.0113
"2029-09-02 09:00",20.51,466.91,368.14,75.4,100.2,0.2,4.118,204.1,183.8,0.0113
"2029-09-02 10:00",21.57,554.07,373.45,70.5,100.2,0.2,4.086,203.7,234.6,0.0113
"2029-09-02 11:00",22.4,610.12,377.71,66.9,100.2,0.2,4.055,203.3,263.5,0.0112
"2029-09-02 12:00",23,626.96,380.53,63.7,100.2,0.2,4.084,203.9,274.7,0.0111
"2029-09-02 13:00",23.32,607.05,381.97,61.7,100.2,0.2,4.113,204.5,264.2,0.011
"2029-09-02 14:00",24.21,551.84,386.35,57.8,100.2,0.1,4.142,205,231.6,0.0108
"2029-09-02 15:00",23.8,465.14,383.96,58.5,100.2,0.1,4.172,205.6,177.8,0.0107
"2029-09-02 16:00",23.12,352.87,380.18,60.2,100.2,0.1,4.203,206.2,111.1,0.0106
"2029-09-02 17:00",22.18,222.53,375.13,62.9,100.2,0.1,4.233,206.7,72.1,0.0104
"2029-09-02 18:00",21.01,81.85,368.98,66.7,100.2,0.1,4.264,207.2,44.4,0.0103
"2029-09-02 19:00",19.78,0,362.55,71.1,100.2,0.1,4.296,207.8,0,0.0102
"2029-09-02 20:00",18.87,0,357.82,74.2,100.2,0.1,4.328,208.3,0,0.01
"2029-09-02 21:00",18.08,0,353.72,76.9,100.2,0.1,4.36,208.8,0,0.0099
"2029-09-02 22:00",17.39,0,350.13,79.3,100.1,0.1,4.392,209.3,0,0.0098
"2029-09-02 23:00",16.78,0,346.96,81.2,100.1,0.1,4.425,209.8,0,0.0096
"2029-09-03 00:00",15.15,0,326.46,80.6,100.2,0.1,5.195,210.3,0,0.0086
"2029-09-03 01:00",14.89,0,325.05,80.8,100.2,0.1,5.234,210.8,0,0.0085
"2029-09-03 02:00",14.67,0,323.82,80.7,100.2,0.1,5.274,211.3,0,0.0084
"2029-09-03 03:00",14.49,0,322.76,80.5,100.1,0.1,5.314,211.8,0,0.0082
"2029-09-03 04:00",14.33,0,321.83,80.1,100.1,0.1,5.354,212.2,0,0.0081
"2029-09-03 05:00",14.2,0,321,79.6,100.1,0.1,5.394,212.7,0,0.008
"2029-09-03 06:00",14.48,85.7,321.98,77,100.1,0.1,5.435,213.1,45.8,0.0079
"2029-09-03 07:00",15.8,227.71,327.72,69.6,100.1,0,5.476,213.6,73.3,0.0078
"2029-09-03 08:00",17.05,358.18,333.15,63.3,100.1,0,5.517,214,109.3,0.0076
"2029-09-03 09:00",18.17,469.39,338.06,58,100.1,0,5.559,214.4,174.1,0.0075
"2029-09-03 10:00",19.12,554,342.24,53.8,100.1,0,5.601,214.9,228.1,0.0074
"2029-09-03 11:00",19.88,606.35,345.5,50.5,100.1,0,5.644,215.3,261.2,0.0073
"2029-09-03 12:00",20.4,610.82,348.09,49.1,100.1,0,5.5,215.1,284.8,0.0073
"2029-09-03 13:00",20.68,579.28,349.52,48.6,100,0,5.357,215,284.7,0.0074
"2029-09-03 14:00",21.42,515.26,353.14,46.7,100,0,5.214,214.9,260.7,0.0074
"2029-09-03 15:00",21.03,424.36,351.38,48,100,0.1,5.071,214.7,213.6,0.0074
"2029-09-03 16:00",20.4,313.81,348.45,50.2,100,0.1,4.928,214.6,145.2,0.0075
"2029-09-03 17:00",19.53,191.78,344.44,53.3,100,0.1,4.785,214.4,70.5,0.0075
"2029-09-03 18:00",18.46,65.91,339.5,57.3,99.9,0.1,4.642,214.3,37,0.0076
"2029-09-03 19:00",17.36,0,334.5,61.7,99.9,0.1,4.498,214.1,0,0.0076
"2029-09-03 20:00",16.59,0,331.02,65.1,99.9,0.1,4.356,213.9,0,0.0077
"2029-09-03 21:00",15.91,0,328.03,68.3,99.9,0.1,4.213,213.7,0,0.0077
"2029-09-03 22:00",15.32,0,325.43,71.4,99.8,0.1,4.07,213.5,0,0.0077
"2029-09-03 23:00",14.8,0,323.16,74.2,99.8,0.1,3.927,213.2,0,0.0078
"2029-09-04 00:00",13.3,0,344.26,91.9,99.6,0.1,2.528,213,0,0.0088
"2029-09-04 01:00",13.1,0,343.39,93.6,99.6,0.1,2.433,212.7,0,0.0088
"2029-09-04 02:00",12.93,0,342.68,95.1,99.6,0.1,2.338,212.4,0,0.0089
"2029-09-04 03:00",12.79,0,342.09,96.5,99.5,0.1,2.242,212.1,0,0.0089
"2029-09-04 04:00",12.67,0,341.6,97.7,99.5,0.2,2.147,211.7,0,0.009
"2029-09-04 05:00",12.57,0,341.2,98.9,99.5,0.2,2.052,211.3,0,0.009
"2029-09-04 06:00",12.77,43.08,342.25,98.1,99.5,0.2,1.957,210.9,35.6,0.009
"2029-09-04 07:00",13.86,114.04,347.58,91.8,99.5,0.2,1.863,210.4,101,0.0091
"2029-09-04 08:00",14.87,174.3,352.63,86.4,99.4,0.2,1.768,209.9,160.7,0.0091
"2029-09-04 09:00",15.79,220.85,357.21,81.9,99.4,0.2,1.674,209.4,207.7,0.0092
"2029-09-04 10:00",16.56,251.32,361.14,78.3,99.4,0.2,1.579,208.7,239.4,0.0092
"2029-09-04 11:00",17.16,264.62,364.26,75.7,99.4,0.2,1.485,208,254.5,0.0093
"2029-09-04 12:00",17.57,284.01,366.2,73.2,99.4,0.2,1.558,209.9,270.8,0.0092
"2029-09-04 13:00",17.78,286.46,367.11,71.7,99.4,0.2,1.632,211.7,270.5,0.0091
"2029-09-04 14:00",18.25,270.53,369.34,69.1,99.4,0.2,1.707,213.3,252.3,0.0091
"2029-09-04 15:00",17.93,236.1,367.56,70,99.4,0.2,1.784,214.8,216.5,0.009
"2029-09-04 16:00",17.4,184.5,364.76,71.8,99.4,0.2,1.862,216.1,164.5,0.0089
"2029-09-04 17:00",16.68,118.39,361.02,74.6,99.5,0.2,1.94,217.4,99.5,0.0089
"2029-09-04 18:00",15.8,40.99,356.49,78.3,99.5,0.2,2.02,218.5,30.8,0.0088
"2029-09-04 19:00",14.94,0,352.12,82.1,99.5,0.1,2.1,219.6,0,0.0087
"2029-09-04 20:00",14.38,0,349.24,84.4,99.5,0.1,2.182,220.6,0,0.0086
"2029-09-04 21:00",13.89,0,346.73,86.4,99.5,0.1,2.263,221.5,0,0.0086
"2029-09-04 22:00",13.46,0,344.51,88.1,99.5,0.1,2.345,222.3,0,0.0085
"2029-09-04 23:00",13.08,0,342.55,89.6,99.6,0.1,2.428,223.1,0,0.0084
"2029-09-05 00:00",12.74,0,297.35,82.4,99.7,0.1,3.785,223.9,0,0.0076
"2029-09-05 01:00",12.4,0,295.79,83.5,99.7,0.1,3.911,224.5,0,0.0075
"2029-09-05 02:00",12.11,0,294.47,84.4,99.7,0.1,4.037,225.2,0,0.0074
"2029-09-05 03:00",11.87,0,293.35,85,99.7,0.1,4.164,225.8,0,0.0074
"2029-09-05 04:00",11.67,0,292.39,85.5,99.7,0.1,4.291,226.4,0,0.0073
"2029-09-05 05:00",11.5,0,291.57,85.7,99.7,0.1,4.419,226.9,0,0.0072
"2029-09-05 06:00",11.74,69.98,292.42,83.6,99.8,0.1,4.547,227.4,39.1,0.0072
"2029-09-05 07:00",13.42,202.67,299.26,74.2,99.8,0,4.675,227.9,67.1,0.0071
"2029-09-05 08:00",15,330.63,305.79,66.4,99.8,0,4.804,228.4,125.5,0.0071
"2029-09-05 09:00",16.42,445.79,311.76,60.1,99.8,0,4.933,228.8,189.1,0.007
"2029-09-05 10:00",17.64,539.61,316.92,55.1,99.8,0,5.062,229.2,231.5,0.0069
"2029-09-05 11:00",18.62,604.62,321.04,51.4,99.8,0,5.192,229.6,249.5,0.0069
"2029-09-05 12:00",19.31,621.34,324.19,49.5,99.9,0,5.127,229.4,260.1,0.0069
"2029-09-05 13:00",19.69,600.85,325.98,48.6,99.9,0,5.062,229.1,248.8,0.0069
"2029-09-05 14:00",20.38,544.57,329.15,46.8,99.9,0,4.997,228.9,215.7,0.007
"2029-09-05 15:00",19.98,456.36,327.46,48.2,99.9,0,4.932,228.6,162,0.007
"2029-09-05 16:00",19.27,342.22,324.39,50.7,99.9,0,4.867,228.3,101.5,0.007
"2029-09-05 17:00",18.27,209.72,320.04,54.2,100,0,4.802,228.1,70.6,0.0071
"2029-09-05 18:00",17.01,66.29,314.6,59.1,100,0,4.737,227.8,39.9,0.0071
"2029-09-05 19:00",15.71,0,309.08,64.5,100,0,4.673,227.5,0,0.0072
"2029-09-05 20:00",14.74,0,305.02,69,100,0,4.608,227.2,0,0.0072
"2029-09-05 21:00",13.9,0,301.58,73.2,100,0,4.544,226.9,0,0.0072
"2029-09-05 22:00",13.18,0,298.63,77.1,100,0,4.48,226.6,0,0.0073
"2029-09-05 23:00",12.56,0,296.1,80.8,100.1,0,4.416,226.3,0,0.0073
"2029-09-06 00:00",11.69,0,300.4,90.8,100.2,0,4.059,226,0,0.0077
"2029-09-06 01:00",11.24,0,298.6,94,100.2,0,4,225.6,0,0.0078
"2029-09-06 02:00",10.87,0,297.11,96.9,100.3,0,3.941,225.3,0,0.0078
"2029-09-06 03:00",10.56,0,295.88,99.4,100.3,0,3.882,224.9,0,0.0079
"2029-09-06 04:00",10.3,0,294.59,99.7,100.3,0,3.823,224.6,0,0.0077
"2029-09-06 05:00",10.08,0,293.48,99.7,100.3,0,3.764,224.2,0,0.0076
"2029-09-06 06:00",10.3,76.11,294.62,99.7,100.3,0,3.705,223.8,43.6,0.0077
"2029-09-06 07:00",12.39,222.65,303.91,89.9,100.4,0,3.647,223.4,73.6,0.008
"2029-09-06 08:00",14.35,356.96,312.47,79.5,100.4,0,3.589,223,100.6,0.0081
"2029-09-06 09:00",16.13,471.39,320.37,71.2,100.4,0,3.531,222.5,151.7,0.0081
"2029-09-06 10:00",17.66,558.37,327.31,65,100.4,0,3.473,222.1,201.9,0.0081
"2029-09-06 11:00",18.89,612.07,332.97,60.4,100.4,0,3.415,221.6,233.3,0.0082
"2029-09-06 12:00",19.77,609.91,337.04,57.2,100.4,0,3.319,221.8,265.8,0.0082
"2029-09-06 13:00",20.28,571.04,339.4,55.4,100.4,0.1,3.223,222,272.9,0.0082
"2029-09-06 14:00",20.26,500.25,339.31,55.5,100.4,0.1,3.127,222.2,253.7,0.0082
"2029-09-06 15:00",20.01,404.34,338.15,56.4,100.3,0.1,3.03,222.5,209.7,0.0082
"2029-09-06 16:00",19.38,291.47,335.22,58.6,100.3,0.1,2.934,222.7,143.8,0.0082
"2029-09-06 17:00",18.38,170.4,330.64,62.4,100.3,0.1,2.838,223,68,0.0082
"2029-09-06 18:00",17.05,48.64,324.64,67.9,100.3,0.1,2.743,223.3,30.5,0.0082
"2029-09-06 19:00",15.65,0,318.39,74.2,100.3,0.1,2.647,223.6,0,0.0082
"2029-09-06 20:00",14.58,0,313.71,79.5,100.2,0.2,2.551,223.9,0,0.0082
"2029-09-06 21:00",13.7,0,309.86,84.2,100.2,0.2,2.455,224.3,0,0.0082
"2029-09-06 22:00",12.96,0,306.69,88.3,100.2,0.2,2.36,224.7,0,0.0082
"2029-09-06 23:00",12.35,0,304.08,91.9,100.2,0.2,2.264,225.1,0,0.0082
"2029-09-07 00:00",11.2,0,338.12,99.2,99.9,0.2,1.339,225.5,0,0.0082
"2029-09-07 01:00",10.98,0,336.87,99.7,99.8,0.2,1.28,226,0,0.0081
"2029-09-07 02:00",10.78,0,335.75,99.7,99.8,0.3,1.222,226.6,0,0.008
"2029-09-07 03:00",10.62,0,334.8,99.7,99.8,0.3,1.163,227.2,0,0.008
"2029-09-07 04:00",10.49,0,334,99.7,99.8,0.3,1.105,227.9,0,0.0079
"2029-09-07 05:00",10.37,0,333.33,99.7,99.7,0.3,1.047,228.6,0,0.0078
"2029-09-07 06:00",10.5,21.99,334.08,99.7,99.7,0.3,0.989,229.4,21.6,0.0079
"2029-09-07 07:00",11.76,61.81,340.87,96,99.7,0.3,0.931,230.4,61.5,0.0083
"2029-09-07 08:00",12.95,91.78,346.6,88.8,99.7,0.4,0.874,231.4,91.7,0.0083
"2029-09-07 09:00",14.02,110.93,351.81,82.8,99.7,0.4,0.817,232.6,110.9,0.0083
"2029-09-07 10:00",14.92,118.98,356.27,78.1,99.6,0.4,0.76,234,119,0.0083
"2029-09-07 11:00",15.63,116.68,359.79,74.7,99.6,0.4,0.704,235.6,116.7,0.0083
"2029-09-07 12:00",16.11,133.45,362.21,72.4,99.7,0.4,0.773,234.1,133.5,0.0083
"2029-09-07 13:00",16.35,142.02,363.41,71.2,99.7,0.4,0.842,232.8,142,0.0083
"2029-09-07 14:00",16.38,140.29,363.55,71.1,99.7,0.4,0.912,231.7,140.2,0.0083
"2029-09-07 15:00",16.11,126.98,362.19,72.3,99.8,0.4,0.982,230.8,126.7,0.0083
"2029-09-07 16:00",15.6,101.79,359.63,74.6,99.8,0.3,1.052,230,101.3,0.0082
"2029-09-07 17:00",14.87,65.48,355.98,78.2,99.9,0.3,1.122,229.3,64.8,0.0082
"2029-09-07 18:00",13.94,19.27,351.41,83,99.9,0.3,1.193,228.7,18.7,0.0082
"2029-09-07 19:00",13.11,0,347.34,87.6,99.9,0.3,1.263,228.1,0,0.0082
"2029-09-07 20:00",12.58,0,344.77,90.6,100,0.3,1.334,227.6,0,0.0082
"2029-09-07 21:00",12.14,0,342.59,93.3,100,0.3,1.405,227.2,0,0.0082
"2029-09-07 22:00",11.75,0,340.76,95.6,100,0.3,1.476,226.8,0,0.0082
"2029-09-07 23:00",11.43,0,339.2,97.7,100.1,0.2,1.547,226.4,0,0.0082
"2029-09-08 00:00",11.73,0,319.03,90.9,100.5,0.2,2.864,226.1,0,0.0078
"2029-09-08 01:00",11.33,0,317.24,93.3,100.5,0.2,2.99,225.8,0,0.0077
"2029-09-08 02:00",11,0,315.74,95.4,100.6,0.2,3.116,225.5,0,0.0077
"2029-09-08 03:00",10.72,0,314.48,97.1,100.6,0.2,3.243,225.3,0,0.0077
"2029-09-08 04:00",10.48,0,313.43,98.6,100.6,0.2,3.369,225,0,0.0077
"2029-09-08 05:00",10.28,0,312.51,99.7,100.7,0.2,3.495,224.8,0,0.0077
"2029-09-08 06:00",10.39,54.82,313.03,99.1,100.7,0.2,3.621,224.6,33,0.0077
"2029-09-08 07:00",12.36,179.54,321.8,87,100.8,0.1,3.748,224.4,67.6,0.0077
"2029-09-08 08:00",14.21,302.07,330.25,77.1,100.8,0.1,3.874,224.2,139,0.0077
"2029-09-08 09:00",15.89,414.64,338.03,69.2,100.8,0.1,4,224.1,203.1,0.0077
"2029-09-08 10:00",17.32,508.53,344.81,63.1,100.9,0.1,4.127,223.9,244.7,0.0077
"2029-09-08 11:00",18.47,575.77,350.3,58.7,100.9,0.1,4.253,223.8,260.9,0.0077
"2029-09-08 12:00",19.29,583.77,354.47,56.5,100.9,0.1,4.197,223.7,278.7,0.0078
"2029-09-08 13:00",19.74,556.04,356.91,55.6,100.9,0.1,4.14,223.6,273.1,0.0079
"2029-09-08 14:00",18.4,495.39,350.6,61.1,100.8,0.1,4.083,223.6,244.4,0.008
"2029-09-08 15:00",18.42,406.77,350.9,61.8,100.8,0.1,4.026,223.5,192.8,0.0081
"2029-09-08 16:00",18.07,296.87,349.43,63.9,100.8,0.1,3.97,223.4,120.9,0.0082
"2029-09-08 17:00",17.37,173.48,346.3,67.6,100.8,0.1,3.913,223.4,60.9,0.0083
"2029-09-08 18:00",16.37,43.29,341.73,72.8,100.8,0.1,3.856,223.3,29.6,0.0084
"2029-09-08 19:00",15.39,0,337.3,78.4,100.7,0.1,3.799,223.2,0,0.0085
"2029-09-08 20:00",14.74,0,334.48,82.7,100.7,0.2,3.743,223.1,0,0.0086
"2029-09-08 21:00",14.25,0,332.39,86.3,100.7,0.2,3.686,223.1,0,0.0087
"2029-09-08 22:00",13.9,0,330.91,89.3,100.7,0.2,3.629,223,0,0.0088
"2029-09-08 23:00",13.65,0,329.94,91.8,100.7,0.2,3.573,222.9,0,0.0089
"2029-09-09 00:00",14.53,0,372.77,95.9,100.4,0.2,2.56,222.8,0,0.0098
"2029-09-09 01:00",14.22,0,371.36,98.9,100.4,0.2,2.518,222.7,0,0.0099
"2029-09-09 02:00",13.96,0,369.86,99.7,100.4,0.2,2.477,222.6,0,0.0099
"2029-09-09 03:00",13.74,0,368.46,99.7,100.4,0.2,2.436,222.5,0,0.0097
"2029-09-09 04:00",13.55,0,367.29,99.7,100.3,0.2,2.395,222.4,0,0.0096
"2029-09-09 05:00",13.4,0,366.31,99.7,100.3,0.2,2.354,222.3,0,0.0095
"2029-09-09 06:00",13.45,43.49,366.66,99.7,100.3,0.2,2.313,222.2,26.9,0.0095
"2029-09-09 07:00",15.05,140.96,376.88,99.6,100.3,0.2,2.272,222.1,93.3,0.0106
"2029-09-09 08:00",16.57,226.49,385.07,91.3,100.3,0.3,2.231,222,169.3,0.0107
"2029-09-09 09:00",17.93,295.83,392.59,84.6,100.2,0.3,2.19,221.9,234.5,0.0108
"2029-09-09 10:00",19.09,344.97,399.13,79.4,100.2,0.3,2.149,221.7,282.3,0.0109
"2029-09-09 11:00",20.02,371.29,404.41,75.7,100.2,0.3,2.108,221.6,310.2,0.011
"2029-09-09 12:00",20.67,375.74,407.91,72.4,100.2,0.3,2.204,221.2,317.6,0.0109
"2029-09-09 13:00",21.77,357.02,414,67.3,100.2,0.3,2.299,220.9,304.1,0.0109
"2029-09-09 14:00",21.67,317.08,413.32,67.3,100.2,0.3,2.395,220.6,271.2,0.0108
"2029-09-09 15:00",21.25,259.25,410.87,68.7,100.2,0.2,2.491,220.3,221.1,0.0108
"2029-09-09 16:00",20.53,187.94,406.74,71.5,100.2,0.2,2.587,220,157.7,0.0107
"2029-09-09 17:00",19.53,108.26,401.09,75.6,100.2,0.2,2.683,219.7,86.5,0.0107
"2029-09-09 18:00",18.28,24.4,394.14,81.4,100.1,0.2,2.778,219.5,20,0.0106
"2029-09-09 19:00",17.11,0,387.75,87.1,100.1,0.2,2.874,219.2,0,0.0106
"2029-09-09 20:00",16.24,0,383,91.5,100.1,0.2,2.971,219,0,0.0105
"2029-09-09 21:00",15.49,0,378.91,95.6,100.1,0.2,3.067,218.8,0,0.0104
"2029-09-09 22:00",14.83,0,375.36,99.1,100.1,0.2,3.163,218.6,0,0.0104
"2029-09-09 23:00",14.26,0,371.78,99.7,100.1,0.2,3.259,218.5,0,0.0101
"2029-09-10 00:00",13.05,0,354.27,99.7,100,0.2,4.369,218.3,0,0.0093
"2029-09-10 01:00",12.73,0,352.33,99.7,100,0.2,4.494,218.1,0,0.0091
"2029-09-10 02:00",12.46,0,350.7,99.7,100,0.2,4.62,218,0,0.009
"2029-09-10 03:00",12.24,0,349.33,99.7,100,0.1,4.745,217.9,0,0.0088
"2029-09-10 04:00",12.05,0,348.18,99.7,100,0.1,4.871,217.7,0,0.0087
"2029-09-10 05:00",11.89,0,347.21,99.7,100,0.1,4.996,217.6,0,0.0086
"2029-09-10 06:00",11.9,22.68,347.29,99.7,100,0.1,5.122,217.5,21.6,0.0086
"2029-09-10 07:00",13.56,76.86,357.25,98.7,100,0.1,5.247,217.4,74.5,0.0095
"2029-09-10 08:00",15.13,123.98,365.06,88.7,100,0.1,5.373,217.3,121.6,0.0095
"2029-09-10 09:00",16.55,161.8,372.2,80.5,100,0.1,5.499,217.2,159.6,0.0094
"2029-09-10 10:00",17.76,188.2,378.37,74.2,99.9,0.1,5.624,217.1,186.3,0.0094
"2029-09-10 11:00",18.72,201.86,383.29,69.4,99.9,0.1,5.75,217,200.4,0.0093
"2029-09-10 12:00",19.39,223.03,386.66,65.9,100,0.1,5.719,217.2,219.7,0.0092
"2029-09-10 13:00",20.26,230.17,391.11,61.9,100,0.1,5.689,217.5,224.6,0.0091
"2029-09-10 14:00",20.2,221,390.6,61.5,100,0.1,5.659,217.7,213.2,0.0091
"2029-09-10 15:00",19.81,194.44,388.34,62.4,100.1,0.1,5.629,218,184.6,0.009
"2029-09-10 16:00",19.11,150.85,384.42,64.5,100.1,0.1,5.599,218.2,139.6,0.0089
"2029-09-10 17:00",18.11,91.99,378.99,67.9,100.1,0.1,5.57,218.5,80.7,0.0088
"2029-09-10 18:00",16.86,19.68,372.29,72.8,100.1,0.1,5.54,218.8,17.8,0.0087
"2029-09-10 19:00",15.72,0,366.28,77.5,100.2,0.1,5.51,219,0,0.0086
"2029-09-10 20:00",14.88,0,361.83,80.9,100.2,0.1,5.481,219.3,0,0.0085
"2029-09-10 21:00",14.16,0,358,83.9,100.2,0,5.452,219.6,0,0.0084
"2029-09-10 22:00",13.53,0,354.7,86.4,100.3,0,5.423,219.8,0,0.0083
"2029-09-10 23:00",12.99,0,351.83,88.6,100.3,0,5.394,220.1,0,0.0082
"2029-09-11 00:00",12.34,0,277.4,86.7,100.4,0,5.031,220.4,0,0.0077
"2029-09-11 01:00",11.96,0,275.75,87.9,100.5,0,5.004,220.7,0,0.0076
"2029-09-11 02:00",11.63,0,274.34,88.8,100.5,0,4.977,221,0,0.0075
"2029-09-11 03:00",11.36,0,273.14,89.4,100.5,0,4.951,221.3,0,0.0074
"2029-09-11 04:00",11.13,0,272.1,89.7,100.6,0,4.924,221.6,0,0.0074
"2029-09-11 05:00",10.94,0,271.21,89.8,100.6,0,4.898,221.9,0,0.0073
"2029-09-11 06:00",10.89,53.65,270.84,89.1,100.6,0,4.871,222.2,35.2,0.0072
"2029-09-11 07:00",12.81,201.88,278.09,77.6,100.6,0,4.845,222.5,70,0.0071
"2029-09-11 08:00",14.62,345.56,285.06,68.1,100.7,0,4.819,222.8,91.8,0.007
"2029-09-11 09:00",16.27,476.14,291.47,60.5,100.7,0,4.793,223.1,122.5,0.0069
"2029-09-11 10:00",17.68,583.64,297.03,54.7,100.7,0,4.768,223.4,143.1,0.0068
"2029-09-11 11:00",18.81,659.06,301.49,50.3,100.8,0,4.742,223.7,150.2,0.0067
"2029-09-11 12:00",19.62,675.52,304.8,47.7,100.8,0,4.697,223.9,155.7,0.0067
"2029-09-11 13:00",20.77,649.6,309.6,44.3,100.8,0,4.652,224.1,150.1,0.0067
"2029-09-11 14:00",20.72,583.25,309.35,44.4,100.8,0,4.607,224.3,134.5,0.0067
"2029-09-11 15:00",20.3,481.12,307.54,45.5,100.8,0,4.562,224.5,111.2,0.0067
"2029-09-11 16:00",19.51,350.25,304.21,47.6,100.9,0,4.517,224.8,95.5,0.0067
"2029-09-11 17:00",18.39,199.3,299.52,51,100.9,0,4.472,225,73.4,0.0066
"2029-09-11 18:00",16.96,34.92,293.65,55.6,100.9,0,4.427,225.2,27.9,0.0066
"2029-09-11 19:00",15.61,0,288.21,60.5,100.9,0,4.382,225.4,0,0.0066
"2029-09-11 20:00",14.56,0,283.99,64.6,100.9,0,4.337,225.6,0,0.0066
"2029-09-11 21:00",13.66,0,280.4,68.3,101,0,4.292,225.9,0,0.0066
"2029-09-11 22:00",12.88,0,277.32,71.7,101,0,4.248,226.1,0,0.0066
"2029-09-11 23:00",12.2,0,274.67,74.8,101,0,4.203,226.4,0,0.0065
"2029-09-12 00:00",11.21,0,277.42,81.6,101,0,4.022,226.6,0,0.0067
"2029-09-12 01:00",10.77,0,275.67,83.9,101,0,3.979,226.9,0,0.0067
"2029-09-12 02:00",10.4,0,274.2,85.8,101,0,3.936,227.1,0,0.0067
"2029-09-12 03:00",10.09,0,272.96,87.4,101.1,0,3.894,227.4,0,0.0066
"2029-09-12 04:00",9.83,0,271.92,88.7,101.1,0,3.851,227.7,0,0.0066
"2029-09-12 05:00",9.61,0,271.05,89.8,101.1,0,3.808,228,0,0.0066
"2029-09-12 06:00",9.48,54.07,270.52,90.4,101.1,0,3.766,228.3,36.6,0.0066
"2029-09-12 07:00",11.66,208.63,278.94,78,101.2,0,3.724,228.5,73.1,0.0066
"2029-09-12 08:00",13.72,348.54,287.08,68,101.2,0,3.681,228.8,92.7,0.0066
"2029-09-12 09:00",15.58,466.75,294.61,60.1,101.2,0,3.639,229.2,123.5,0.0065
"2029-09-12 10:00",17.19,555.61,301.2,54.2,101.2,0,3.597,229.5,162,0.0065
"2029-09-12 11:00",18.48,609.27,306.57,49.8,101.2,0,3.555,229.8,190.2,0.0065
"2029-09-12 12:00",19.4,621.31,310.47,47,101.2,0,3.538,229.9,204.1,0.0065
"2029-09-12 13:00",19.77,594.09,312,45.9,101.3,0,3.522,230,197.9,0.0065
"2029-09-12 14:00",19.9,530,312.58,45.5,101.3,0,3.505,230.1,171.1,0.0065
"2029-09-12 15:00",19.62,433.87,311.35,46.3,101.3,0,3.489,230.2,127.6,0.0065
"2029-09-12 16:00",18.92,312.6,308.38,48.3,101.3,0,3.472,230.3,86.6,0.0065
"2029-09-12 17:00",17.84,174.42,303.83,51.7,101.3,0,3.456,230.4,65.3,0.0065
"2029-09-12 18:00",16.41,25.26,297.9,56.6,101.4,0,3.439,230.5,21.5,0.0065
"2029-09-12 19:00",15.08,0,292.43,61.6,101.4,0,3.423,230.6,0,0.0065
"2029-09-12 20:00",14.05,0,288.26,65.8,101.4,0,3.406,230.7,0,0.0065
"2029-09-12 21:00",13.19,0,284.82,69.5,101.4,0,3.39,230.8,0,0.0065
"2029-09-12 22:00",12.48,0,281.97,72.8,101.4,0,3.373,230.9,0,0.0065
"2029-09-12 23:00",11.88,0,279.61,75.7,101.4,0,3.357,231,0,0.0065
"2029-09-13 00:00",11.32,0,299.99,75.4,101.6,0,3.386,231.1,0,0.0062
"2029-09-13 01:00",10.94,0,298.4,77.3,101.6,0,3.369,231.2,0,0.0062
"2029-09-13 02:00",10.62,0,297.07,78.9,101.6,0,3.352,231.3,0,0.0062
"2029-09-13 03:00",10.36,0,295.94,80.2,101.6,0,3.336,231.5,0,0.0062
"2029-09-13 04:00",10.13,0,294.99,81.4,101.6,0,3.319,231.6,0,0.0062
"2029-09-13 05:00",9.94,0,294.19,82.4,101.6,0,3.303,231.7,0,0.0062
"2029-09-13 06:00",9.79,43.41,293.54,83.2,101.7,0,3.286,231.8,30.4,0.0062
"2029-09-13 07:00",11.76,177.67,301.84,72.9,101.7,0,3.27,231.9,63,0.0062
"2029-09-13 08:00",13.63,297.4,309.84,64.5,101.7,0,3.253,232,112.2,0.0062
"2029-09-13 09:00",15.32,396.98,317.21,57.8,101.7,0,3.237,232.2,190,0.0062
"2029-09-13 10:00",16.77,470.21,323.63,52.7,101.7,0,3.22,232.3,248,0.0061
"2029-09-13 11:00",17.92,512.61,328.79,48.9,101.8,0,3.204,232.4,282.4,0.0061
"2029-09-13 12:00",18.73,513.21,332.75,47.3,101.7,0,3.192,231.7,297.3,0.0063
"2029-09-13 13:00",18.63,481.21,332.6,48.4,101.7,0,3.181,231,288.1,0.0064
"2029-09-13 14:00",18.78,420.41,333.56,48.8,101.7,0,3.17,230.3,257,0.0065
"2029-09-13 15:00",18.54,336.4,332.73,50.4,101.7,0,3.159,229.6,206.6,0.0066
"2029-09-13 16:00",17.92,236.08,330.17,53.2,101.7,0,3.149,228.9,138.5,0.0067
"2029-09-13 17:00",16.95,126.96,326.05,57.5,101.6,0.1,3.14,228.2,58.5,0.0068
"2029-09-13 18:00",15.67,14.08,320.58,63.3,101.6,0.1,3.131,227.5,12.8,0.0069
"2029-09-13 19:00",14.6,0,316.1,68.9,101.6,0.1,3.123,226.8,0,0.007
"2029-09-13 20:00",13.82,0,312.93,73.6,101.6,0.1,3.115,226.1,0,0.0071
"2029-09-13 21:00",13.18,0,310.37,77.9,101.6,0.1,3.107,225.4,0,0.0072
"2029-09-13 22:00",12.66,0,308.32,81.8,101.5,0.1,3.1,224.6,0,0.0073
"2029-09-13 23:00",12.23,0,306.7,85.3,101.5,0.1,3.094,223.9,0,0.0074
"2029-09-14 00:00",12.24,0,360.55,93.3,101.4,0.1,3.036,223.2,0,0.0082
"2029-09-14 01:00",11.9,0,359.05,96.8,101.4,0.1,3.031,222.4,0,0.0083
"2029-09-14 02:00",11.6,0,357.72,99.5,101.3,0.1,3.026,221.7,0,0.0083
"2029-09-14 03:00",11.36,0,356.22,99.7,101.3,0.1,3.022,221,0,0.0082
"2029-09-14 04:00",11.15,0,354.92,99.7,101.3,0.1,3.018,220.2,0,0.0081
"2029-09-14 05:00",10.97,0,353.82,99.7,101.3,0.2,3.014,219.5,0,0.008
"2029-09-14 06:00",10.78,18.02,352.64,99.7,101.3,0.2,3.012,218.7,16.9,0.0079
"2029-09-14 07:00",12.66,76.14,364.33,99.4,101.2,0.2,3.009,218,72.5,0.0089
"2029-09-14 08:00",14.44,123.04,373.83,89.9,101.2,0.2,3.007,217.2,119.8,0.0091
"2029-09-14 09:00",16.05,157.28,382.55,82.1,101.2,0.2,3.006,216.5,154.9,0.0092
"2029-09-14 10:00",17.43,177.54,390.15,76.2,101.2,0.2,3.005,215.8,176.2,0.0093
"2029-09-14 11:00",18.52,183.66,396.3,72,101.2,0.2,3.005,215,182.8,0.0094
"2029-09-14 12:00",19.28,190.22,400.63,69.3,101.1,0.2,3.023,215.3,189.3,0.0095
"2029-09-14 13:00",17.39,184.53,390.51,78.6,101.1,0.2,3.04,215.5,183.6,0.0096
"2029-09-14 14:00",17.86,166.77,393.18,77,101.1,0.2,3.058,215.7,165.8,0.0097
"2029-09-14 15:00",17.94,137.96,393.82,77.2,101.1,0.2,3.076,216,137,0.0098
"2029-09-14 16:00",17.67,99.88,392.5,79.2,101.1,0.2,3.094,216.2,99,0.0099
"2029-09-14 17:00",17.06,54.88,389.37,83,101.1,0.2,3.112,216.5,54,0.0099
"2029-09-14 18:00",16.16,4.51,384.69,88.6,101,0.2,3.13,216.7,4.5,0.01
"2029-09-14 19:00",15.53,0,381.48,92.9,101,0.1,3.148,216.9,0,0.0101
"2029-09-14 20:00",15.16,0,379.68,95.9,101,0.1,3.166,217.1,0,0.0102
"2029-09-14 21:00",14.92,0,378.55,98.2,101,0.1,3.184,217.4,0,0.0103
"2029-09-14 22:00",14.78,0,377.94,99.7,101,0.1,3.202,217.6,0,0.0103
"2029-09-14 23:00",14.73,0,377.63,99.7,100.9,0.1,3.22,217.8,0,0.0103
"2029-09-15 00:00",16.2,0,384.41,96.7,100.8,0.1,3.501,218,0,0.011
"2029-09-15 01:00",16.01,0,383.5,98.6,100.8,0.1,3.521,218.2,0,0.0111
"2029-09-15 02:00",15.84,0,382.61,99.7,100.8,0.1,3.541,218.5,0,0.0111
"2029-09-15 03:00",15.7,0,381.69,99.7,100.8,0.1,3.56,218.7,0,0.011
"2029-09-15 04:00",15.58,0,380.91,99.7,100.8,0.1,3.58,218.9,0,0.0109
"2029-09-15 05:00",15.48,0,380.24,99.7,100.7,0.1,3.6,219.1,0,0.0108
"2029-09-15 06:00",15.34,13.88,379.34,99.7,100.7,0.1,3.62,219.3,13.4,0.0107
"2029-09-15 07:00",16.48,67.45,386.85,99.7,100.7,0,3.641,219.5,65.6,0.0115
"2029-09-15 08:00",17.57,116.66,392.89,94,100.7,0,3.661,219.7,114.3,0.0117
"2029-09-15 09:00",18.54,159.16,398.36,89.1,100.7,0,3.681,219.9,156.3,0.0118
"2029-09-15 10:00",19.37,192.01,403.07,85.2,100.7,0,3.701,220.1,188.7,0.0118
"2029-09-15 11:00",20.02,212.85,406.82,82.4,100.6,0,3.722,220.3,209.1,0.0119
"2029-09-15 12:00",20.47,232.49,409.11,79.4,100.7,0,3.675,220.6,226.4,0.0118
"2029-09-15 13:00",22.14,236.87,418.34,71,100.7,0,3.628,221,228.3,0.0117
"2029-09-15 14:00",21.85,223.97,416.49,71.6,100.7,0,3.581,221.4,213.1,0.0116
"2029-09-15 15:00",21.32,193.05,413.33,73.2,100.7,0,3.535,221.8,180.3,0.0115
"2029-09-15 16:00",20.58,144.82,408.95,75.9,100.7,0,3.489,222.1,131.1,0.0114
"2029-09-15 17:00",19.63,81.34,403.47,79.7,100.7,0,3.443,222.6,68.6,0.0112
"2029-09-15 18:00",18.51,4.19,397.08,84.6,100.7,0,3.397,223,4.1,0.0111
"2029-09-15 19:00",17.63,0,392.1,88.5,100.7,0,3.351,223.4,0,0.011
"2029-09-15 20:00",16.9,0,388,91.7,100.8,0,3.305,223.8,0,0.0109
"2029-09-15 21:00",16.25,0,384.29,94.7,100.8,0,3.26,224.3,0,0.0108
"2029-09-15 22:00",15.65,0,380.91,97.3,100.8,0,3.215,224.8,0,0.0107
"2029-09-15 23:00",15.1,0,377.78,99.7,100.8,0,3.17,225.3,0,0.0106
"2029-09-16 00:00",13.12,0,319.09,99.7,100.9,0,3.441,225.7,0,0.0093
"2029-09-16 01:00",12.71,0,316.8,99.7,100.9,0,3.393,226.3,0,0.009
"2029-09-16 02:00",12.36,0,314.89,99.7,100.9,0,3.344,226.8,0,0.0088
"2029-09-16 03:00",12.06,0,313.28,99.7,100.9,0,3.296,227.3,0,0.0087
"2029-09-16 04:00",11.82,0,311.94,99.7,100.9,0,3.247,227.9,0,0.0085
"2029-09-16 05:00",11.61,0,310.81,99.7,100.9,0,3.2,228.5,0,0.0084
"2029-09-16 06:00",11.25,31.56,308.88,99.7,100.9,0,3.152,229,24.6,0.0082
"2029-09-16 07:00",13.35,172.27,319.09,92.1,101,0,3.105,229.7,63.1,0.0087
"2029-09-16 08:00",15.35,306.82,327.92,80,101,0,3.059,230.3,91.8,0.0086
"2029-09-16 09:00",17.17,428.15,336.08,70.5,101,0,3.012,230.9,133.9,0.0085
"2029-09-16 10:00",18.73,527.08,343.2,63.1,101,0,2.966,231.6,165.8,0.0084
"2029-09-16 11:00",19.99,595.35,348.95,57.7,101,0,2.921,232.3,175.8,0.0083
"2029-09-16 12:00",20.89,613.07,353.22,54.4,101,0,2.753,232.5,180.8,0.0083
"2029-09-16 13:00",22.03,590.69,358.7,50.6,101.1,0,2.586,232.6,167.6,0.0083
"2029-09-16 14:00",22,529.47,358.54,50.6,101.1,0,2.419,232.8,139.8,0.0082
"2029-09-16 15:00",21.57,433.3,356.38,51.8,101.1,0,2.251,233.1,107.5,0.0082
"2029-09-16 16:00",20.73,308.45,352.29,54.4,101.1,0,2.084,233.3,88.4,0.0082
"2029-09-16 17:00",19.52,162.79,346.45,58.5,101.1,0,1.917,233.6,65.7,0.0082
"2029-09-16 18:00",17.97,3.47,339.13,64.3,101.2,0,1.75,234,3.5,0.0081
"2029-09-16 19:00",16.62,0,332.83,69.9,101.2,0,1.583,234.5,0,0.0081
"2029-09-16 20:00",15.51,0,327.72,74.8,101.2,0,1.416,235,0,0.0081
"2029-09-16 21:00",14.56,0,323.37,79.4,101.2,0,1.249,235.7,0,0.0081
"2029-09-16 22:00",13.74,0,319.65,83.5,101.3,0,1.083,236.6,0,0.0081
"2029-09-16 23:00",13.03,0,316.45,87.3,101.3,0,0.917,237.9,0,0.008
"2029-09-17 00:00",12.06,0,287.22,92.4,101.4,0,1.291,239.8,0,0.008
"2029-09-17 01:00",11.59,0,285.3,95.1,101.4,0,1.083,242.7,0,0.008
"2029-09-17 02:00",11.19,0,283.68,97.4,101.4,0,0.786,247.9,0,0.0079
"2029-09-17 03:00",10.86,0,282.3,99.1,101.5,0,0.473,259.1,0,0.0079
"2029-09-17 04:00",10.58,0,281.01,99.7,101.5,0,0.31,293.2,0,0.0078
"2029-09-17 05:00",10.35,0,279.86,99.7,101.5,0,0.317,357.5,0,0.0077
"2029-09-17 06:00",9.88,33.72,277.57,99.7,101.5,0,0.547,23.7,27.4,0.0074
"2029-09-17 07:00",12.23,200.49,287.67,89.8,101.6,0,0.829,33,74.3,0.0078
"2029-09-17 08:00",14.46,351.62,296.76,77.5,101.6,0,1.123,37.5,96.7,0.0078
"2029-09-17 09:00",16.49,480.59,305.22,67.8,101.6,0,1.421,40.1,111.9,0.0078
"2029-09-17 10:00",18.25,578.81,312.67,60.6,101.6,0,1.721,41.8,125.1,0.0078
"2029-09-17 11:00",19.66,639.47,318.74,55.3,101.6,0,2.022,43,137.5,0.0077
"2029-09-17 12:00",20.67,650.25,323.33,52.4,101.6,0,1.712,44.4,145.4,0.0078
"2029-09-17 13:00",20.91,618.24,324.5,52.1,101.6,0,1.404,46.6,141.5,0.0079
"2029-09-17 14:00",21.1,546.39,325.49,51.9,101.6,0,1.099,49.9,125.8,0.0079
"2029-09-17 15:00",20.83,440.24,324.43,53.2,101.6,0,0.801,55.8,105.7,0.008
"2029-09-17 16:00",20.11,307.51,321.39,56,101.6,0,0.521,68.3,89,0.0081
"2029-09-17 17:00",18.98,157.19,316.55,60.6,101.6,0,0.321,102.6,64.7,0.0081
"2029-09-17 18:00",17.47,0.49,310.16,67.1,101.6,0,0.359,159.7,0.5,0.0082
"2029-09-17 19:00",16.17,0,304.77,73.5,101.6,0,0.593,185.9,0,0.0083
"2029-09-17 20:00",15.12,0,300.49,79.2,101.6,0,0.838,195.9,0,0.0083
"2029-09-17 21:00",14.26,0,297,84.4,101.6,0,1.128,200.9,0,0.0084
"2029-09-17 22:00",13.54,0,294.14,89.1,101.6,0,1.424,203.8,0,0.0085
"2029-09-17 23:00",12.94,0,291.81,93.3,101.6,0,1.695,205.8,0,0.0085
"2029-09-18 00:00",13.11,0,336.87,99.6,101.5,0,1.12,207.2,0,0.0092
"2029-09-18 01:00",12.58,0,333.84,99.7,101.5,0,1.286,208.2,0,0.0089
"2029-09-18 02:00",12.14,0,331.28,99.7,101.5,0,1.452,208.9,0,0.0087
"2029-09-18 03:00",11.77,0,329.15,99.7,101.5,0,1.619,209.5,0,0.0084
"2029-09-18 04:00",11.45,0,327.36,99.7,101.5,0,1.786,210,0,0.0083
"2029-09-18 05:00",11.19,0,325.87,99.7,101.5,0,1.953,210.5,0,0.0081
"2029-09-18 06:00",10.59,23.51,322.46,99.7,101.5,0,2.12,210.8,19.9,0.0078
"2029-09-18 07:00",13.18,157.16,337.31,99.7,101.5,0,2.287,211.1,59,0.0093
"2029-09-18 08:00",15.65,274.35,350.03,89.5,101.5,0,2.454,211.4,105.4,0.0098
"2029-09-18 09:00",17.9,370.8,361.23,78.2,101.5,0,2.621,211.6,183.9,0.0098
"2029-09-18 10:00",19.84,440.72,371.17,69.7,101.5,0,2.789,211.8,241.7,0.0099
"2029-09-18 11:00",21.42,480.03,379.37,63.7,101.4,0,2.956,212,275.3,0.01
"2029-09-18 12:00",22.56,494.51,385.22,59.2,101.4,0,2.99,212.9,283,0.0099
"2029-09-18 13:00",21.94,476.09,381.89,61.2,101.4,0,3.026,213.7,268.2,0.0099
"2029-09-18 14:00",22.36,425.74,383.99,59.3,101.4,0,3.062,214.6,230.7,0.0098
"2029-09-18 15:00",22.27,346.63,383.45,59.4,101.4,0,3.099,215.5,169.9,0.0098
"2029-09-18 16:00",21.69,243.85,380.35,61.2,101.4,0,3.136,216.3,91.5,0.0097
"2029-09-18 17:00",20.65,123.8,374.89,65,101.4,0,3.174,217.1,52.1,0.0097
"2029-09-18 18:00",19.19,0,367.4,70.8,101.4,0,3.213,217.9,0,0.0097
"2029-09-18 19:00",17.92,0,360.96,76.3,101.4,0,3.252,218.6,0,0.0096
"2029-09-18 20:00",16.92,0,355.89,80.9,101.4,0,3.292,219.4,0,0.0096
"2029-09-18 21:00",16.11,0,351.86,84.7,101.4,0,3.332,220.1,0,0.0095
"2029-09-18 22:00",15.48,0,348.68,87.8,101.4,0,3.373,220.8,0,0.0095
"2029-09-18 23:00",14.98,0,346.22,90.2,101.4,0,3.415,221.5,0,0.0094
"2029-09-19 00:00",14.91,0,340.44,86.9,101.3,0,3.358,222.2,0,0.009
"2029-09-19 01:00",14.56,0,338.73,88.5,101.3,0,3.399,222.9,0,0.009
"2029-09-19 02:00",14.27,0,337.27,89.7,101.3,0,3.441,223.5,0,0.009
"2029-09-19 03:00",14.02,0,336.03,90.7,101.3,0,3.483,224.1,0,0.0089
"2029-09-19 04:00",13.82,0,334.97,91.5,101.3,0,3.525,224.8,0,0.0089
"2029-09-19 05:00",13.64,0,334.07,92.1,101.3,0,3.568,225.4,0,0.0088
"2029-09-19 06:00",13.18,20.24,331.86,94.4,101.3,0,3.612,225.9,18,0.0088
"2029-09-19 07:00",15.03,160.85,340.44,83.4,101.3,0,3.655,226.5,61.1,0.0087
"2029-09-19 08:00",16.78,287.89,348.73,74.2,101.3,0,3.699,227.1,89.9,0.0087
"2029-09-19 09:00",18.37,396.32,356.38,66.7,101.3,0,3.744,227.6,148.8,0.0087
"2029-09-19 10:00",19.74,478.92,363.05,61,101.3,0,3.789,228.2,200.9,0.0086
"2029-09-19 11:00",20.83,529.92,368.42,56.7,101.3,0,3.834,228.7,230.8,0.0086
"2029-09-19 12:00",21.61,544.57,372.29,54,101.3,0,3.766,228.3,238.5,0.0086
"2029-09-19 13:00",23.34,522.68,381.15,48.5,101.3,0,3.698,228,222.8,0.0086
"2029-09-19 14:00",23.14,465.61,380.07,49.1,101.3,0,3.63,227.6,184.2,0.0085
"2029-09-19 15:00",22.57,377.1,377.11,50.7,101.3,0,3.563,227.2,126.8,0.0085
"2029-09-19 16:00",21.64,262.95,372.35,53.6,101.3,0,3.496,226.9,78.1,0.0085
"2029-09-19 17:00",20.38,130.33,365.99,57.9,101.3,0,3.429,226.4,56.1,0.0085
"2029-09-19 18:00",18.83,0,358.28,63.6,101.3,0,3.362,226,0,0.0085
"2029-09-19 19:00",17.6,0,352.25,68.6,101.3,0,3.295,225.6,0,0.0085
"2029-09-19 20:00",16.54,0,347.1,73.3,101.3,0,3.229,225.1,0,0.0085
"2029-09-19 21:00",15.6,0,342.59,77.7,101.3,0,3.162,224.6,0,0.0085
"2029-09-19 22:00",14.77,0,338.62,81.9,101.3,0,3.096,224.1,0,0.0084
"2029-09-19 23:00",14.03,0,335.1,85.8,101.3,0,3.031,223.6,0,0.0084
"2029-09-20 00:00",12.22,0,315.73,93.9,101.4,0,2.274,223.1,0,0.0082
"2029-09-20 01:00",11.77,0,313.71,96.6,101.5,0,2.224,222.5,0,0.0082
"2029-09-20 02:00",11.39,0,312,98.9,101.5,0,2.175,221.9,0,0.0082
"2029-09-20 03:00",11.07,0,310.37,99.7,101.5,0,2.125,221.3,0,0.0081
"2029-09-20 04:00",10.79,0,308.9,99.7,101.5,0,2.076,220.6,0,0.0079
"2029-09-20 05:00",10.56,0,307.67,99.7,101.5,0,2.027,219.9,0,0.0078
"2029-09-20 06:00",9.9,17.32,304.13,99.7,101.5,0,1.979,219.2,16.3,0.0075
"2029-09-20 07:00",12.27,168.83,315.81,92.7,101.5,0,1.93,218.5,65,0.0081
"2029-09-20 08:00",14.53,304.72,325.91,79.9,101.5,0,1.882,217.7,85.6,0.0081
"2029-09-20 09:00",16.58,420.06,335.32,70,101.5,0,1.835,216.8,118.4,0.0081
"2029-09-20 10:00",18.35,507.28,343.59,62.5,101.5,0,1.788,215.9,158.7,0.0081
"2029-09-20 11:00",19.77,560.42,350.32,57.1,101.5,0,1.741,215,185.4,0.0081
"2029-09-20 12:00",20.78,567.17,355.38,54.2,101.5,0,1.801,215.2,202.7,0.0082
"2029-09-20 13:00",19.37,535.68,348.77,59.8,101.5,0,1.861,215.4,198.1,0.0082
"2029-09-20 14:00",19.86,469.1,351.31,58.5,101.5,0,1.921,215.5,170.4,0.0083
"2029-09-20 15:00",19.88,372.84,351.58,59,101.5,0,1.981,215.7,122.5,0.0084
"2029-09-20 16:00",19.45,254.14,349.65,61.3,101.4,0,2.041,215.8,76.7,0.0085
"2029-09-20 17:00",18.58,121.11,345.71,65.3,101.4,0,2.101,216,53.3,0.0086
"2029-09-20 18:00",17.35,0,340.02,71.2,101.4,0,2.161,216.1,0,0.0087
"2029-09-20 19:00",16.49,0,336.16,75.9,101.4,0,2.221,216.2,0,0.0087
"2029-09-20 20:00",15.82,0,333.25,80,101.4,0,2.282,216.3,0,0.0088
"2029-09-20 21:00",15.33,0,331.11,83.3,101.4,0,2.342,216.4,0,0.0089
"2029-09-20 22:00",14.97,0,329.61,86.1,101.3,0,2.402,216.5,0,0.009
"2029-09-20 23:00",14.73,0,328.66,88.2,101.3,0,2.462,216.6,0,0.0091
"2029-09-21 00:00",15.36,0,364.15,92.3,101.2,0,3.436,216.7,0,0.0099
"2029-09-21 01:00",15.12,0,363.11,94.6,101.2,0,3.518,216.8,0,0.01
"2029-09-21 02:00",14.92,0,362.25,96.7,101.1,0,3.6,216.9,0,0.0101
"2029-09-21 03:00",14.75,0,361.53,98.7,101.1,0,3.682,217,0,0.0102
"2029-09-21 04:00",14.6,0,360.77,99.5,101.1,0,3.764,217.1,0,0.0102
"2029-09-21 05:00",14.47,0,360.03,99.7,101.1,0,3.847,217.1,0,0.0101
"2029-09-21 06:00",14.06,9.65,357.47,99.7,101.1,0,3.929,217.2,9.4,0.0098
"2029-09-21 07:00",15.54,117.62,366.17,97,101.1,0,4.011,217.3,58.5,0.0105
"2029-09-21 08:00",16.94,210.38,373.54,89.5,101,0,4.093,217.4,138.9,0.0106
"2029-09-21 09:00",18.21,285.2,380.29,83.3,101,0,4.175,217.4,205.5,0.0107
"2029-09-21 10:00",19.29,337.88,386.13,78.5,101,0,4.257,217.5,255.6,0.0108
"2029-09-21 11:00",20.13,365.72,390.76,75.1,101,0,4.339,217.5,284.9,0.0109
"2029-09-21 12:00",20.69,375.27,393.79,72.5,101,0,4.238,217.5,292.9,0.0109
"2029-09-21 13:00",21.02,359.2,395.54,71.1,101,0,4.137,217.5,279,0.0109
"2029-09-21 14:00",20.97,318.57,395.26,71.3,101,0,4.036,217.5,243.9,0.0109
"2029-09-21 15:00",20.61,256.08,393.33,72.8,101,0,3.935,217.4,189.8,0.0109
"2029-09-21 16:00",19.96,175.89,389.84,75.8,101,0,3.834,217.4,121.1,0.0109
"2029-09-21 17:00",19.05,82.99,384.97,80.2,101,0,3.733,217.4,44.8,0.0109
"2029-09-21 18:00",17.92,0,379.07,86,101,0,3.632,217.4,0,0.0109
"2029-09-21 19:00",17.3,0,375.81,89.4,101,0,3.531,217.3,0,0.0109
"2029-09-21 20:00",16.77,0,373.04,92.5,101.1,0,3.43,217.3,0,0.0109
"2029-09-21 21:00",16.31,0,370.67,95.2,101.1,0,3.329,217.3,0,0.0109
"2029-09-21 22:00",15.92,0,368.65,97.6,101.1,0,3.228,217.2,0,0.0109
"2029-09-21 23:00",15.58,0,366.9,99.5,101.1,0,3.127,217.2,0,0.0108
"2029-09-22 00:00",15.21,0,356.12,98.8,101.2,0,2.264,217.1,0,0.0105
"2029-09-22 01:00",14.98,0,354.89,99.6,101.2,0,2.188,217.1,0,0.0104
"2029-09-22 02:00",14.79,0,353.74,99.7,101.2,0,2.113,217,0,0.0103
"2029-09-22 03:00",14.62,0,352.75,99.7,101.2,0,2.037,217,0,0.0102
"2029-09-22 04:00",14.48,0,351.9,99.7,101.2,0,1.962,216.9,0,0.0101
"2029-09-22 05:00",14.36,0,351.17,99.7,101.2,0,1.886,216.9,0,0.01
"2029-09-22 06:00",13.93,6.17,348.54,99.7,101.2,0,1.811,216.8,6.1,0.0098
"2029-09-22 07:00",15.35,106.08,356.81,97.7,101.2,0,1.735,216.7,64,0.0105
"2029-09-22 08:00",16.71,195.55,363.56,89.6,101.2,0,1.66,216.7,138.9,0.0105
"2029-09-22 09:00",17.93,271.19,369.74,82.9,101.2,0,1.584,216.6,204,0.0105
"2029-09-22 10:00",18.96,328.08,375.05,77.6,101.2,0,1.509,216.5,253,0.0105
"2029-09-22 11:00",19.77,362.4,379.22,73.8,101.2,0,1.433,216.4,282.2,0.0105
"2029-09-22 12:00",20.57,379.23,383.41,70.4,101.2,0,1.442,216.1,290.3,0.0105
"2029-09-22 13:00",20.78,369.8,384.55,69.5,101.2,0,1.451,215.7,275.9,0.0105
"2029-09-22 14:00",20.69,333.7,384.13,70,101.2,0,1.46,215.4,239.5,0.0105
"2029-09-22 15:00",20.31,272.39,382.14,71.8,101.2,0,1.469,215.1,183.1,0.0105
"2029-09-22 16:00",19.65,189.15,378.7,74.9,101.3,0,1.478,214.8,111.9,0.0105
"2029-09-22 17:00",18.72,88.46,373.97,79.5,101.3,0,1.488,214.5,40.9,0.0105
"2029-09-22 18:00",17.63,0,368.39,85.2,101.3,0,1.497,214.2,0,0.0106
"2029-09-22 19:00",17.01,0,365.27,88.8,101.3,0,1.506,213.9,0,0.0106
"2029-09-22 20:00",16.47,0,362.59,92,101.3,0,1.515,213.6,0,0.0106
"2029-09-22 21:00",16.01,0,360.29,94.9,101.3,0,1.525,213.3,0,0.0106
"2029-09-22 22:00",15.6,0,358.3,97.5,101.3,0,1.534,213,0,0.0106
"2029-09-22 23:00",15.25,0,356.55,99.7,101.3,0,1.543,212.8,0,0.0106
"2029-09-23 00:00",15.42,0,335.38,98.2,101.4,0,2.099,212.5,0,0.0106
"2029-09-23 01:00",15.07,0,333.63,99.7,101.4,0,2.112,212.2,0,0.0105
"2029-09-23 02:00",14.77,0,331.94,99.7,101.4,0,2.125,211.9,0,0.0103
"2029-09-23 03:00",14.52,0,330.51,99.7,101.4,0,2.138,211.7,0,0.0101
"2029-09-23 04:00",14.3,0,329.29,99.7,101.4,0,2.151,211.4,0,0.01
"2029-09-23 05:00",14.12,0,328.26,99.7,101.4,0,2.164,211.1,0,0.0099
"2029-09-23 06:00",13.42,5.55,324.28,99.7,101.4,0,2.177,210.9,5.4,0.0094
"2029-09-23 07:00",15.47,152.49,335.77,98.9,101.4,0,2.19,210.6,61.1,0.0107
"2029-09-23 08:00",17.42,288.41,345,87.4,101.4,0,2.203,210.4,82.9,0.0107
"2029-09-23 09:00",19.19,406.94,353.53,78.4,101.4,0,2.217,210.1,113.4,0.0107
"2029-09-23 10:00",20.7,499.73,360.96,71.4,101.4,0,2.23,209.9,145.2,0.0107
"2029-09-23 11:00",21.89,559.63,366.9,66.5,101.4,0,2.243,209.6,161.9,0.0107
"2029-09-23 12:00",21.27,574.13,363.87,69.3,101.4,0,2.148,207.9,167.8,0.0108
"2029-09-23 13:00",21.94,548.74,367.24,66.7,101.4,0,2.056,206,155.5,0.0108
"2029-09-23 14:00",22.18,485.1,368.51,66,101.3,0,1.965,204,128.8,0.0108
"2029-09-23 15:00",22,387.44,367.68,66.9,101.3,0,1.877,201.7,98.6,0.0109
"2029-09-23 16:00",21.42,262.21,364.83,69.6,101.3,0,1.822,199.3,81.3,0.0109
"2029-09-23 17:00",20.46,117.06,360.17,74,101.3,0,1.74,196.6,55.6,0.0109
"2029-09-23 18:00",19.27,0,354.36,80,101.2,0,1.662,193.6,0,0.011
"2029-09-23 19:00",18.59,0,351.15,83.7,101.2,0,1.589,190.3,0,0.011
"2029-09-23 20:00",18.06,0,348.63,86.8,101.2,0,1.521,186.8,0,0.0111
"2029-09-23 21:00",17.64,0,346.67,89.4,101.1,0,1.46,182.9,0,0.0111
"2029-09-23 22:00",17.32,0,345.2,91.5,101.1,0,1.407,178.8,0,0.0111
"2029-09-23 23:00",17.08,0,344.13,93.2,101.1,0,1.361,174.3,0,0.0112
"2029-09-24 00:00",17.94,0,343.35,92.2,101,0,1.183,169.5,0,0.0117
"2029-09-24 01:00",17.59,0,341.78,94.5,100.9,0,1.159,164.5,0,0.0117
"2029-09-24 02:00",17.3,0,340.47,96.5,100.9,0,1.205,159.3,0,0.0118
"2029-09-24 03:00",17.06,0,339.37,98.3,100.9,0,1.199,154,0,0.0118
"2029-09-24 04:00",16.85,0,338.38,99.6,100.9,0,1.204,148.7,0,0.0118
"2029-09-24 05:00",16.68,0,337.4,99.7,100.8,0,1.219,143.5,0,0.0117
"2029-09-24 06:00",15.95,3.12,333.27,99.8,100.8,0,1.244,138.5,3.1,0.0112
"2029-09-24 07:00",17.83,166.36,343.22,94.8,100.8,0,1.278,133.7,67.6,0.0119
"2029-09-24 08:00",19.63,314.22,351.85,85,100.7,0,1.32,129.1,91,0.012
"2029-09-24 09:00",21.26,439.1,359.86,77.1,100.7,0,1.37,124.9,106.3,0.012
"2029-09-24 10:00",22.67,532.92,366.88,70.9,100.7,0,1.427,121,120.5,0.0121
"2029-09-24 11:00",23.79,589.35,372.57,66.5,100.7,0,1.455,117.4,135.6,0.0121
"2029-09-24 12:00",26.46,586.22,386,56.2,100.6,0,1.413,124.5,148.9,0.012
"2029-09-24 13:00",26.57,542.39,386.4,55.3,100.6,0,1.36,132.4,153.9,0.0119
"2029-09-24 14:00",26.31,463.29,384.84,55.6,100.6,0.1,1.334,140.6,140.1,0.0118
"2029-09-24 15:00",25.66,356.55,381.32,57.2,100.6,0.1,1.337,149,107,0.0116
"2029-09-24 16:00",24.65,231.22,375.96,60.1,100.6,0.1,1.368,157.2,72.6,0.0115
"2029-09-24 17:00",23.29,96.53,368.95,64.6,100.5,0.1,1.354,164.9,47.1,0.0114
"2029-09-24 18:00",21.71,0,360.89,70.4,100.5,0.1,1.431,171.8,0,0.0113
"2029-09-24 19:00",20.46,0,354.62,75.2,100.5,0.2,1.527,178,0,0.0112
"2029-09-24 20:00",19.36,0,349.12,79.7,100.5,0.2,1.639,183.4,0,0.0111
"2029-09-24 21:00",18.37,0,344.24,83.8,100.5,0.2,1.763,188,0,0.011
"2029-09-24 22:00",17.49,0,339.9,87.7,100.4,0.2,1.897,192,0,0.0109
"2029-09-24 23:00",16.69,0,335.99,91.2,100.4,0.2,2.04,195.5,0,0.0107
"2029-09-25 00:00",13.06,0,354.69,99.7,100.2,0.3,2.654,198.5,0,0.0093
"2029-09-25 01:00",12.83,0,353.26,99.7,100.2,0.3,2.795,201.1,0,0.0092
"2029-09-25 02:00",12.63,0,352.04,99.7,100.2,0.3,2.984,203.4,0,0.009
"2029-09-25 03:00",12.46,0,351,99.7,100.2,0.3,3.178,205.4,0,0.0089
"2029-09-25 04:00",12.31,0,350.11,99.7,100.2,0.3,3.374,207.2,0,0.0089
"2029-09-25 05:00",12.19,0,349.36,99.7,100.1,0.4,3.574,208.8,0,0.0088
"2029-09-25 06:00",11.61,0.33,345.89,99.7,100.1,0.4,3.776,210.2,0.3,0.0085
"2029-09-25 07:00",13.08,54.32,354.8,99.7,100.1,0.4,3.981,211.5,52.3,0.0093
"2029-09-25 08:00",14.47,96.46,361.89,91.6,100.1,0.4,4.187,212.6,95.1,0.0094
"2029-09-25 09:00",15.74,124.87,368.09,83.4,100.1,0.4,4.394,213.7,124.2,0.0093
"2029-09-25 10:00",16.81,139.12,373.39,77,100,0.5,4.603,214.6,138.7,0.0092
"2029-09-25 11:00",17.66,139.93,377.53,72.1,100,0.5,4.813,215.5,139.8,0.0091
"2029-09-25 12:00",19.3,153.91,385.97,64.3,100.1,0.5,4.68,216.2,153.6,0.009
"2029-09-25 13:00",19.39,156.76,386.24,63.3,100.1,0.4,4.548,217,156.2,0.0089
"2029-09-25 14:00",19.17,146.8,384.88,63.5,100.1,0.4,4.417,217.8,145.9,0.0088
"2029-09-25 15:00",18.65,123.32,381.91,64.9,100.2,0.4,4.287,218.7,121.9,0.0087
"2029-09-25 16:00",17.83,86.71,377.43,67.6,100.2,0.4,4.158,219.6,84.6,0.0086
"2029-09-25 17:00",16.75,38.19,371.63,71.6,100.2,0.4,4.03,220.6,36.3,0.0085
"2029-09-25 18:00",15.55,0,365.28,76.5,100.3,0.3,3.904,221.6,0,0.0084
"2029-09-25 19:00",14.76,0,361.11,79.5,100.3,0.3,3.779,222.8,0,0.0083
"2029-09-25 20:00",14.06,0,357.41,82.3,100.3,0.3,3.655,223.9,0,0.0082
"2029-09-25 21:00",13.44,0,354.1,84.7,100.4,0.3,3.533,225.2,0,0.0081
"2029-09-25 22:00",12.88,0,351.13,86.8,100.4,0.3,3.413,226.6,0,0.008
"2029-09-25 23:00",12.38,0,348.45,88.7,100.4,0.2,3.295,228.1,0,0.0079
"2029-09-26 00:00",11.1,0,299.28,90.7,100.6,0.2,2.897,229.6,0,0.0074
"2029-09-26 01:00",10.79,0,297.79,91.5,100.7,0.2,2.794,231.3,0,0.0073
"2029-09-26 02:00",10.53,0,296.5,92,100.7,0.2,2.694,233.2,0,0.0072
"2029-09-26 03:00",10.3,0,295.38,92.2,100.8,0.2,2.596,235.1,0,0.0071
"2029-09-26 04:00",10.11,0,294.39,92.2,100.8,0.1,2.502,237.2,0,0.007
"2029-09-26 05:00",9.95,0,293.52,92.1,100.8,0.1,2.411,239.5,0,0.0069
"2029-09-26 06:00",9.16,0.01,290.07,95.8,100.9,0.1,2.325,242,0,0.0069
"2029-09-26 07:00",11,112.21,297.56,83.6,100.9,0.1,2.243,244.6,47,0.0068
"2029-09-26 08:00",12.77,223.87,304.82,73.4,100.9,0.1,2.326,247.4,108.1,0.0067
"2029-09-26 09:00",14.37,324.12,311.51,65.3,101,0,2.25,250.4,175.5,0.0066
"2029-09-26 10:00",15.74,405.32,317.29,58.9,101,0,2.18,253.7,222,0.0065
"2029-09-26 11:00",16.83,460.52,321.87,54.2,101,0,2.118,257.1,245.4,0.0064
"2029-09-26 12:00",18.1,471.35,327.59,50.1,101,0,1.931,259,253.4,0.0064
"2029-09-26 13:00",18.39,448.54,328.94,49.3,101.1,0,1.746,261.3,238,0.0064
"2029-09-26 14:00",18.3,393.7,328.55,49.7,101.1,0,1.565,264.2,199.1,0.0064
"2029-09-26 15:00",17.83,310.56,326.44,51.2,101.1,0,1.389,267.8,136.9,0.0064
"2029-09-26 16:00",16.98,204.69,322.7,54.1,101.1,0,1.22,272.5,71.1,0.0064
"2029-09-26 17:00",15.81,82.41,317.52,58.4,101.2,0,1.062,278.6,42.6,0.0065
"2029-09-26 18:00",14.48,0,311.73,63.7,101.2,0,0.976,286.7,0,0.0065
"2029-09-26 19:00",13.57,0,307.84,67.7,101.2,0,0.851,297.5,0,0.0065
"2029-09-26 20:00",12.79,0,304.5,71.4,101.2,0,0.766,311.3,0,0.0065
"2029-09-26 21:00",12.11,0,301.63,74.7,101.3,0,0.733,327.5,0,0.0065
"2029-09-26 22:00",11.51,0,299.14,77.9,101.3,0,0.666,343.7,0,0.0065
"2029-09-26 23:00",10.99,0,296.98,80.7,101.3,0,0.787,357.8,0,0.0065
"2029-09-27 00:00",10.46,0,285.78,86.3,101.4,0,1.353,8.8,0,0.0067
"2029-09-27 01:00",10.07,0,284.25,88.7,101.5,0,1.562,17.2,0,0.0067
"2029-09-27 02:00",9.75,0,282.96,90.8,101.5,0,1.68,23.4,0,0.0067
"2029-09-27 03:00",9.47,0,281.88,92.6,101.5,0,1.915,28.2,0,0.0067
"2029-09-27 04:00",9.23,0,280.96,94.3,101.5,0,2.161,31.9,0,0.0067
"2029-09-27 05:00",9.03,0,280.18,95.7,101.6,0,2.414,34.8,0,0.0067
"2029-09-27 06:00",8.02,0,275.8,99.7,101.6,0,2.672,37.2,0,0.0066
"2029-09-27 07:00",10.2,115.72,284.9,88.8,101.6,0,2.934,39.1,49.2,0.0068
"2029-09-27 08:00",12.28,227.21,293.4,77.4,101.6,0,3.199,40.7,98,0.0068
"2029-09-27 09:00",14.18,320.74,301.32,68.5,101.7,0,3.466,42.1,172.4,0.0068
"2029-09-27 10:00",15.82,390.44,308.28,61.8,101.7,0,3.735,43.3,225.1,0.0068
"2029-09-27 11:00",17.12,431.68,313.92,56.9,101.7,0,4.005,44.3,254.8,0.0068
"2029-09-27 12:00",18.14,446.62,318.43,53.7,101.7,0,3.739,45,260.6,0.0068
"2029-09-27 13:00",18.61,429.27,320.62,52.4,101.7,0,3.473,45.8,243.5,0.0069
"2029-09-27 14:00",18.65,380.15,320.85,52.6,101.7,0,3.208,46.7,202.5,0.0069
"2029-09-27 15:00",18.23,301.96,319.11,54.3,101.6,0,2.944,47.8,137.2,0.007
"2029-09-27 16:00",17.39,199.37,315.5,57.5,101.6,0,2.682,49.1,68.8,0.007
"2029-09-27 17:00",16.14,77.93,310.22,62.6,101.6,0,2.421,50.7,41.6,0.007
"2029-09-27 18:00",14.71,0,304.17,69,101.6,0,2.162,52.6,0,0.0071
"2029-09-27 19:00",13.66,0,299.85,74.2,101.6,0,1.907,55.1,0,0.0071
"2029-09-27 20:00",12.77,0,296.23,79.1,101.6,0,1.656,58.3,0,0.0071
"2029-09-27 21:00",12.02,0,293.17,83.6,101.6,0,1.413,62.7,0,0.0072
"2029-09-27 22:00",11.37,0,290.6,87.7,101.6,0,1.181,68.9,0,0.0072
"2029-09-27 23:00",10.82,0,288.43,91.4,101.5,0,0.965,77.9,0,0.0073
"2029-09-28 00:00",11.1,0,291.47,90,101.3,0,0.601,91.2,0,0.0073
"2029-09-28 01:00",10.58,0,289.42,93.7,101.3,0,0.518,110.5,0,0.0073
"2029-09-28 02:00",10.14,0,287.71,97,101.3,0,0.519,133.7,0,0.0074
"2029-09-28 03:00",9.77,0,286.19,99.3,101.3,0,0.587,154.4,0,0.0074
"2029-09-28 04:00",9.46,0,284.69,99.7,101.3,0,0.677,169.2,0,0.0073
"2029-09-28 05:00",9.2,0,283.38,99.7,101.3,0,0.828,179.1,0,0.0071
"2029-09-28 06:00",7.82,0,276.58,99.7,101.3,0,0.995,185.8,0,0.0065
"2029-09-28 07:00",10.54,140.74,289.72,96.8,101.3,0,1.173,190.5,60.8,0.0076
"2029-09-28 08:00",13.16,283.09,300.65,81.9,101.2,0,1.356,194,84.8,0.0076
"2029-09-28 09:00",15.56,405.03,310.94,70.5,101.2,0,1.543,196.6,100.6,0.0077
"2029-09-28 10:00",17.64,498.39,320.11,62,101.2,0,1.733,198.6,121.8,0.0077
"2029-09-28 11:00",19.32,556.34,327.69,56.1,101.2,0,1.924,200.3,134.8,0.0077
"2029-09-28 12:00",18.92,561.1,326,57.9,101.2,0,1.944,201,143.9,0.0078
"2029-09-28 13:00",19.9,525.28,330.55,54.9,101.2,0,1.964,201.7,140.1,0.0078
"2029-09-28 14:00",20.34,452.57,332.66,53.8,101.2,0,1.985,202.4,121.2,0.0079
"2029-09-28 15:00",20.23,349.01,332.28,54.6,101.2,0,1.973,203,93,0.008
"2029-09-28 16:00",19.59,222.48,329.48,57.2,101.3,0,1.994,203.7,73.7,0.008
"2029-09-28 17:00",18.44,81.08,324.47,61.8,101.3,0,2.015,204.3,44.8,0.0081
"2029-09-28 18:00",16.99,0,318.16,68.2,101.3,0,2.036,204.9,0,0.0081
"2029-09-28 19:00",15.86,0,313.33,73.8,101.3,0,2.057,205.5,0,0.0082
"2029-09-28 20:00",14.95,0,309.49,78.8,101.3,0,2.079,206.1,0,0.0082
"2029-09-28 21:00",14.23,0,306.47,83.2,101.3,0,2.101,206.7,0,0.0083
"2029-09-28 22:00",13.65,0,304.14,86.9,101.3,0,2.123,207.3,0,0.0083
"2029-09-28 23:00",13.22,0,302.38,90,101.3,0,2.145,207.9,0,0.0084
"2029-09-29 00:00",12.62,0,334.34,97.4,101.4,0,1.77,208.4,0,0.0087
"2029-09-29 01:00",12.23,0,332.5,99.7,101.5,0,1.789,209,0,0.0087
"2029-09-29 02:00",11.9,0,330.62,99.7,101.5,0,1.808,209.5,0,0.0085
"2029-09-29 03:00",11.63,0,329.03,99.7,101.5,0,1.826,210,0,0.0084
"2029-09-29 04:00",11.39,0,327.67,99.7,101.5,0,1.845,210.5,0,0.0082
"2029-09-29 05:00",11.19,0,326.52,99.7,101.5,0,1.864,211,0,0.0081
"2029-09-29 06:00",11.02,0,325.55,99.7,101.5,0,1.884,211.5,0,0.008
"2029-09-29 07:00",12.29,93.23,332.83,99.7,101.5,0,1.903,212,44.6,0.0087
"2029-09-29 08:00",14.46,184.82,343.95,91,101.5,0,1.922,212.4,120.4,0.0092
"2029-09-29 09:00",16.43,257.6,353.65,80.7,101.5,0,1.942,212.9,185.4,0.0092
"2029-09-29 10:00",18.13,307.83,362.16,72.9,101.6,0,1.962,213.4,234.4,0.0093
"2029-09-29 11:00",19.48,333.19,369.06,67.5,101.6,0,1.982,213.8,262.5,0.0094
"2029-09-29 12:00",20.68,343.87,375.16,62.7,101.6,0,1.987,214.4,269.5,0.0094
"2029-09-29 13:00",21.12,329.25,377.46,61,101.6,0,1.992,215,254.7,0.0094
"2029-09-29 14:00",21.1,289.88,377.34,61.2,101.6,0,1.998,215.7,218.7,0.0094
"2029-09-29 15:00",20.6,228.04,374.8,63.1,101.6,0,2.004,216.3,163.5,0.0094
"2029-09-29 16:00",19.65,147.47,369.97,67,101.6,0,2.01,216.9,95.1,0.0094
"2029-09-29 17:00",18.29,52.44,363.12,72.9,101.6,0,2.016,217.5,30,0.0094
"2029-09-29 18:00",16.8,0,355.74,80.2,101.6,0,2.023,218.1,0,0.0094
"2029-09-29 19:00",15.74,0,350.59,85.8,101.6,0,2.029,218.7,0,0.0094
"2029-09-29 20:00",14.84,0,346.23,91,101.6,0,2.036,219.3,0,0.0094
"2029-09-29 21:00",14.06,0,342.51,95.7,101.6,0,2.043,219.9,0,0.0094
"2029-09-29 22:00",13.4,0,339.29,99.7,101.6,0,2.051,220.5,0,0.0094
"2029-09-29 23:00",12.82,0,335.93,99.7,101.6,0,2.058,221.1,0,0.009
"2029-09-30 00:00",12.42,0,346.69,99.7,101.5,0,2.302,221.6,0,0.0088
"2029-09-30 01:00",11.96,0,343.91,99.7,101.5,0,2.311,222.2,0,0.0085
"2029-09-30 02:00",11.56,0,341.57,99.7,101.5,0,2.32,222.8,0,0.0083
"2029-09-30 03:00",11.23,0,339.59,99.7,101.5,0,2.33,223.4,0,0.0081
"2029-09-30 04:00",10.95,0,337.91,99.7,101.5,0,2.339,223.9,0,0.008
"2029-09-30 05:00",10.7,0,336.49,99.7,101.6,0,2.349,224.5,0,0.0079
"2029-09-30 06:00",10.5,0,335.29,99.7,101.6,0,2.359,225,0,0.0078
"2029-09-30 07:00",11.89,97.62,343.49,99.7,101.6,0,2.37,225.6,43.6,0.0085
"2029-09-30 08:00",14.4,202.45,357.34,92.1,101.6,0,2.38,226.1,104.6,0.0093
"2029-09-30 09:00",16.71,291.81,368.97,79.5,101.6,0,2.391,226.7,174.5,0.0093
"2029-09-30 10:00",18.7,359.82,379.25,70.2,101.6,0,2.402,227.2,222.8,0.0093
"2029-09-30 11:00",20.29,401.57,387.63,63.6,101.6,0,2.413,227.7,250,0.0093
"2029-09-30 12:00",20.91,415.07,390.96,61.2,101.6,0,2.334,227.5,256.2,0.0093
"2029-09-30 13:00",21.62,397.71,394.72,58.6,101.6,0,2.255,227.2,240.6,0.0093
"2029-09-30 14:00",21.78,350.04,395.6,58,101.6,0,2.176,227,202.1,0.0093
"2029-09-30 15:00",21.41,274.7,393.57,59.3,101.6,0,2.098,226.7,139.1,0.0093
"2029-09-30 16:00",20.51,176.17,388.76,62.7,101.7,0,2.019,226.4,66,0.0093
"2029-09-30 17:00",19.13,59.44,381.48,68.3,101.7,0,1.94,226.1,35.3,0.0093
"2029-09-30 18:00",17.57,0,373.38,75.3,101.7,0,1.861,225.7,0,0.0092
"2029-09-30 19:00",16.43,0,367.52,80.9,101.7,0,1.783,225.3,0,0.0092
"2029-09-30 20:00",15.47,0,362.66,86,101.7,0,1.705,224.9,0,0.0092
"2029-09-30 21:00",14.67,0,358.63,90.5,101.7,0,1.626,224.4,0,0.0092
"2029-09-30 22:00",14,0,355.3,94.5,101.7,0,1.548,223.9,0,0.0092
"2029-09-30 23:00",13.45,0,352.56,97.9,101.8,0,1.47,223.3,0,0.0092
"2029-10-01 00:00",13.18,0,319.84,99.2,101.9,0,0.621,222.6,0,0.0092
"2029-10-01 01:00",12.77,0,317.66,99.7,101.9,0,0.587,221.9,0,0.009
"2029-10-01 02:00",12.42,0,315.73,99.7,101.9,0,0.553,221.1,0,0.0088
"2029-10-01 03:00",12.12,0,314.1,99.7,101.9,0,0.519,220.2,0,0.0086
"2029-10-01 04:00",11.87,0,312.71,99.7,102,0,0.485,219.2,0,0.0085
"2029-10-01 05:00",11.65,0,311.54,99.7,102,0,0.452,218,0,0.0083
"2029-10-01 06:00",11.47,0,310.54,99.7,102,0,0.419,216.7,0,0.0082
"2029-10-01 07:00",12.71,118.64,317.33,99.7,102,0,0.386,215.1,53.9,0.0089
"2029-10-01 08:00",15.07,250.65,328.37,87.7,102,0,0.359,213.2,77.1,0.0092
"2029-10-01 09:00",17.23,363.38,338.32,76.4,102,0,0.344,210.9,104.5,0.0092
"2029-10-01 10:00",19.08,449.39,347.07,68,102.1,0,0.31,208.2,139.6,0.0092
"2029-10-01 11:00",20.55,502.4,354.12,62.1,102.1,0,0.278,204.8,161.7,0.0091
"2029-10-01 12:00",20.85,512.2,355.62,61,102.1,0,0.326,209.1,170.4,0.0092
"2029-10-01 13:00",21.51,483.75,358.87,58.7,102.1,0,0.375,212.2,157.8,0.0092
"2029-10-01 14:00",21.66,419.26,359.61,58.3,102,0,0.397,214.6,126.4,0.0092
"2029-10-01 15:00",21.29,323.34,357.84,59.7,102,0,0.445,216.5,90.2,0.0092
"2029-10-01 16:00",20.42,202.51,353.67,63.1,102,0,0.493,218.1,70,0.0092
"2029-10-01 17:00",19.11,63.47,347.38,68.6,102,0,0.541,219.3,39.1,0.0093
"2029-10-01 18:00",17.72,0,340.82,75,102,0,0.59,220.4,0,0.0093
"2029-10-01 19:00",16.77,0,336.44,79.7,102,0,0.638,221.3,0,0.0093
"2029-10-01 20:00",15.99,0,332.83,83.9,102,0,0.687,222,0,0.0093
"2029-10-01 21:00",15.34,0,329.87,87.7,102,0,0.736,222.7,0,0.0093
"2029-10-01 22:00",14.81,0,327.45,90.9,102,0,0.785,223.3,0,0.0093
"2029-10-01 23:00",14.37,0,325.49,93.6,101.9,0,0.834,223.8,0,0.0094
"2029-10-02 00:00",14.25,0,332.85,98.2,101.8,0,2.573,224.2,0,0.0098
"2029-10-02 01:00",13.92,0,331.22,99.7,101.8,0,2.718,224.6,0,0.0097
"2029-10-02 02:00",13.64,0,329.61,99.7,101.8,0,2.863,225,0,0.0095
"2029-10-02 03:00",13.4,0,328.23,99.7,101.8,0,3.008,225.3,0,0.0094
"2029-10-02 04:00",13.19,0,327.06,99.7,101.7,0,3.154,225.6,0,0.0092
"2029-10-02 05:00",13.01,0,326.06,99.7,101.7,0,3.299,225.9,0,0.0091
"2029-10-02 06:00",12.86,0,325.21,99.7,101.7,0,3.445,226.1,0,0.0091
"2029-10-02 07:00",13.87,110.31,330.92,99.7,101.7,0,3.59,226.3,51.1,0.0097
"2029-10-02 08:00",15.86,234.47,340.63,89.8,101.7,0,3.736,226.6,72.9,0.0099
"2029-10-02 09:00",17.68,337.4,349.33,80.1,101.7,0,3.881,226.7,119.9,0.0099
"2029-10-02 10:00",19.23,412.97,356.92,72.8,101.7,0,4.027,226.9,174.1,0.0099
"2029-10-02 11:00",20.46,456.4,363,67.6,101.7,0,4.173,227.1,207.5,0.01
"2029-10-02 12:00",21.88,460.29,369.97,61.6,101.7,0,3.885,227.3,221.3,0.0099
"2029-10-02 13:00",22.19,429.63,371.42,60,101.7,0,3.598,227.6,210.3,0.0098
"2029-10-02 14:00",22.06,367.51,370.63,60.1,101.7,0,3.31,227.9,174.9,0.0098
"2029-10-02 15:00",21.49,279.07,367.64,61.8,101.7,0,3.023,228.3,116.9,0.0097
"2029-10-02 16:00",20.5,170.94,362.57,65.2,101.7,0,2.736,228.7,60.6,0.0096
"2029-10-02 17:00",19.12,49.44,355.69,70.5,101.7,0,2.449,229.3,31.8,0.0095
"2029-10-02 18:00",17.76,0,348.97,76.3,101.7,0,2.163,230,0,0.0095
"2029-10-02 19:00",16.81,0,344.29,80.4,101.8,0,1.876,231,0,0.0094
"2029-10-02 20:00",15.98,0,340.25,84.2,101.8,0,1.591,232.2,0,0.0093
"2029-10-02 21:00",15.26,0,336.72,87.6,101.8,0,1.306,234,0,0.0093
"2029-10-02 22:00",14.63,0,333.65,90.6,101.8,0,1.024,236.9,0,0.0092
"2029-10-02 23:00",14.07,0,330.95,93.2,101.8,0,0.801,241.8,0,0.0091
"2029-10-03 00:00",12.63,0,346.97,98.5,101.9,0,0.501,252.4,0,0.0088
"2029-10-03 01:00",12.39,0,345.67,99.2,101.9,0,0.267,283.4,0,0.0087
"2029-10-03 02:00",12.19,0,344.51,99.6,102,0,0.293,347.7,0,0.0086
"2029-10-03 03:00",12.01,0,343.47,99.7,102,0,0.507,16.5,0,0.0085
"2029-10-03 04:00",11.86,0,342.57,99.7,102,0,0.778,26.5,0,0.0084
"2029-10-03 05:00",11.73,0,341.79,99.7,102,0,1.061,31.3,0,0.0084
"2029-10-03 06:00",11.62,0,341.12,99.7,102,0,1.348,34,0,0.0083
"2029-10-03 07:00",12.39,71.26,344.9,95,102,0,1.638,35.8,43.7,0.0083
"2029-10-03 08:00",13.98,151.96,352.51,85,102,0,1.929,37,114.4,0.0083
"2029-10-03 09:00",15.42,216.14,359.51,76.8,102,0,2.22,37.9,175.2,0.0082
"2029-10-03 10:00",16.64,260.6,365.52,70.5,102,0,2.512,38.6,219.1,0.0081
"2029-10-03 11:00",17.59,283.23,370.2,65.9,102.1,0,2.804,39.2,243.2,0.0081
"2029-10-03 12:00",18.71,292.85,375.89,61.2,102,0,2.772,40,250.2,0.008
"2029-10-03 13:00",18.9,280.04,376.8,60.2,102,0,2.742,40.9,236.8,0.008
"2029-10-03 14:00",18.72,245.18,375.83,60.7,102,0,2.712,41.7,203.3,0.008
"2029-10-03 15:00",18.19,190.15,373,62.5,102,0,2.683,42.6,151.7,0.008
"2029-10-03 16:00",17.32,118.15,368.47,65.9,102,0,2.654,43.5,86.3,0.0079
"2029-10-03 17:00",16.14,32.42,362.47,70.7,102,0,2.626,44.5,22.1,0.0079
"2029-10-03 18:00",15.09,0,357.13,75.4,102,0,2.599,45.4,0,0.0079
"2029-10-03 19:00",14.41,0,353.72,78.5,102,0,2.572,46.4,0,0.0079
"2029-10-03 20:00",13.82,0,350.74,81.2,102,0,2.546,47.4,0,0.0078
"2029-10-03 21:00",13.29,0,348.12,83.8,102,0,2.521,48.4,0,0.0078
"2029-10-03 22:00",12.83,0,345.8,86,102,0,2.497,49.4,0,0.0078
"2029-10-03 23:00",12.42,0,343.75,88.1,102,0,2.474,50.5,0,0.0077
"2029-10-04 00:00",11.72,0,330.43,90.7,102,0,1.923,51.6,0,0.0076
"2029-10-04 01:00",11.44,0,329.07,92.1,102,0,1.906,52.6,0,0.0076
"2029-10-04 02:00",11.2,0,327.9,93.2,102,0,1.89,53.8,0,0.0076
"2029-10-04 03:00",10.99,0,326.88,94.2,101.9,0,1.874,54.9,0,0.0075
"2029-10-04 04:00",10.82,0,326,94.9,101.9,0,1.859,56,0,0.0075
"2029-10-04 05:00",10.66,0,325.24,95.5,101.9,0,1.845,57.2,0,0.0075
"2029-10-04 06:00",10.53,0,324.58,96,101.9,0,1.832,58.4,0,0.0075
"2029-10-04 07:00",11.37,78.17,328.37,90.5,101.9,0,1.82,59.6,37.7,0.0074
"2029-10-04 08:00",13.2,175.13,336.86,79.9,101.9,0,1.808,60.8,105.1,0.0074
"2029-10-04 09:00",14.87,257.83,344.73,71.5,101.9,0,1.797,62.1,168.7,0.0074
"2029-10-04 10:00",16.29,320.84,351.52,65,101.9,0,1.787,63.3,216.7,0.0073
"2029-10-04 11:00",17.39,359.57,356.87,60.4,101.9,0,1.778,64.6,244.6,0.0073
"2029-10-04 12:00",18.06,372.04,360.23,58.1,101.8,0,1.705,66,250.1,0.0073
"2029-10-04 13:00",18.41,355.72,362.03,57,101.8,0,1.633,67.4,232.9,0.0074
"2029-10-04 14:00",18.34,311.03,361.74,57.5,101.8,0,1.562,69,195.9,0.0074
"2029-10-04 15:00",17.85,240.34,359.4,59.5,101.8,0,1.485,70.8,137.5,0.0074
"2029-10-04 16:00",16.98,147.71,355.14,63.1,101.7,0,1.418,72.7,61.5,0.0075
"2029-10-04 17:00",15.75,37.05,349.23,68.4,101.7,0,1.352,74.8,26.1,0.0075
"2029-10-04 18:00",14.68,0,344.09,73.6,101.7,0,1.288,77.2,0,0.0075
"2029-10-04 19:00",13.99,0,340.9,77.1,101.6,0,1.227,79.7,0,0.0075
"2029-10-04 20:00",13.41,0,338.19,80.4,101.6,0,1.169,82.6,0,0.0076
"2029-10-04 21:00",12.91,0,335.89,83.3,101.6,0,1.114,85.7,0,0.0076
"2029-10-04 22:00",12.48,0,333.94,86,101.6,0,1.062,89.2,0,0.0076
"2029-10-04 23:00",12.12,0,332.28,88.4,101.5,0,1.015,92.9,0,0.0077
"2029-10-05 00:00",12.31,0,321.96,88.8,101.4,0,0.821,98.8,0,0.0078
"2029-10-05 01:00",11.92,0,320.26,91.4,101.4,0,0.79,103.5,0,0.0078
"2029-10-05 02:00",11.59,0,318.81,93.7,101.4,0,0.766,108.5,0,0.0079
"2029-10-05 03:00",11.3,0,317.58,95.8,101.3,0,0.747,113.8,0,0.0079
"2029-10-05 04:00",11.06,0,316.55,97.7,101.3,0,0.735,119.3,0,0.0079
"2029-10-05 05:00",10.85,0,315.65,99.3,101.3,0,0.729,124.9,0,0.0079
"2029-10-05 06:00",10.67,0,314.73,99.7,101.2,0,0.748,130.6,0,0.0079
"2029-10-05 07:00",11.66,97.29,319.39,94.8,101.2,0,0.756,136.2,47.7,0.008
"2029-10-05 08:00",14.03,222.89,330.24,81.5,101.2,0,0.771,141.6,71.2,0.008
"2029-10-05 09:00",16.2,330.04,340.39,71.1,101.2,0,0.792,146.7,107.1,0.0081
"2029-10-05 10:00",18.06,411.74,349.31,63.4,101.1,0,0.82,151.5,150.6,0.0081
"2029-10-05 11:00",19.53,461.99,356.49,58,101.1,0,0.852,156,175.4,0.0081
"2029-10-05 12:00",19.65,473.3,357.15,57.8,101.1,0,0.784,146.6,181,0.0081
"2029-10-05 13:00",20.32,447.79,360.49,55.6,101,0,0.74,135.6,163.3,0.0082
"2029-10-05 14:00",20.45,387.02,361.23,55.4,101,0,0.707,123.6,125.4,0.0082
"2029-10-05 15:00",20.06,294.94,359.36,56.9,101,0,0.72,111.5,85.2,0.0082
"2029-10-05 16:00",19.17,177.42,355.05,60.4,101,0,0.762,100.4,65.3,0.0083
"2029-10-05 17:00",17.82,39.65,348.59,65.9,101,0,0.829,90.7,29.3,0.0083
"2029-10-05 18:00",16.58,0,342.72,71.5,100.9,0,0.914,82.8,0,0.0083
"2029-10-05 19:00",15.75,0,338.87,75.7,100.9,0,1.014,76.3,0,0.0083
"2029-10-05 20:00",15.07,0,335.72,79.3,100.9,0,1.125,71.1,0,0.0084
"2029-10-05 21:00",14.5,0,333.16,82.5,100.9,0,1.249,66.9,0,0.0084
"2029-10-05 22:00",14.05,0,331.09,85.3,100.8,0,1.374,63.4,0,0.0084
"2029-10-05 23:00",13.68,0,329.45,87.6,100.8,0,1.503,60.5,0,0.0085
"2029-10-06 00:00",13.89,0,316.95,90.4,100.7,0,1.854,57.9,0,0.0089
"2029-10-06 01:00",13.55,0,315.48,92.7,100.6,0,2.005,55.9,0,0.0089
"2029-10-06 02:00",13.25,0,314.23,94.8,100.6,0,2.158,54.2,0,0.0089
"2029-10-06 03:00",13,0,313.17,96.7,100.6,0,2.313,52.7,0,0.009
"2029-10-06 04:00",12.78,0,312.25,98.2,100.6,0,2.47,51.4,0,0.009
"2029-10-06 05:00",12.6,0,311.37,99,100.6,0,2.628,50.2,0,0.0089
"2029-10-06 06:00",12.44,0,310.56,99.3,100.5,0,2.786,49.2,0,0.0089
"2029-10-06 07:00",13.26,100.06,314.51,96.3,100.5,0,2.946,48.3,50.1,0.0091
"2029-10-06 08:00",15.37,232.83,323.95,84.3,100.5,0,3.106,47.5,75.1,0.0091
"2029-10-06 09:00",17.29,344.02,332.78,74.8,100.5,0,3.266,46.7,95.2,0.0091
"2029-10-06 10:00",18.95,426.88,340.52,67.6,100.4,0,3.427,46.1,126.5,0.0092
"2029-10-06 11:00",21.19,475.79,351.16,59.1,100.4,0,3.589,45.5,150.2,0.0092
"2029-10-06 12:00",21.94,487.24,354.63,55.9,100.5,0,3.65,44.9,155,0.0091
"2029-10-06 13:00",22.25,460.4,355.93,54.4,100.5,0,3.712,44.4,139.8,0.009
"2029-10-06 14:00",22.08,396.95,354.94,54.4,100.5,0,3.774,43.9,111,0.0089
"2029-10-06 15:00",21.44,301.02,351.7,56,100.5,0,3.836,43.3,85.1,0.0089
"2029-10-06 16:00",20.35,178.74,346.34,59.3,100.6,0,3.899,42.9,66.8,0.0088
"2029-10-06 17:00",18.86,35.16,339.16,64.4,100.6,0,3.962,42.4,27.4,0.0087
"2029-10-06 18:00",17.49,0,332.66,69.5,100.6,0,4.025,41.9,0,0.0086
"2029-10-06 19:00",16.47,0,327.84,73.5,100.6,0,4.088,41.5,0,0.0085
"2029-10-06 20:00",15.58,0,323.63,77,100.7,0,4.152,41.1,0,0.0084
"2029-10-06 21:00",14.79,0,319.95,80.2,100.7,0,4.216,40.6,0,0.0083
"2029-10-06 22:00",14.09,0,316.7,83,100.7,0,4.28,40.2,0,0.0082
"2029-10-06 23:00",13.48,0,313.82,85.5,100.7,0,4.344,39.8,0,0.0082
"2029-10-07 00:00",11.76,0,276.17,91.5,100.9,0,4.206,39.5,0,0.0078
"2029-10-07 01:00",11.5,0,275,92.1,100.9,0,4.268,39.1,0,0.0077
"2029-10-07 02:00",11.27,0,273.98,92.5,101,0,4.329,38.7,0,0.0076
"2029-10-07 03:00",11.08,0,273.07,92.7,101,0,4.391,38.4,0,0.0075
"2029-10-07 04:00",10.91,0,272.28,92.7,101,0,4.454,38,0,0.0075
"2029-10-07 05:00",10.76,0,271.57,92.6,101,0,4.516,37.7,0,0.0074
"2029-10-07 06:00",10.64,0,270.94,92.3,101.1,0,4.579,37.4,0,0.0073
"2029-10-07 07:00",11.29,99.13,273.27,87.4,101.1,0,4.641,37.1,50.8,0.0072
"2029-10-07 08:00",13.05,236.39,279.95,77,101.1,0,4.704,36.8,77,0.0071
"2029-10-07 09:00",14.65,351.15,286.12,68.5,101.1,0,4.767,36.5,92.6,0.007
"2029-10-07 10:00",16.02,436.54,291.44,62,101.2,0,4.83,36.2,115.5,0.0069
"2029-10-07 11:00",18.19,486.78,300.11,53.4,101.2,0,4.893,35.9,132.4,0.0069
"2029-10-07 12:00",18.72,500.12,302.17,51.1,101.2,0,4.915,36.1,134.8,0.0068
"2029-10-07 13:00",18.87,473.71,302.61,50,101.2,0,4.937,36.4,123.1,0.0067
"2029-10-07 14:00",18.62,408.9,301.36,50.2,101.3,0,4.959,36.6,102.2,0.0066
"2029-10-07 15:00",17.96,309.64,298.47,51.6,101.3,0,4.981,36.8,88.4,0.0065
"2029-10-07 16:00",16.93,182.03,294.06,54.5,101.3,0,5.004,37,69.2,0.0065
"2029-10-07 17:00",15.56,30.74,288.36,58.7,101.3,0,5.026,37.2,25.4,0.0064
"2029-10-07 18:00",14.42,0,283.65,62.3,101.3,0,5.048,37.4,0,0.0063
"2029-10-07 19:00",13.6,0,280.23,64.9,101.4,0,5.071,37.6,0,0.0062
"2029-10-07 20:00",12.87,0,277.19,67.2,101.4,0,5.093,37.8,0,0.0061
"2029-10-07 21:00",12.21,0,274.47,69.2,101.4,0,5.116,38,0,0.006
"2029-10-07 22:00",11.62,0,272.03,71,101.4,0,5.138,38.2,0,0.006
"2029-10-07 23:00",11.09,0,269.82,72.5,101.4,0,5.161,38.5,0,0.0059
"2029-10-08 00:00",9.48,0,250.21,75.9,101.5,0,5.178,38.7,0,0.0055
"2029-10-08 01:00",9.23,0,249.16,76.1,101.5,0,5.201,38.8,0,0.0054
"2029-10-08 02:00",9.02,0,248.23,76.1,101.5,0,5.224,39,0,0.0054
"2029-10-08 03:00",8.83,0,247.41,76,101.5,0,5.247,39.2,0,0.0053
"2029-10-08 04:00",8.68,0,246.67,75.7,101.5,0,5.27,39.4,0,0.0052
"2029-10-08 05:00",8.54,0,246.01,75.2,101.6,0,5.293,39.6,0,0.0051
"2029-10-08 06:00",8.42,0,245.41,74.7,101.6,0,5.316,39.8,0,0.005
"2029-10-08 07:00",9.01,106.3,247.27,70.7,101.6,0,5.339,40,55.7,0.005
"2029-10-08 08:00",10.72,261.05,253.13,62.1,101.6,0,5.362,40.2,85.9,0.0049
"2029-10-08 09:00",12.27,391.21,258.52,55.1,101.7,0,5.386,40.4,103.9,0.0048
"2029-10-08 10:00",13.6,488.84,263.15,49.7,101.7,0,5.409,40.6,115.5,0.0047
"2029-10-08 11:00",15.31,547.12,269.27,43.8,101.7,0,5.432,40.7,122,0.0047
"2029-10-08 12:00",15.88,557.7,271.4,42.2,101.7,0,5.419,40.8,122.9,0.0047
"2029-10-08 13:00",16.07,523.66,272.11,41.7,101.7,0,5.406,40.9,119.2,0.0047
"2029-10-08 14:00",15.85,447.54,271.31,42.3,101.7,0,5.393,40.9,110.6,0.0047
"2029-10-08 15:00",15.25,334.67,269.04,44,101.8,0,5.38,41,96.6,0.0047
"2029-10-08 16:00",14.28,192.54,265.42,46.8,101.8,0,5.367,41.1,74.5,0.0047
"2029-10-08 17:00",12.98,26.51,260.66,50.9,101.8,0,5.355,41.2,23.2,0.0047
"2029-10-08 18:00",11.97,0,257.02,54.4,101.8,0,5.342,41.2,0,0.0047
"2029-10-08 19:00",11.27,0,254.47,57,101.8,0,5.329,41.3,0,0.0047
"2029-10-08 20:00",10.64,0,252.24,59.4,101.8,0,5.316,41.4,0,0.0047
"2029-10-08 21:00",10.08,0,250.27,61.7,101.9,0,5.303,41.4,0,0.0047
"2029-10-08 22:00",9.59,0,248.53,63.8,101.9,0,5.29,41.5,0,0.0047
"2029-10-08 23:00",9.15,0,246.98,65.7,101.9,0,5.277,41.6,0,0.0047
"2029-10-09 00:00",8.41,0,251.96,72,102,0,5.251,41.6,0,0.0048
"2029-10-09 01:00",8.09,0,250.83,73.6,102,0,5.238,41.7,0,0.0048
"2029-10-09 02:00",7.82,0,249.86,75,102,0,5.225,41.8,0,0.0048
"2029-10-09 03:00",7.59,0,249.03,76.2,102,0,5.212,41.9,0,0.0048
"2029-10-09 04:00",7.39,0,248.32,77.2,102,0,5.199,41.9,0,0.0048
"2029-10-09 05:00",7.22,0,247.71,78.2,102,0,5.187,42,0,0.0048
"2029-10-09 06:00",7.07,0,247.18,79,102.1,0,5.174,42.1,0,0.0048
"2029-10-09 07:00",7.7,96.42,249.42,75.6,102.1,0,5.161,42.2,51.7,0.0048
"2029-10-09 08:00",9.76,241.79,256.82,65.8,102.1,0,5.148,42.2,80.4,0.0048
"2029-10-09 09:00",11.64,361.82,263.74,58,102.1,0,5.136,42.3,96.8,0.0048
"2029-10-09 10:00",13.26,449.78,269.78,52.2,102.1,0,5.123,42.4,106.9,0.0048
"2029-10-09 11:00",15.17,500.08,277.08,46.1,102.1,0,5.11,42.5,116.7,0.0048
"2029-10-09 12:00",15.93,512.62,280,43.9,102.1,0,5.072,42.5,119,0.0048
"2029-10-09 13:00",16.23,483.61,281.17,43.1,102.1,0,5.035,42.6,111.9,0.0048
"2029-10-09 14:00",16.06,414.75,280.51,43.6,102.1,0,4.997,42.7,103.3,0.0048
"2029-10-09 15:00",15.42,310.39,278.03,45.5,102.1,0,4.959,42.8,90.5,0.0049
"2029-10-09 16:00",14.33,177,273.88,48.8,102.1,0,4.922,42.9,69.7,0.0049
"2029-10-09 17:00",12.85,18.96,268.3,53.7,102.1,0,4.884,43,17.7,0.0049
"2029-10-09 18:00",11.67,0,263.87,58.1,102.1,0,4.847,43.1,0,0.0049
"2029-10-09 19:00",10.78,0,260.6,61.7,102.1,0,4.809,43.2,0,0.0049
"2029-10-09 20:00",10,0,257.76,65,102.1,0,4.772,43.3,0,0.0049
"2029-10-09 21:00",9.32,0,255.28,68.1,102.1,0,4.734,43.4,0,0.0049
"2029-10-09 22:00",8.72,0,253.12,70.9,102.1,0,4.697,43.5,0,0.0049
"2029-10-09 23:00",8.19,0,251.22,73.6,102.1,0,4.659,43.5,0,0.0049
"2029-10-10 00:00",7.29,0,239.58,78.4,102,0,4.503,43.6,0,0.0049
"2029-10-10 01:00",6.94,0,238.38,80.3,102,0,4.467,43.8,0,0.0049
"2029-10-10 02:00",6.63,0,237.35,82.1,102,0,4.43,43.9,0,0.0049
"2029-10-10 03:00",6.37,0,236.46,83.6,102,0,4.394,44,0,0.0049
"2029-10-10 04:00",6.15,0,235.71,85,102,0,4.357,44.1,0,0.0049
"2029-10-10 05:00",5.95,0,235.06,86.1,102,0,4.321,44.2,0,0.0049
"2029-10-10 06:00",5.79,0,234.51,87.2,102,0,4.285,44.3,0,0.0049
"2029-10-10 07:00",6.41,97.27,236.62,83.5,102,0,4.248,44.4,53.4,0.0049
"2029-10-10 08:00",8.68,252.9,244.42,71.6,102,0,4.212,44.5,85,0.0049
"2029-10-10 09:00",10.76,383.01,251.73,62.2,102,0,4.175,44.6,103.3,0.0049
"2029-10-10 10:00",12.55,479.95,258.15,55.3,102,0,4.139,44.8,114.8,0.0049
"2029-10-10 11:00",14.23,537.11,264.28,49.6,102,0,4.103,44.9,121.2,0.0049
"2029-10-10 12:00",15.15,547.69,267.67,46.7,101.9,0,4.083,44.9,122.1,0.0049
"2029-10-10 13:00",15.57,513.55,269.24,45.4,101.9,0,4.063,44.9,118.4,0.0049
"2029-10-10 14:00",15.48,437.16,268.88,45.7,101.9,0,4.044,44.8,109.7,0.0049
"2029-10-10 15:00",14.87,323.83,266.61,47.5,101.9,0,4.024,44.8,95.4,0.0049
"2029-10-10 16:00",13.77,180.94,262.56,50.9,101.9,0,4.004,44.8,72.6,0.0049
"2029-10-10 17:00",12.24,13.57,256.98,56.3,101.9,0,3.985,44.8,13.1,0.0049
"2029-10-10 18:00",11.02,0,252.58,61,101.8,0,3.965,44.8,0,0.0049
"2029-10-10 19:00",10.09,0,249.28,64.8,101.8,0,3.945,44.8,0,0.0049
"2029-10-10 20:00",9.28,0,246.45,68.4,101.8,0,3.926,44.8,0,0.0049
"2029-10-10 21:00",8.59,0,244.02,71.6,101.8,0,3.906,44.8,0,0.0049
"2029-10-10 22:00",7.98,0,241.93,74.5,101.8,0,3.886,44.8,0,0.0049
"2029-10-10 23:00",7.46,0,240.12,77.2,101.8,0,3.866,44.8,0,0.0049
"2029-10-11 00:00",6.48,0,243.9,82.2,101.7,0,3.864,44.8,0,0.0049
"2029-10-11 01:00",6.2,0,242.91,83.8,101.7,0,3.844,44.7,0,0.0049
"2029-10-11 02:00",5.96,0,242.05,85.2,101.7,0,3.825,44.7,0,0.0049
"2029-10-11 03:00",5.75,0,241.32,86.3,101.7,0,3.805,44.7,0,0.0049
"2029-10-11 04:00",5.57,0,240.69,87.4,101.6,0,3.785,44.7,0,0.0049
"2029-10-11 05:00",5.41,0,240.14,88.3,101.6,0,3.765,44.7,0,0.0048
"2029-10-11 06:00",5.28,0,239.67,89,101.6,0,3.746,44.7,0,0.0048
"2029-10-11 07:00",5.76,90.2,241.33,86,101.6,0,3.726,44.7,50.8,0.0048
"2029-10-11 08:00",7.68,241.15,248.04,75.3,101.6,0,3.706,44.7,82,0.0048
"2029-10-11 09:00",9.44,365.72,254.3,66.8,101.6,0,3.686,44.7,99.3,0.0048
"2029-10-11 10:00",10.94,457.07,259.74,60.4,101.5,0,3.667,44.6,110,0.0048
"2029-10-11 11:00",13.09,509.35,267.71,52.4,101.5,0,3.647,44.6,115.6,0.0048
"2029-10-11 12:00",13.72,515.07,270.06,50.3,101.5,0,3.635,44.5,115.6,0.0048
"2029-10-11 13:00",13.91,478.47,270.81,49.7,101.5,0,3.623,44.3,111,0.0048
"2029-10-11 14:00",13.66,402.94,269.88,50.6,101.5,0,3.611,44.2,101.9,0.0048
"2029-10-11 15:00",12.97,294.39,267.28,53,101.4,0,3.599,44,87.7,0.0049
"2029-10-11 16:00",11.86,160.49,263.17,57,101.4,0,3.587,43.8,65.6,0.0049
"2029-10-11 17:00",10.38,7.13,257.77,62.9,101.4,0,3.575,43.7,6.9,0.0049
"2029-10-11 18:00",9.29,0,253.84,67.7,101.4,0,3.563,43.5,0,0.0049
"2029-10-11 19:00",8.45,0,250.81,71.8,101.3,0,3.551,43.3,0,0.0049
"2029-10-11 20:00",7.7,0,248.16,75.6,101.3,0,3.539,43.2,0,0.0049
"2029-10-11 21:00",7.03,0,245.81,79.2,101.3,0,3.527,43,0,0.0049
"2029-10-11 22:00",6.43,0,243.72,82.6,101.3,0,3.516,42.8,0,0.0049
"2029-10-11 23:00",5.89,0,241.86,85.8,101.3,0,3.504,42.7,0,0.0049
"2029-10-12 00:00",5.01,0,254.16,88.3,101.2,0,3.763,42.5,0,0.0047
"2029-10-12 01:00",4.6,0,252.64,91,101.2,0,3.751,42.3,0,0.0047
"2029-10-12 02:00",4.24,0,251.35,93.4,101.2,0,3.738,42.1,0,0.0047
"2029-10-12 03:00",3.93,0,250.24,95.5,101.1,0,3.726,42,0,0.0048
"2029-10-12 04:00",3.66,0,249.3,97.4,101.1,0,3.713,41.8,0,0.0048
"2029-10-12 05:00",3.44,0,248.49,99,101.1,0,3.701,41.6,0,0.0048
"2029-10-12 06:00",3.24,0,247.68,99.5,101.1,0,3.688,41.4,0,0.0047
"2029-10-12 07:00",3.81,66.64,249.84,96.6,101,0,3.676,41.2,38.5,0.0048
"2029-10-12 08:00",6.47,182.64,259.62,80.3,101,0,3.664,41.1,62.8,0.0048
"2029-10-12 09:00",8.92,275.79,268.85,68,101,0,3.651,40.9,114.4,0.0048
"2029-10-12 10:00",11.03,341.7,277,59.1,101,0,3.639,40.7,172.4,0.0048
"2029-10-12 11:00",11.21,376.83,277.7,58.4,101,0,3.627,40.5,206.3,0.0048
"2029-10-12 12:00",12.6,381.55,283.33,53.9,101,0,3.539,40.1,214.3,0.0048
"2029-10-12 13:00",13.41,354.57,286.71,51.7,100.9,0,3.452,39.7,198.5,0.0049
"2029-10-12 14:00",13.61,298.32,287.68,51.5,100.9,0,3.366,39.2,159.5,0.0049
"2029-10-12 15:00",13.21,217.11,286.22,53.5,100.9,0,3.279,38.8,98.3,0.005
"2029-10-12 16:00",12.23,116.57,282.49,57.6,100.9,0,3.192,38.3,48.6,0.0051
"2029-10-12 17:00",10.75,2.24,276.78,64.2,100.9,0,3.106,37.8,2.2,0.0051
"2029-10-12 18:00",9.65,0,272.67,69.8,100.9,0,3.02,37.2,0,0.0052
"2029-10-12 19:00",8.85,0,269.72,74.4,100.9,0,2.935,36.6,0,0.0052
"2029-10-12 20:00",8.19,0,267.34,78.6,100.9,0,2.85,36,0,0.0053
"2029-10-12 21:00",7.66,0,265.47,82.3,100.9,0,2.765,35.3,0,0.0053
"2029-10-12 22:00",7.24,0,264.01,85.5,100.9,0,2.68,34.6,0,0.0054
"2029-10-12 23:00",6.92,0,262.91,88.3,100.8,0,2.596,33.9,0,0.0054
"2029-10-13 00:00",7.66,0,312.77,88.9,100.8,0,2.159,33.1,0,0.0058
"2029-10-13 01:00",7.25,0,311.08,92.3,100.8,0,2.088,32.3,0,0.0058
"2029-10-13 02:00",6.9,0,309.65,95.5,100.8,0,2.017,31.4,0,0.0059
"2029-10-13 03:00",6.59,0,308.45,98.5,100.8,0,1.947,30.4,0,0.0059
"2029-10-13 04:00",6.33,0,307.2,99.7,100.8,0,1.877,29.3,0,0.0059
"2029-10-13 05:00",6.1,0,305.98,99.7,100.7,0,1.808,28.2,0,0.0058
"2029-10-13 06:00",5.91,0,304.92,99.7,100.7,0,1.74,27,0,0.0057
"2029-10-13 07:00",6.41,48.35,307.65,99.7,100.7,0,1.673,25.7,28.7,0.0059
"2029-10-13 08:00",9.11,138.03,320.43,86.8,100.7,0,1.607,24.3,87,0.0062
"2029-10-13 09:00",11.58,210.34,331.98,74.2,100.7,0,1.542,22.7,149.1,0.0063
"2029-10-13 10:00",13.71,261.84,342.2,65.1,100.7,0,1.478,21.1,196,0.0063
"2029-10-13 11:00",13.25,289.69,340.16,67.7,100.7,0,1.415,19.2,222.9,0.0064
"2029-10-13 12:00",14.75,296.65,347.41,61.7,100.7,0,1.395,18.6,228.3,0.0064
"2029-10-13 13:00",15.65,278.57,351.89,58.5,100.7,0,1.471,18,211.9,0.0064
"2029-10-13 14:00",15.93,236.53,353.35,57.7,100.7,0,1.45,17.3,174.9,0.0065
"2029-10-13 15:00",15.6,173.19,351.81,59.2,100.7,0,1.429,16.6,120,0.0065
"2029-10-13 16:00",14.69,92.45,347.44,63.1,100.8,0,1.408,15.9,52.3,0.0065
"2029-10-13 17:00",13.25,0.3,340.63,69.6,100.8,0,1.388,15.2,0.3,0.0065
"2029-10-13 18:00",12.31,0,336.25,74.3,100.8,0,1.368,14.4,0,0.0066
"2029-10-13 19:00",11.64,0,333.16,78.1,100.8,0,1.348,13.7,0,0.0066
"2029-10-13 20:00",11.11,0,330.76,81.2,100.8,0,1.242,12.9,0,0.0066
"2029-10-13 21:00",10.7,0,328.94,83.8,100.8,0,1.223,12.1,0,0.0067
"2029-10-13 22:00",10.4,0,327.62,85.9,100.8,0,1.205,11.2,0,0.0067
"2029-10-13 23:00",10.19,0,326.73,87.5,100.9,0,1.182,10.3,0,0.0067
"2029-10-14 00:00",10.6,0,339.12,86,101,0,1.552,9.4,0,0.0068
"2029-10-14 01:00",10.38,0,338.14,87.7,101,0,1.529,8.5,0,0.0068
"2029-10-14 02:00",10.19,0,337.3,89.2,101,0,1.506,7.5,0,0.0068
"2029-10-14 03:00",10.02,0,336.58,90.6,101.1,0,1.484,6.5,0,0.0069
"2029-10-14 04:00",9.88,0,335.97,91.9,101.1,0,1.463,5.5,0,0.0069
"2029-10-14 05:00",9.76,0,335.45,93.1,101.1,0,1.442,4.5,0,0.0069
"2029-10-14 06:00",9.65,0,335.01,94.2,101.1,0,1.454,3.4,0,0.0069
"2029-10-14 07:00",9.93,45.28,336.44,92.8,101.1,0,1.362,2.3,27.7,0.007
"2029-10-14 08:00",11.59,136.63,344.45,83.5,101.1,0,1.343,1.2,83.5,0.007
"2029-10-14 09:00",13.09,212.51,351.9,75.9,101.1,0,1.303,360,145.4,0.007
"2029-10-14 10:00",14.38,268.8,358.35,70.1,101.1,0,1.285,358.8,192.1,0.0071
"2029-10-14 11:00",16.4,301.69,368.66,61.8,101.2,0,1.361,357.5,219.2,0.0071
"2029-10-14 12:00",16.88,312.38,371.1,60.1,101.2,0,1.255,356,224.1,0.0071
"2029-10-14 13:00",16.97,296.28,371.59,59.8,101.1,0,1.149,354.3,206.6,0.0071
"2029-10-14 14:00",16.66,253.68,370.04,61.1,101.1,0,1.107,352.1,167.8,0.0071
"2029-10-14 15:00",15.96,186.68,366.51,63.9,101.1,0,0.998,349.5,111.4,0.0071
"2029-10-14 16:00",14.91,98.85,361.2,68.5,101.1,0,0.892,346.3,44.2,0.0071
"2029-10-14 17:00",13.54,0,354.39,74.9,101.1,0,0.789,342.2,0,0.0072
"2029-10-14 18:00",12.7,0,350.28,79.2,101.1,0,0.69,336.9,0,0.0072
"2029-10-14 19:00",12.01,0,346.91,83,101.1,0,0.599,330,0,0.0072
"2029-10-14 20:00",11.39,0,343.91,86.6,101.1,0,0.519,320.8,0,0.0072
"2029-10-14 21:00",10.83,0,341.22,90,101.1,0,0.456,308.8,0,0.0072
"2029-10-14 22:00",10.32,0,338.79,93.3,101.1,0,0.418,294.1,0,0.0072
"2029-10-14 23:00",9.85,0,336.59,96.3,101,0.1,0.388,278.1,0,0.0072
"2029-10-15 00:00",9.1,0,311.56,99.3,101,0.1,0.32,262.9,0,0.0071
"2029-10-15 01:00",8.7,0,309.41,99.7,101,0.1,0.36,250.4,0,0.0069
"2029-10-15 02:00",8.35,0,307.52,99.7,101,0.1,0.386,240.6,0,0.0067
"2029-10-15 03:00",8.05,0,305.9,99.7,101,0.1,0.446,233.3,0,0.0066
"2029-10-15 04:00",7.79,0,304.52,99.7,101,0.1,0.511,227.7,0,0.0065
"2029-10-15 05:00",7.57,0,303.33,99.7,101,0.1,0.58,223.4,0,0.0064
"2029-10-15 06:00",7.38,0,302.31,99.7,101,0.1,0.652,220,0,0.0063
"2029-10-15 07:00",7.72,55.44,304.11,99.7,101,0.1,0.725,217.3,34.9,0.0065
"2029-10-15 08:00",10.37,176.69,317.37,92.2,101,0.1,0.8,215.1,62.9,0.0071
"2029-10-15 09:00",12.81,279.16,328.49,78.5,101,0.1,0.876,213.3,91.6,0.0072
"2029-10-15 10:00",14.92,356.93,338.32,68.6,100.9,0.1,0.952,211.7,132.5,0.0072
"2029-10-15 11:00",15.66,404.22,341.86,65.4,100.9,0.1,1.029,210.4,156.9,0.0072
"2029-10-15 12:00",16.96,414.27,348.04,60.3,100.9,0.1,1.104,212.3,160.9,0.0072
"2029-10-15 13:00",17.67,388.59,351.47,57.7,100.9,0.1,1.18,213.9,141.4,0.0072
"2029-10-15 14:00",17.76,328.64,351.94,57.3,100.8,0.1,1.257,215.3,104.3,0.0072
"2029-10-15 15:00",17.25,238.14,349.46,59.2,100.8,0.1,1.334,216.6,74.1,0.0072
"2029-10-15 16:00",16.16,122.5,344.25,63.5,100.8,0.1,1.412,217.7,54.3,0.0072
"2029-10-15 17:00",14.56,0,336.69,70.4,100.8,0.1,1.49,218.7,0,0.0072
"2029-10-15 18:00",13.51,0,331.77,75.4,100.7,0.1,1.569,219.6,0,0.0072
"2029-10-15 19:00",12.66,0,327.85,79.7,100.7,0.1,1.648,220.4,0,0.0072
"2029-10-15 20:00",11.95,0,324.6,83.6,100.7,0.1,1.727,221.1,0,0.0072
"2029-10-15 21:00",11.36,0,321.93,86.9,100.6,0.1,1.807,221.8,0,0.0072
"2029-10-15 22:00",10.87,0,319.74,89.8,100.6,0.1,1.887,222.4,0,0.0072
"2029-10-15 23:00",10.48,0,317.97,92.2,100.6,0.1,1.967,223,0,0.0072
"2029-10-16 00:00",10.31,0,302.11,94.8,100.5,0.1,2.45,223.5,0,0.0074
"2029-10-16 01:00",10.03,0,300.94,96.6,100.5,0.1,2.546,224,0,0.0074
"2029-10-16 02:00",9.8,0,299.93,98.2,100.5,0.1,2.643,224.4,0,0.0074
"2029-10-16 03:00",9.59,0,299.01,99.3,100.4,0.1,2.739,224.8,0,0.0073
"2029-10-16 04:00",9.41,0,298.11,99.5,100.4,0.1,2.836,225.2,0,0.0073
"2029-10-16 05:00",9.26,0,297.33,99.7,100.4,0.1,2.933,225.6,0,0.0072
"2029-10-16 06:00",9.12,0,296.64,99.7,100.3,0.1,3.03,225.9,0,0.0072
"2029-10-16 07:00",9.35,58.36,297.78,99.6,100.3,0.1,3.127,226.2,37.9,0.0073
"2029-10-16 08:00",11.35,194.3,306.61,88.6,100.3,0.2,3.224,226.5,70,0.0074
"2029-10-16 09:00",13.19,307.09,314.64,78.6,100.3,0.2,3.321,226.8,86.8,0.0074
"2029-10-16 10:00",14.76,390.86,321.64,71,100.2,0.2,3.418,227.1,101.5,0.0074
"2029-10-16 11:00",16.46,439.9,329.29,63.7,100.2,0.2,3.515,227.3,116.4,0.0074
"2029-10-16 12:00",17.18,444.13,332.58,60.7,100.2,0.2,3.466,227.6,122.1,0.0074
"2029-10-16 13:00",17.45,409.95,333.77,59.5,100.1,0.1,3.417,227.8,114.1,0.0074
"2029-10-16 14:00",17.24,340.63,332.75,60.2,100.1,0.1,3.367,228.1,93.7,0.0074
"2029-10-16 15:00",16.56,241.65,329.58,62.7,100.1,0.1,3.318,228.3,76,0.0073
"2029-10-16 16:00",15.43,119.92,324.45,67.2,100,0.1,3.269,228.6,54.3,0.0073
"2029-10-16 17:00",13.93,0,317.67,73.8,100,0.1,3.219,228.8,0,0.0073
"2029-10-16 18:00",13.07,0,313.85,77.9,100,0.1,3.17,229.1,0,0.0073
"2029-10-16 19:00",12.33,0,310.59,81.5,99.9,0.1,3.121,229.4,0,0.0073
"2029-10-16 20:00",11.69,0,307.73,84.9,99.9,0.1,3.072,229.7,0,0.0073
"2029-10-16 21:00",11.11,0,305.23,87.9,99.9,0.1,3.023,230,0,0.0072
"2029-10-16 22:00",10.61,0,303.03,90.7,99.8,0.1,2.975,230.3,0,0.0072
"2029-10-16 23:00",10.16,0,301.08,93.2,99.8,0.1,2.926,230.6,0,0.0072
"2029-10-17 00:00",9.23,0,287.93,99.2,99.6,0.1,2.236,231,0,0.0072
"2029-10-17 01:00",8.98,0,286.72,99.7,99.5,0.1,2.198,231.3,0,0.0071
"2029-10-17 02:00",8.76,0,285.62,99.7,99.5,0.1,2.16,231.7,0,0.007
"2029-10-17 03:00",8.57,0,284.67,99.7,99.5,0.1,2.123,232,0,0.007
"2029-10-17 04:00",8.4,0,283.85,99.7,99.4,0.1,2.086,232.4,0,0.0069
"2029-10-17 05:00",8.26,0,283.14,99.7,99.4,0.1,2.048,232.8,0,0.0068
"2029-10-17 06:00",8.14,0,282.52,99.7,99.4,0.1,2.011,233.2,0,0.0068
"2029-10-17 07:00",8.3,40.62,283.33,99.7,99.3,0.1,1.974,233.6,27.3,0.0068
"2029-10-17 08:00",10.21,140.59,291.66,91.1,99.3,0.1,1.937,234.1,63.6,0.0071
"2029-10-17 09:00",11.96,219.94,298.9,80.9,99.3,0,1.9,234.5,132.9,0.0071
"2029-10-17 10:00",13.45,275.57,305.18,73.1,99.2,0,1.863,235,179.8,0.0071
"2029-10-17 11:00",14.93,304.71,311.52,66.3,99.2,0,1.827,235.5,208.1,0.0071
"2029-10-17 12:00",15.63,313.71,314.46,63,99.2,0,1.869,235.4,212.8,0.007
"2029-10-17 13:00",15.88,295.01,315.47,61.7,99.3,0,1.911,235.3,195.1,0.007
"2029-10-17 14:00",15.67,249.38,314.47,62.2,99.3,0,1.953,235.2,158,0.0069
"2029-10-17 15:00",15.01,179.37,311.5,64.6,99.3,0,1.995,235.1,98.4,0.0069
"2029-10-17 16:00",13.92,88.86,306.76,68.9,99.4,0,2.038,235,41.1,0.0069
"2029-10-17 17:00",12.49,0,300.58,75.2,99.4,0,2.08,234.9,0,0.0068
"2029-10-17 18:00",11.75,0,297.39,78.6,99.4,0,2.122,234.8,0,0.0068
"2029-10-17 19:00",11.1,0,294.6,81.6,99.5,0,2.164,234.7,0,0.0067
"2029-10-17 20:00",10.53,0,292.15,84.3,99.5,0,2.206,234.6,0,0.0067
"2029-10-17 21:00",10.03,0,290.01,86.7,99.5,0,2.249,234.6,0,0.0067
"2029-10-17 22:00",9.58,0,288.12,88.8,99.6,0,2.291,234.5,0,0.0066
"2029-10-17 23:00",9.19,0,286.44,90.6,99.6,0,2.333,234.4,0,0.0066
"2029-10-18 00:00",8.61,0,289.63,93,100,0,2.823,234.3,0,0.0065
"2029-10-18 01:00",8.34,0,288.44,94.2,100,0,2.874,234.3,0,0.0064
"2029-10-18 02:00",8.11,0,287.4,95.1,100.1,0,2.924,234.2,0,0.0064
"2029-10-18 03:00",7.91,0,286.5,95.9,100.1,0,2.974,234.2,0,0.0064
"2029-10-18 04:00",7.73,0,285.7,96.5,100.1,0,3.024,234.1,0,0.0063
"2029-10-18 05:00",7.58,0,285,96.9,100.2,0,3.074,234,0,0.0063
"2029-10-18 06:00",7.45,0,284.38,97.2,100.2,0,3.125,234,0,0.0062
"2029-10-18 07:00",7.56,41.58,284.76,95.9,100.2,0,3.175,233.9,28.9,0.0062
"2029-10-18 08:00",9.6,156.75,293.02,83.1,100.3,0,3.225,233.9,58,0.0062
"2029-10-18 09:00",11.46,252.77,300.75,72.9,100.3,0,3.275,233.8,96.5,0.0061
"2029-10-18 10:00",13.05,324.75,307.46,65.3,100.3,0,3.325,233.8,145.4,0.0061
"2029-10-18 11:00",14.2,367.58,312.34,60.2,100.4,0,3.376,233.7,173.3,0.006
"2029-10-18 12:00",15.02,376.77,315.81,56.7,100.4,0,3.366,234.2,177.7,0.006
"2029-10-18 13:00",15.36,352.42,317.21,55.1,100.3,0,3.358,234.7,157.1,0.006
"2029-10-18 14:00",15.21,295.87,316.44,55.2,100.3,0,3.349,235.1,113.7,0.0059
"2029-10-18 15:00",14.58,210.6,313.56,57.2,100.3,0,3.341,235.6,69,0.0059
"2029-10-18 16:00",13.5,101.56,308.77,60.9,100.3,0,3.332,236.1,48.1,0.0058
"2029-10-18 17:00",12.08,0,302.55,66.4,100.2,0,3.324,236.6,0,0.0058
"2029-10-18 18:00",11.36,0,299.42,69.1,100.2,0,3.317,237.1,0,0.0058
"2029-10-18 19:00",10.74,0,296.72,71.5,100.2,0,3.309,237.6,0,0.0057
"2029-10-18 20:00",10.21,0,294.39,73.6,100.2,0,3.302,238.1,0,0.0057
"2029-10-18 21:00",9.75,0,292.37,75.3,100.2,0,3.295,238.6,0,0.0056
"2029-10-18 22:00",9.35,0,290.62,76.8,100.1,0,3.288,239.1,0,0.0056
"2029-10-18 23:00",9.01,0,289.1,78,100.1,0,3.282,239.5,0,0.0056
"2029-10-19 00:00",8.46,0,279.43,78.2,99.8,0,3.369,240,0,0.0054
"2029-10-19 01:00",8.27,0,278.56,78.7,99.8,0,3.363,240.6,0,0.0054
"2029-10-19 02:00",8.1,0,277.8,79,99.7,0,3.357,241.1,0,0.0053
"2029-10-19 03:00",7.96,0,277.11,79.2,99.7,0,3.352,241.6,0,0.0053
"2029-10-19 04:00",7.83,0,276.51,79.3,99.7,0,3.346,242.1,0,0.0052
"2029-10-19 05:00",7.72,0,275.97,79.3,99.7,0,3.341,242.6,0,0.0052
"2029-10-19 06:00",7.62,0,275.48,79.2,99.7,0,3.337,243.1,0,0.0052
"2029-10-19 07:00",7.68,42.16,275.6,78.3,99.6,0,3.332,243.6,30.3,0.0051
"2029-10-19 08:00",9.26,170.14,281.74,69.8,99.6,0,3.328,244.1,63.7,0.0051
"2029-10-19 09:00",10.7,275.8,287.45,62.9,99.6,0,3.324,244.6,80.4,0.0051
"2029-10-19 10:00",11.93,354.18,292.34,57.5,99.6,0,3.32,245.1,107.2,0.005
"2029-10-19 11:00",13.6,399.96,299.12,51.1,99.6,0,3.316,245.6,128.5,0.005
"2029-10-19 12:00",14.07,406.72,301.13,49.7,99.6,0,3.235,246,135,0.005
"2029-10-19 13:00",14.16,377.03,301.55,49.5,99.6,0,3.154,246.5,120.9,0.005
"2029-10-19 14:00",13.86,313.22,300.33,50.6,99.6,0,3.3,246.9,93.9,0.005
"2029-10-19 15:00",13.19,219.8,297.53,52.9,99.7,0,3.214,247.3,71.6,0.005
"2029-10-19 16:00",12.16,102.65,293.31,56.7,99.7,0,3.127,247.8,49.7,0.005
"2029-10-19 17:00",10.9,0,288.18,61.8,99.7,0,3.041,248.3,0,0.005
"2029-10-19 18:00",10.27,0,285.66,64.6,99.8,0,2.955,248.9,0,0.005
"2029-10-19 19:00",9.7,0,283.41,67.2,99.8,0,2.869,249.5,0,0.005
"2029-10-19 20:00",9.19,0,281.4,69.7,99.8,0,2.784,250.1,0,0.0051
"2029-10-19 21:00",8.73,0,279.61,72,99.8,0,2.699,250.7,0,0.0051
"2029-10-19 22:00",8.32,0,277.99,74.2,99.9,0,2.614,251.4,0,0.0051
"2029-10-19 23:00",7.94,0,276.53,76.3,99.9,0,2.53,252.1,0,0.0051
"2029-10-20 00:00",7.36,0,281.84,80.6,100.1,0,2.245,252.9,0,0.0051
"2029-10-20 01:00",7.05,0,280.6,82.5,100.2,0,2.168,253.8,0,0.0052
"2029-10-20 02:00",6.78,0,279.54,84.2,100.2,0,2.092,254.7,0,0.0052
"2029-10-20 03:00",6.54,0,278.63,85.8,100.2,0,2.017,255.7,0,0.0052
"2029-10-20 04:00",6.34,0,277.84,87.1,100.2,0,1.942,256.7,0,0.0052
"2029-10-20 05:00",6.16,0,277.17,88.4,100.3,0,1.868,257.8,0,0.0052
"2029-10-20 06:00",6.01,0,276.6,89.5,100.3,0,1.794,259.1,0,0.0052
"2029-10-20 07:00",5.99,34.55,276.52,89.8,100.3,0,1.722,260.4,25.8,0.0052
"2029-10-20 08:00",8.22,150.11,285.53,77.2,100.4,0,1.65,261.9,57,0.0052
"2029-10-20 09:00",10.29,243.57,294.04,67.3,100.4,0,1.58,263.4,92.5,0.0052
"2029-10-20 10:00",12.07,311.25,301.53,59.9,100.4,0,1.511,265.2,144.8,0.0052
"2029-10-20 11:00",14.72,349.07,312.95,50.5,100.4,0,1.443,267.1,176.5,0.0052
"2029-10-20 12:00",15.44,359.43,316.16,48.3,100.5,0,1.385,267.7,179.4,0.0053
"2029-10-20 13:00",15.66,337.03,317.14,47.8,100.5,0,1.327,268.4,157.3,0.0053
"2029-10-20 14:00",15.34,282.73,315.79,48.9,100.5,0,1.269,269.1,112,0.0053
"2029-10-20 15:00",14.49,199.57,312.14,51.8,100.5,0,1.212,269.9,66.5,0.0053
"2029-10-20 16:00",13.15,91.98,306.4,56.7,100.5,0,1.154,270.8,45.6,0.0053
"2029-10-20 17:00",11.47,0,299.29,63.5,100.5,0,1.097,271.8,0,0.0053
"2029-10-20 18:00",10.38,0,294.77,68.4,100.6,0,1.041,272.9,0,0.0053
"2029-10-20 19:00",9.41,0,290.78,73.3,100.6,0,0.985,274.2,0,0.0053
"2029-10-20 20:00",8.54,0,287.26,77.9,100.6,0,0.929,275.5,0,0.0054
"2029-10-20 21:00",7.76,0,284.13,82.4,100.6,0,0.874,277.1,0,0.0054
"2029-10-20 22:00",7.06,0,281.34,86.6,100.6,0,0.82,278.9,0,0.0054
"2029-10-20 23:00",6.42,0,278.83,90.8,100.6,0,0.767,280.9,0,0.0054
"2029-10-21 00:00",5.37,0,253.67,96.3,100.7,0,0.51,283.2,0,0.0053
"2029-10-21 01:00",4.88,0,251.82,99.2,100.7,0,0.474,285.8,0,0.0053
"2029-10-21 02:00",4.45,0,249.98,99.7,100.7,0,0.439,288.9,0,0.0052
"2029-10-21 03:00",4.09,0,248.36,99.7,100.7,0,0.406,292.6,0,0.005
"2029-10-21 04:00",3.78,0,246.97,99.7,100.7,0,0.374,296.9,0,0.0049
"2029-10-21 05:00",3.51,0,245.79,99.7,100.7,0,0.326,301.9,0,0.0048
"2029-10-21 06:00",3.28,0,244.78,99.7,100.8,0,0.303,307.9,0,0.0048
"2029-10-21 07:00",3.09,36.45,243.95,99.7,100.8,0,0.263,314.8,28.4,0.0047
"2029-10-21 08:00",6.18,176.07,256.9,93,100.8,0,0.249,322.7,67.8,0.0054
"2029-10-21 09:00",9.04,291.78,267.67,76.7,100.8,0,0.24,331.6,86.1,0.0054
"2029-10-21 10:00",11.42,378.39,276.83,65.6,100.8,0,0.237,340.9,97.4,0.0055
"2029-10-21 11:00",13.46,429.79,284.89,57.5,100.8,0,0.244,350.4,104.2,0.0055
"2029-10-21 12:00",14.9,433.23,290.75,52.5,100.8,0,0.252,1,106.7,0.0055
"2029-10-21 13:00",15.69,397.2,293.99,50.1,100.8,0,0.268,10.4,100.4,0.0055
"2029-10-21 14:00",15.77,325.26,294.38,50,100.8,0,0.305,18.5,89.3,0.0055
"2029-10-21 15:00",15.15,223.2,291.9,52.2,100.8,0,0.333,25.2,74.5,0.0056
"2029-10-21 16:00",13.86,97.97,286.74,57,100.8,0,0.357,30.7,49.8,0.0056
"2029-10-21 17:00",12.05,0,279.61,64.4,100.8,0,0.392,35.3,0,0.0056
"2029-10-21 18:00",10.63,0,274.11,71,100.8,0,0.428,39.1,0,0.0056
"2029-10-21 19:00",9.41,0,269.48,77.2,100.8,0,0.469,42.3,0,0.0056
"2029-10-21 20:00",8.37,0,265.56,83.2,100.8,0,0.509,44.9,0,0.0056
"2029-10-21 21:00",7.47,0,262.26,88.7,100.8,0,0.55,47.2,0,0.0057
"2029-10-21 22:00",6.71,0,259.46,93.7,100.8,0,0.592,49.2,0,0.0057
"2029-10-21 23:00",6.06,0,257.1,98.3,100.8,0,0.635,50.9,0,0.0057
"2029-10-22 00:00",5.82,0,287.6,99.5,100.7,0,1.129,52.3,0,0.0057
"2029-10-22 01:00",5.3,0,285,99.7,100.7,0,1.201,53.6,0,0.0055
"2029-10-22 02:00",4.86,0,282.74,99.7,100.7,0,1.274,54.8,0,0.0053
"2029-10-22 03:00",4.47,0,280.82,99.8,100.7,0,1.348,55.8,0,0.0052
"2029-10-22 04:00",4.15,0,279.17,99.8,100.7,0,1.422,56.7,0,0.0051
"2029-10-22 05:00",3.86,0,277.76,99.8,100.7,0,1.496,57.5,0,0.005
"2029-10-22 06:00",3.62,0,276.56,99.8,100.6,0,1.571,58.3,0,0.0049
"2029-10-22 07:00",3.33,23.46,275.11,99.8,100.6,0,1.646,59,19,0.0048
"2029-10-22 08:00",6.61,123.45,291.37,97.3,100.6,0,1.712,59.6,54.1,0.0059
"2029-10-22 09:00",9.67,201.52,304.37,79.3,100.6,0,1.787,60.1,119.7,0.0059
"2029-10-22 10:00",9.99,255.7,305.79,77.8,100.6,0,1.862,60.7,167,0.0059
"2029-10-22 11:00",12.49,283.5,316.77,66.2,100.6,0,1.937,61.2,194.7,0.0059
"2029-10-22 12:00",14.35,290.76,325.22,58.9,100.6,0,1.941,61.4,199.3,0.006
"2029-10-22 13:00",15.5,270.99,330.57,55,100.6,0,1.944,61.7,181.8,0.006
"2029-10-22 14:00",15.91,225.24,332.51,53.9,100.6,0,1.948,61.9,144.9,0.006
"2029-10-22 15:00",15.55,156.27,330.98,55.5,100.6,0,1.951,62.2,86.7,0.0061
"2029-10-22 16:00",14.48,67.85,326.19,59.8,100.6,0,1.955,62.4,35.4,0.0061
"2029-10-22 17:00",12.89,0,319.08,66.7,100.6,0,1.958,62.7,0,0.0061
"2029-10-22 18:00",11.72,0,313.99,72.4,100.6,0,1.962,62.9,0,0.0062
"2029-10-22 19:00",10.77,0,309.91,77.5,100.6,0,1.966,63.2,0,0.0062
"2029-10-22 20:00",10,0,306.65,82.1,100.6,0,1.969,63.4,0,0.0062
"2029-10-22 21:00",9.39,0,304.1,86,100.6,0,1.973,63.7,0,0.0063
"2029-10-22 22:00",8.91,0,302.14,89.3,100.6,0,1.977,63.9,0,0.0063
"2029-10-22 23:00",8.55,0,300.69,92,100.6,0,1.981,64.2,0,0.0063
"2029-10-23 00:00",8.98,0,320.73,92.3,100.7,0,2.162,64.4,0,0.0065
"2029-10-23 01:00",8.66,0,319.36,94.9,100.7,0,2.166,64.7,0,0.0066
"2029-10-23 02:00",8.38,0,318.18,97.2,100.7,0,2.17,64.9,0,0.0066
"2029-10-23 03:00",8.14,0,317.02,98.4,100.7,0,2.175,65.2,0,0.0066
"2029-10-23 04:00",7.93,0,316,99.3,100.7,0,2.179,65.4,0,0.0066
"2029-10-23 05:00",7.75,0,315.04,99.7,100.7,0,2.184,65.6,0,0.0065
"2029-10-23 06:00",7.59,0,314.19,99.8,100.7,0,2.188,65.9,0,0.0064
"2029-10-23 07:00",7.37,21.61,312.96,99.9,100.7,0,2.192,66.1,18.3,0.0063
"2029-10-23 08:00",9.8,132.33,325.15,91.1,100.6,0,2.197,66.4,52.4,0.0068
"2029-10-23 09:00",12.05,223.03,335.7,78.9,100.6,0,2.201,66.6,93.7,0.0069
"2029-10-23 10:00",12.53,290.26,338.09,76.8,100.6,0,2.206,66.8,144.5,0.0069
"2029-10-23 11:00",14.25,329.48,346.39,69,100.6,0,2.211,67.1,173.2,0.0069
"2029-10-23 12:00",15.46,325.79,352.34,64.2,100.6,0,2.091,68.1,185.7,0.007
"2029-10-23 13:00",16.09,292.11,355.57,62,100.5,0,1.972,69.3,172.9,0.007
"2029-10-23 14:00",16.13,232.93,355.88,62.1,100.5,0,1.854,70.7,137.6,0.0071
"2029-10-23 15:00",15.59,154.2,353.31,64.7,100.5,0,1.737,72.2,82.3,0.0071
"2029-10-23 16:00",14.51,62.3,348.13,69.7,100.4,0.1,1.621,73.9,33.4,0.0071
"2029-10-23 17:00",13.17,0,341.76,76.5,100.4,0.1,1.507,75.9,0,0.0072
"2029-10-23 18:00",12.51,0,338.71,80.3,100.3,0.1,1.396,78.2,0,0.0072
"2029-10-23 19:00",11.97,0,336.22,83.6,100.3,0.1,1.287,80.9,0,0.0073
"2029-10-23 20:00",11.52,0,334.22,86.6,100.2,0.1,1.182,84.1,0,0.0073
"2029-10-23 21:00",11.17,0,332.64,89.1,100.2,0.1,1.107,88,0,0.0073
"2029-10-23 22:00",10.89,0,331.42,91.2,100.1,0.1,1.011,92.6,0,0.0074
"2029-10-23 23:00",10.68,0,330.51,93,100.1,0.1,0.923,98.1,0,0.0074
"2029-10-24 00:00",11.07,0,362.28,94.7,99.7,0.2,0.548,105.7,0,0.0078
"2029-10-24 01:00",10.93,0,361.66,96.1,99.7,0.2,0.508,113.9,0,0.0078
"2029-10-24 02:00",10.81,0,361.14,97.3,99.6,0.2,0.48,123.3,0,0.0079
"2029-10-24 03:00",10.71,0,360.69,98.5,99.6,0.2,0.465,133.8,0,0.0079
"2029-10-24 04:00",10.62,0,360.27,99.4,99.5,0.2,0.441,144.6,0,0.0079
"2029-10-24 05:00",10.53,0,359.81,99.6,99.5,0.2,0.454,155,0,0.0079
"2029-10-24 06:00",10.46,0,359.38,99.7,99.5,0.2,0.479,164.5,0,0.0079
"2029-10-24 07:00",10.34,5.26,358.58,99.7,99.4,0.2,0.516,172.8,5.3,0.0078
"2029-10-24 08:00",11.56,34.31,365.51,95.4,99.4,0.2,0.562,179.7,34.3,0.0081
"2029-10-24 09:00",12.68,52.72,371.41,89,99.3,0.3,0.615,185.4,52.7,0.0082
"2029-10-24 10:00",15.11,61.43,384.29,76.5,99.3,0.3,0.674,190.2,61.4,0.0082
"2029-10-24 11:00",15.61,61.45,387.1,74.4,99.2,0.3,0.737,194.2,61.5,0.0083
"2029-10-24 12:00",15.84,69.68,388.27,73,99.3,0.3,0.818,197.6,69.7,0.0082
"2029-10-24 13:00",15.77,70.93,387.81,73,99.3,0.3,0.903,200.4,70.9,0.0082
"2029-10-24 14:00",15.39,63.66,385.67,74.5,99.3,0.2,0.991,202.7,63.7,0.0082
"2029-10-24 15:00",14.71,46.96,381.94,77.5,99.3,0.2,1.08,204.6,46.9,0.0081
"2029-10-24 16:00",13.75,20.51,376.8,82.1,99.3,0.2,1.17,206.3,20.5,0.0081
"2029-10-24 17:00",12.73,0,371.36,87.4,99.4,0.2,1.241,207.7,0,0.0081
"2029-10-24 18:00",12.16,0,368.33,90.3,99.4,0.2,1.331,208.9,0,0.008
"2029-10-24 19:00",11.63,0,365.53,93.1,99.4,0.2,1.423,209.9,0,0.008
"2029-10-24 20:00",11.15,0,362.96,95.8,99.4,0.2,1.514,210.9,0,0.0079
"2029-10-24 21:00",10.69,0,360.56,98.3,99.4,0.2,1.606,211.7,0,0.0079
"2029-10-24 22:00",10.27,0,358.15,99.6,99.5,0.2,1.698,212.4,0,0.0078
"2029-10-24 23:00",9.87,0,355.68,99.7,99.5,0.2,1.791,213.1,0,0.0076
"2029-10-25 00:00",8.61,0,308.41,99.7,99.7,0.2,2.383,213.5,0,0.0069
"2029-10-25 01:00",8.17,0,306.05,99.7,99.8,0.1,2.502,214,0,0.0067
"2029-10-25 02:00",7.8,0,304.02,99.7,99.8,0.1,2.621,214.6,0,0.0066
"2029-10-25 03:00",7.47,0,302.29,99.7,99.8,0.1,2.74,215,0,0.0064
"2029-10-25 04:00",7.19,0,300.8,99.7,99.8,0.1,2.859,215.4,0,0.0063
"2029-10-25 05:00",6.95,0,299.51,99.7,99.9,0.1,2.978,215.8,0,0.0062
"2029-10-25 06:00",6.74,0,298.41,99.7,99.9,0.1,3.098,216.2,0,0.0061
"2029-10-25 07:00",6.25,10.69,295.79,99.7,99.9,0.1,3.218,216.5,10.6,0.0059
"2029-10-25 08:00",9.26,96.02,311.55,97.1,99.9,0.1,3.337,216.8,61.9,0.0071
"2029-10-25 09:00",12.06,170.22,324.06,80.2,99.9,0.1,3.457,217.1,119,0.007
"2029-10-25 10:00",12.36,229.34,325.34,78.3,100,0.1,3.577,217.4,162.6,0.007
"2029-10-25 11:00",14.61,268.06,335.69,67.3,100,0.1,3.697,217.6,187.4,0.007
"2029-10-25 12:00",16.26,278.93,343.43,60.4,100,0.1,3.797,218,191.1,0.0069
"2029-10-25 13:00",17.24,262.8,348.03,56.6,100,0.1,3.898,218.4,172.6,0.0069
"2029-10-25 14:00",17.49,219.62,349.22,55.5,100,0.1,3.999,218.8,134.8,0.0069
"2029-10-25 15:00",17.04,151.17,346.98,57,100,0.1,4.1,219.1,72.6,0.0069
"2029-10-25 16:00",15.91,60.26,341.58,61,100,0.1,4.201,219.4,34.1,0.0069
"2029-10-25 17:00",14.44,0,334.62,66.9,100,0.1,4.302,219.8,0,0.0068
"2029-10-25 18:00",13.54,0,330.37,70.8,100,0.1,4.403,220,0,0.0068
"2029-10-25 19:00",12.8,0,326.92,74.1,100,0.1,4.505,220.3,0,0.0068
"2029-10-25 20:00",12.21,0,324.17,76.8,100,0.1,4.606,220.6,0,0.0068
"2029-10-25 21:00",11.74,0,322,79,100,0.1,4.708,220.9,0,0.0068
"2029-10-25 22:00",11.38,0,320.32,80.7,100,0.1,4.81,221.1,0,0.0068
"2029-10-25 23:00",11.11,0,319.08,81.9,100,0.1,4.912,221.3,0,0.0067
"2029-10-26 00:00",11.34,0,289.51,83,99.8,0.1,5.417,221.6,0,0.0069
"2029-10-26 01:00",11.12,0,288.58,84,99.8,0.1,5.527,221.8,0,0.0069
"2029-10-26 02:00",10.93,0,287.78,84.8,99.8,0.1,5.637,222,0,0.0069
"2029-10-26 03:00",10.77,0,287.07,85.5,99.9,0.1,5.748,222.2,0,0.0069
"2029-10-26 04:00",10.63,0,286.45,86,99.9,0.1,5.858,222.4,0,0.0069
"2029-10-26 05:00",10.5,0,285.91,86.5,99.9,0.1,5.969,222.6,0,0.0068
"2029-10-26 06:00",10.39,0,285.43,86.9,99.9,0.1,6.079,222.8,0,0.0068
"2029-10-26 07:00",10.09,13.01,284.16,88.4,99.9,0.1,6.19,222.9,12.6,0.0068
"2029-10-26 08:00",11.9,146.76,291.46,78.2,99.9,0.1,6.3,223.1,60.7,0.0068
"2029-10-26 09:00",13.57,258.16,298.32,69.9,99.9,0.1,6.411,223.3,79.7,0.0068
"2029-10-26 10:00",15.89,342.72,308.08,60,99.9,0.2,6.522,223.4,91.5,0.0067
"2029-10-26 11:00",16.86,394.09,312.18,56.2,99.9,0.2,6.633,223.6,99.7,0.0067
"2029-10-26 12:00",17.43,399.77,314.56,54,99.9,0.2,6.574,223.6,102.4,0.0067
"2029-10-26 13:00",17.55,366.88,315.04,53.3,99.9,0.2,6.515,223.6,95.4,0.0067
"2029-10-26 14:00",17.22,298.2,313.53,54.1,100,0.2,6.456,223.7,85.5,0.0066
"2029-10-26 15:00",16.45,198.78,310.11,56.6,100,0.2,6.397,223.7,70.5,0.0066
"2029-10-26 16:00",15.27,74.47,305.01,60.7,100.1,0.2,6.339,223.8,43.3,0.0065
"2029-10-26 17:00",14.02,0,299.66,65.5,100.1,0.2,6.28,223.8,0,0.0065
"2029-10-26 18:00",13.32,0,296.68,68.2,100.1,0.2,6.221,223.9,0,0.0065
"2029-10-26 19:00",12.69,0,294.01,70.7,100.2,0.2,6.162,223.9,0,0.0064
"2029-10-26 20:00",12.13,0,291.62,73,100.2,0.2,6.103,224,0,0.0064
"2029-10-26 21:00",11.62,0,289.47,75.1,100.3,0.2,6.044,224,0,0.0064
"2029-10-26 22:00",11.16,0,287.53,77,100.3,0.2,5.986,224.1,0,0.0063
"2029-10-26 23:00",10.74,0,285.76,78.7,100.3,0.2,5.927,224.1,0,0.0063
"2029-10-27 00:00",9.79,0,289.78,76.6,100.7,0.2,5.225,224.2,0,0.0057
"2029-10-27 01:00",9.52,0,288.62,77.5,100.7,0.2,5.173,224.2,0,0.0057
"2029-10-27 02:00",9.29,0,287.6,78.3,100.8,0.2,5.12,224.3,0,0.0057
"2029-10-27 03:00",9.09,0,286.7,79,100.8,0.2,5.068,224.3,0,0.0056
"2029-10-27 04:00",8.91,0,285.91,79.5,100.8,0.2,5.016,224.4,0,0.0056
"2029-10-27 05:00",8.76,0,285.22,79.9,100.9,0.2,4.963,224.4,0,0.0056
"2029-10-27 06:00",8.63,0,284.6,80.2,100.9,0.2,4.911,224.5,0,0.0055
"2029-10-27 07:00",8.19,8.38,282.76,82.1,100.9,0.2,4.859,224.5,8.1,0.0055
"2029-10-27 08:00",10.37,128.42,291.56,70.5,101,0.2,4.806,224.6,54,0.0055
"2029-10-27 09:00",12.39,223.81,299.88,61.3,101,0.2,4.754,224.7,74,0.0054
"2029-10-27 10:00",13.28,291.95,303.53,57.6,101.1,0.2,4.702,224.7,113.4,0.0054
"2029-10-27 11:00",14.74,329.12,309.71,52,101.1,0.2,4.649,224.8,145.3,0.0054
"2029-10-27 12:00",15.73,328.08,314.32,49.9,101.1,0.2,4.661,224.4,159.1,0.0055
"2029-10-27 13:00",16.19,295.37,316.65,49.4,101,0.2,4.672,224.1,147.2,0.0056
"2029-10-27 14:00",16.1,234.96,316.58,50.7,101,0.2,4.684,223.7,111,0.0057
"2029-10-27 15:00",15.48,152.46,314.16,53.7,101,0.2,4.695,223.4,61.3,0.0058
"2029-10-27 16:00",14.37,53.77,309.62,58.8,101,0.2,4.707,223.1,32.2,0.0059
"2029-10-27 17:00",13.18,0,304.82,64.8,100.9,0.2,4.719,222.7,0,0.006
"2029-10-27 18:00",12.61,0,302.67,68.5,100.9,0.2,4.731,222.4,0,0.0062
"2029-10-27 19:00",12.13,0,300.91,71.9,100.9,0.2,4.744,222.1,0,0.0063
"2029-10-27 20:00",11.73,0,299.47,75.2,100.8,0.2,4.756,221.7,0,0.0064
"2029-10-27 21:00",11.39,0,298.33,78.2,100.8,0.2,4.769,221.4,0,0.0065
"2029-10-27 22:00",11.12,0,297.43,81,100.8,0.2,4.782,221.1,0,0.0066
"2029-10-27 23:00",10.9,0,296.74,83.6,100.7,0.2,4.795,220.7,0,0.0067
"2029-10-28 00:00",11.68,0,357.09,89.8,100.4,0.2,5.18,220.4,0,0.0076
"2029-10-28 01:00",11.38,0,355.86,93.1,100.4,0.2,5.195,220.1,0,0.0078
"2029-10-28 02:00",11.11,0,354.83,96.2,100.3,0.2,5.209,219.8,0,0.0079
"2029-10-28 03:00",10.88,0,353.93,99.1,100.3,0.2,5.224,219.5,0,0.008
"2029-10-28 04:00",10.69,0,352.81,99.7,100.3,0.2,5.239,219.1,0,0.0079
"2029-10-28 05:00",10.51,0,351.75,99.7,100.3,0.2,5.254,218.8,0,0.0079
"2029-10-28 06:00",10.36,0,350.83,99.7,100.2,0.2,5.269,218.5,0,0.0078
"2029-10-28 07:00",9.8,2.36,347.37,99.7,100.2,0.2,5.284,218.2,2.4,0.0075
"2029-10-28 08:00",12.26,54.68,362.21,97.6,100.2,0.2,5.3,217.9,51.6,0.0086
"2029-10-28 09:00",14.54,92.53,374.23,85.3,100.1,0.2,5.316,217.6,89.6,0.0088
"2029-10-28 10:00",13.78,115.86,370.53,90.9,100.1,0.2,5.331,217.3,113.7,0.0089
"2029-10-28 11:00",15.71,124.71,380.9,81.4,100.1,0.2,5.347,217,123.4,0.009
"2029-10-28 12:00",17.1,131.03,388.44,74.9,100.1,0.2,5.301,216.7,129.3,0.0091
"2029-10-28 13:00",17.9,124.16,392.86,71.6,100.1,0.2,5.256,216.4,121.9,0.0091
"2029-10-28 14:00",18.08,103.77,393.94,71.1,100.1,0.2,5.21,216.1,101.2,0.0092
"2029-10-28 15:00",17.66,70.39,391.74,73.5,100.1,0.1,5.164,215.8,67.8,0.0092
"2029-10-28 16:00",16.68,25.04,386.58,78.6,100.1,0.1,5.119,215.5,23.7,0.0093
"2029-10-28 17:00",15.64,0,381.16,84.4,100.1,0.1,5.074,215.2,0,0.0093
"2029-10-28 18:00",15.26,0,379.23,87,100.1,0.1,5.029,214.9,0,0.0094
"2029-10-28 19:00",14.97,0,377.85,89,100.2,0.1,4.984,214.6,0,0.0094
"2029-10-28 20:00",14.78,0,376.94,90.6,100.2,0.1,4.939,214.3,0,0.0095
"2029-10-28 21:00",14.67,0,376.44,91.8,100.2,0.1,4.894,214,0,0.0095
"2029-10-28 22:00",14.62,0,376.3,92.5,100.2,0.1,4.85,213.7,0,0.0096
"2029-10-28 23:00",14.64,0,376.47,92.9,100.2,0.1,4.805,213.3,0,0.0096
"2029-10-29 00:00",15.19,0,366.17,90.1,100.2,0.1,4.969,213,0,0.0097
"2029-10-29 01:00",15.11,0,365.85,91,100.3,0.1,4.923,212.6,0,0.0097
"2029-10-29 02:00",15.04,0,365.58,91.9,100.3,0.1,4.877,212.3,0,0.0097
"2029-10-29 03:00",14.97,0,365.36,92.8,100.3,0.1,4.832,211.9,0,0.0098
"2029-10-29 04:00",14.92,0,365.17,93.6,100.3,0.1,4.786,211.5,0,0.0098
"2029-10-29 05:00",14.87,0,365.01,94.3,100.3,0.1,4.741,211.2,0,0.0099
"2029-10-29 06:00",14.83,0,364.88,95.1,100.3,0.1,4.696,210.8,0,0.0099
"2029-10-29 07:00",14.63,1.64,363.97,96.8,100.3,0,4.652,210.4,1.6,0.01
"2029-10-29 08:00",15.48,79.63,368.41,92,100.3,0,4.607,210,56.2,0.01
"2029-10-29 09:00",16.27,146.13,372.54,88,100.3,0,4.563,209.6,111,0.0101
"2029-10-29 10:00",17.55,197.08,379.27,81.5,100.3,0,4.519,209.2,153.8,0.0101
"2029-10-29 11:00",17.94,228.5,381.45,79.9,100.4,0,4.475,208.8,178.8,0.0102
"2029-10-29 12:00",18.14,229.1,382.45,78.9,100.4,0,4.333,208.7,182.9,0.0102
"2029-10-29 13:00",18.1,207.02,382.28,79,100.4,0,4.191,208.6,166.3,0.0102
"2029-10-29 14:00",17.84,164.73,380.89,80.2,100.4,0,4.048,208.5,130.9,0.0102
"2029-10-29 15:00",17.37,105.89,378.38,82.6,100.5,0,3.906,208.4,80.8,0.0101
"2029-10-29 16:00",16.7,34.33,374.89,86.2,100.5,0,3.764,208.3,25.1,0.0101
"2029-10-29 17:00",16.1,0,371.79,89.4,100.5,0,3.622,208.2,0,0.0101
"2029-10-29 18:00",15.82,0,370.32,91,100.6,0,3.48,208,0,0.0101
"2029-10-29 19:00",15.55,0,368.96,92.5,100.6,0,3.338,207.9,0,0.0101
"2029-10-29 20:00",15.31,0,367.7,93.9,100.6,0,3.195,207.8,0,0.0101
"2029-10-29 21:00",15.09,0,366.54,95.2,100.7,0,3.053,207.6,0,0.0101
"2029-10-29 22:00",14.88,0,365.46,96.4,100.7,0,2.911,207.4,0,0.0101
"2029-10-29 23:00",14.68,0,364.45,97.6,100.7,0,2.769,207.2,0,0.0101
"2029-10-30 00:00",14.07,0,377.9,99.4,100.9,0,2.047,207.1,0,0.0098
"2029-10-30 01:00",13.94,0,377.1,99.6,100.9,0.1,1.937,206.9,0,0.0098
"2029-10-30 02:00",13.83,0,376.38,99.7,101,0.1,1.828,206.6,0,0.0097
"2029-10-30 03:00",13.73,0,375.73,99.7,101,0.1,1.718,206.3,0,0.0096
"2029-10-30 04:00",13.64,0,375.15,99.7,101,0.1,1.608,206,0,0.0096
"2029-10-30 05:00",13.56,0,374.65,99.7,101,0.1,1.499,205.6,0,0.0095
"2029-10-30 06:00",13.49,0,374.21,99.7,101.1,0.1,1.39,205.2,0,0.0095
"2029-10-30 07:00",13.15,0.3,372,99.7,101.1,0.1,1.301,204.7,0.3,0.0093
"2029-10-30 08:00",14.43,44.48,379.8,97,101.1,0.1,1.19,204.1,43.4,0.0098
"2029-10-30 09:00",15.62,78.81,386.12,89.8,101.2,0.1,1.079,203.4,77.9,0.0098
"2029-10-30 10:00",16.89,101.53,392.98,82.7,101.2,0.1,0.969,202.5,100.7,0.0098
"2029-10-30 11:00",17.61,112.07,396.87,79,101.2,0.1,0.858,201.4,111.4,0.0098
"2029-10-30 12:00",18.03,119.09,399.13,76.9,101.2,0.1,0.793,198.8,118.2,0.0098
"2029-10-30 13:00",18.11,113.8,399.55,76.4,101.2,0.1,0.73,195.9,112.6,0.0098
"2029-10-30 14:00",17.85,95.49,398.1,77.5,101.2,0.1,0.67,192.3,93.9,0.0097
"2029-10-30 15:00",17.26,64.34,394.87,80.3,101.2,0.1,0.613,188.2,62.4,0.0097
"2029-10-30 16:00",16.39,20.92,390.1,84.8,101.2,0.1,0.561,183.2,20,0.0097
"2029-10-30 17:00",15.62,0,385.91,89,101.2,0.1,0.516,177.2,0,0.0097
"2029-10-30 18:00",15.26,0,383.97,90.9,101.2,0.1,0.478,170.1,0,0.0097
"2029-10-30 19:00",14.94,0,382.24,92.7,101.2,0.1,0.45,161.9,0,0.0097
"2029-10-30 20:00",14.65,0,380.69,94.3,101.2,0.1,0.455,152.5,0,0.0097
"2029-10-30 21:00",14.4,0,379.3,95.7,101.2,0.1,0.45,142.5,0,0.0096
"2029-10-30 22:00",14.17,0,378.06,97,101.2,0.1,0.458,132.3,0,0.0096
"2029-10-30 23:00",13.96,0,376.92,98.1,101.2,0.1,0.478,122.5,0,0.0096
"2029-10-31 00:00",13.73,0,342.21,98.9,101.1,0.1,0.611,111.6,0,0.0096
"2029-10-31 01:00",13.57,0,341.38,99.5,101.1,0.1,0.661,104.3,0,0.0095
"2029-10-31 02:00",13.43,0,340.59,99.7,101.1,0,0.72,98.1,0,0.0095
"2029-10-31 03:00",13.31,0,339.87,99.7,101.1,0,0.767,92.9,0,0.0094
"2029-10-31 04:00",13.2,0,339.24,99.7,101.1,0,0.837,88.5,0,0.0093
"2029-10-31 05:00",13.11,0,338.68,99.7,101.1,0,0.91,84.9,0,0.0093
"2029-10-31 06:00",13.03,0,338.2,99.7,101.1,0,0.987,81.8,0,0.0092
"2029-10-31 07:00",12.57,0.01,335.56,99.7,101.1,0,1.067,79.2,0,0.0089
"2029-10-31 08:00",14.09,75.08,343.74,95.7,101.1,0,1.149,76.9,51.7,0.0095
"2029-10-31 09:00",15.49,142.33,350.5,87.3,101.1,0,1.232,75,106.3,0.0095
"2029-10-31 10:00",16.94,194.28,357.59,79.5,101.1,0,1.316,73.3,148.9,0.0094
"2029-10-31 11:00",17.81,226.76,361.87,75.2,101.1,0,1.402,71.8,173.9,0.0094
"2029-10-31 12:00",18.32,237.29,364.43,72.7,101.1,0,1.464,70.7,178.2,0.0094
"2029-10-31 13:00",18.45,223.23,365.06,72,101.1,0,1.527,69.7,161,0.0094
"2029-10-31 14:00",18.18,184.2,363.68,73.1,101.1,0,1.59,68.8,123.6,0.0094
"2029-10-31 15:00",17.53,121.51,360.39,76.1,101.1,0,1.653,68,66.7,0.0094
"2029-10-31 16:00",16.53,36.89,355.44,81,101.1,0,1.717,67.2,25,0.0094
"2029-10-31 17:00",15.65,0,351.12,85.5,101.1,0,1.781,66.5,0,0.0094
"2029-10-31 18:00",15.22,0,348.98,87.8,101.1,0,1.846,65.8,0,0.0093
"2029-10-31 19:00",14.83,0,347.09,89.9,101.1,0,1.91,65.2,0,0.0093
"2029-10-31 20:00",14.49,0,345.4,91.8,101.1,0,1.985,64.6,0,0.0093
"2029-10-31 21:00",14.18,0,343.9,93.6,101.1,0,2.05,64.1,0,0.0093
"2029-10-31 22:00",13.91,0,342.57,95.1,101.1,0,2.116,63.6,0,0.0093
"2029-10-31 23:00",13.66,0,341.37,96.5,101.1,0,2.181,63.1,0,0.0093
"2029-11-01 00:00",13.41,0,298.57,97.4,101.2,0,2.454,62.7,0,0.0092
"2029-11-01 01:00",13.22,0,297.77,98.5,101.2,0,2.526,62.2,0,0.0092
"2029-11-01 02:00",13.06,0,297.06,99.3,101.2,0,2.598,61.8,0,0.0092
"2029-11-01 03:00",12.91,0,296.37,99.6,101.2,0,2.671,61.4,0,0.0091
"2029-11-01 04:00",12.79,0,295.73,99.7,101.2,0,2.743,61.1,0,0.0091
"2029-11-01 05:00",12.68,0,295.17,99.7,101.2,0,2.816,60.7,0,0.009
"2029-11-01 06:00",12.58,0,294.68,99.7,101.2,0,2.888,60.4,0,0.0089
"2029-11-01 07:00",12.01,0,291.79,99.7,101.2,0,2.961,60.1,0,0.0086
"2029-11-01 08:00",13.72,118.59,299.73,94.5,101.2,0,3.034,59.8,54.2,0.0091
"2029-11-01 09:00",15.31,226.97,306.41,85.2,101.2,0,3.107,59.5,74.3,0.0091
"2029-11-01 10:00",17.1,309.46,314.12,75.8,101.2,0,3.18,59.3,86.4,0.0091
"2029-11-01 11:00",18.07,359.84,318.34,71.2,101.2,0,3.253,59,94.1,0.0091
"2029-11-01 12:00",18.66,368.47,320.9,68.7,101.2,0,3.224,59.3,95.8,0.0091
"2029-11-01 13:00",18.8,338.95,321.56,68,101.1,0,3.194,59.6,91,0.0091
"2029-11-01 14:00",18.51,273.11,320.24,69.3,101.1,0,3.165,59.9,82.4,0.0091
"2029-11-01 15:00",17.78,175.04,317.04,72.6,101.1,0,3.136,60.2,67,0.0091
"2029-11-01 16:00",16.66,48.98,312.18,77.9,101.1,0,3.107,60.5,34.3,0.0091
"2029-11-01 17:00",15.67,0,307.94,82.9,101,0,3.078,60.8,0,0.0091
"2029-11-01 18:00",15.13,0,305.63,85.8,101,0,3.05,61.2,0,0.0091
"2029-11-01 19:00",14.65,0,303.59,88.5,101,0,3.021,61.5,0,0.0091
"2029-11-01 20:00",14.22,0,301.77,91,101,0,2.992,61.8,0,0.0091
"2029-11-01 21:00",13.84,0,300.15,93.3,101,0,2.964,62.2,0,0.0091
"2029-11-01 22:00",13.49,0,298.71,95.4,100.9,0,2.936,62.5,0,0.0091
"2029-11-01 23:00",13.18,0,297.41,97.4,100.9,0,2.907,62.9,0,0.0091
"2029-11-02 00:00",12.77,0,294.19,99.5,100.8,0,2.786,63.2,0,0.0091
"2029-11-02 01:00",12.54,0,293.06,99.7,100.8,0,2.759,63.6,0,0.0089
"2029-11-02 02:00",12.34,0,292.04,99.7,100.7,0,2.732,64,0,0.0088
"2029-11-02 03:00",12.17,0,291.15,99.7,100.7,0,2.705,64.4,0,0.0087
"2029-11-02 04:00",12.01,0,290.38,99.7,100.7,0,2.679,64.8,0,0.0086
"2029-11-02 05:00",11.88,0,289.71,99.7,100.7,0,2.652,65.2,0,0.0086
"2029-11-02 06:00",11.76,0,289.12,99.7,100.6,0,2.625,65.6,0,0.0085
"2029-11-02 07:00",11.02,0,285.41,99.7,100.6,0,2.599,66,0,0.0081
"2029-11-02 08:00",13.05,123.52,295.39,98.1,100.6,0,2.573,66.4,57.5,0.0091
"2029-11-02 09:00",14.94,236.84,303.29,86.8,100.6,0,2.534,66.9,78.3,0.0091
"2029-11-02 10:00",16.06,319.84,308.05,80.7,100.6,0,2.509,67.3,90,0.0091
"2029-11-02 11:00",17.39,367.4,313.77,74.2,100.5,0,2.483,67.8,96.1,0.0091
"2029-11-02 12:00",18.26,373.96,317.59,70.3,100.5,0,2.41,68.9,96.6,0.0091
"2029-11-02 13:00",18.62,341.51,319.2,68.8,100.5,0,2.339,70.1,92.4,0.0091
"2029-11-02 14:00",18.46,272.65,318.5,69.5,100.5,0,2.268,71.3,83,0.0091
"2029-11-02 15:00",17.79,172.18,315.57,72.6,100.5,0,2.199,72.7,66.8,0.0092
"2029-11-02 16:00",16.65,44.73,310.67,78.1,100.5,0,2.13,74.1,32.4,0.0092
"2029-11-02 17:00",15.66,0,306.45,83.3,100.5,0,2.064,75.7,0,0.0092
"2029-11-02 18:00",15.15,0,304.29,86.1,100.5,0,1.999,77.3,0,0.0092
"2029-11-02 19:00",14.71,0,302.47,88.6,100.5,0,1.935,79,0,0.0092
"2029-11-02 20:00",14.34,0,300.92,90.9,100.5,0,1.874,80.9,0,0.0092
"2029-11-02 21:00",14.03,0,299.61,92.8,100.5,0,1.815,82.8,0,0.0092
"2029-11-02 22:00",13.76,0,298.51,94.5,100.5,0,1.758,84.9,0,0.0092
"2029-11-02 23:00",13.54,0,297.6,96,100.4,0,1.703,87.2,0,0.0092
"2029-11-03 00:00",13.65,0,321.35,96.7,100.5,0,1.381,89.6,0,0.0094
"2029-11-03 01:00",13.46,0,320.5,98.1,100.5,0,1.341,92.2,0,0.0094
"2029-11-03 02:00",13.29,0,319.75,99.2,100.5,0,1.303,94.8,0,0.0094
"2029-11-03 03:00",13.14,0,318.97,99.4,100.5,0,1.268,97.7,0,0.0093
"2029-11-03 04:00",13.01,0,318.28,99.6,100.5,0,1.237,100.7,0,0.0092
"2029-11-03 05:00",12.9,0,317.67,99.7,100.5,0,1.209,103.8,0,0.0092
"2029-11-03 06:00",12.8,0,317.13,99.7,100.4,0,1.186,107.1,0,0.0091
"2029-11-03 07:00",12.1,0,313.31,99.7,100.4,0,1.166,110.5,0,0.0087
"2029-11-03 08:00",13.9,105.94,322.59,95.9,100.4,0,1.15,114,50.2,0.0094
"2029-11-03 09:00",15.58,205.19,330.24,86.1,100.4,0,1.166,117.6,68.5,0.0094
"2029-11-03 10:00",16.59,276.49,334.91,80.8,100.4,0,1.16,121.3,87.4,0.0095
"2029-11-03 11:00",17.76,315.99,340.37,75.1,100.4,0,1.158,124.9,108.7,0.0095
"2029-11-03 12:00",18.51,324.31,343.88,71.5,100.4,0,1.18,122.3,112.1,0.0094
"2029-11-03 13:00",18.8,298.28,345.22,70.1,100.4,0,1.205,119.8,96.5,0.0094
"2029-11-03 14:00",18.61,239.36,344.3,70.8,100.4,0,1.232,117.4,73.9,0.0094
"2029-11-03 15:00",17.96,151.07,341.22,73.6,100.4,0,1.232,115.1,59.4,0.0094
"2029-11-03 16:00",16.91,36.7,336.24,78.6,100.3,0,1.263,113,27.5,0.0094
"2029-11-03 17:00",16.05,0,332.26,82.8,100.3,0,1.295,110.9,0,0.0094
"2029-11-03 18:00",15.63,0,330.31,84.9,100.3,0,1.329,108.9,0,0.0094
"2029-11-03 19:00",15.28,0,328.64,86.7,100.3,0,1.364,107,0,0.0093
"2029-11-03 20:00",14.97,0,327.22,88.3,100.3,0,1.401,105.3,0,0.0093
"2029-11-03 21:00",14.71,0,326.01,89.6,100.3,0,1.439,103.6,0,0.0093
"2029-11-03 22:00",14.49,0,324.98,90.8,100.3,0,1.478,102,0,0.0093
"2029-11-03 23:00",14.31,0,324.12,91.7,100.3,0,1.519,100.5,0,0.0093
"2029-11-04 00:00",14.2,0,319.22,92.6,100.2,0,2.061,99,0,0.0093
"2029-11-04 01:00",14.07,0,318.62,93.2,100.2,0,2.117,97.7,0,0.0093
"2029-11-04 02:00",13.96,0,318.1,93.7,100.2,0,2.174,96.4,0,0.0093
"2029-11-04 03:00",13.86,0,317.63,94.1,100.2,0,2.232,95.2,0,0.0093
"2029-11-04 04:00",13.77,0,317.22,94.5,100.2,0,2.291,94,0,0.0092
"2029-11-04 05:00",13.7,0,316.85,94.8,100.2,0,2.351,92.9,0,0.0092
"2029-11-04 06:00",13.63,0,316.53,95,100.2,0,2.412,91.9,0,0.0092
"2029-11-04 07:00",13.57,0,316.24,95.2,100.2,0,2.474,90.9,0,0.0092
"2029-11-04 08:00",14.38,111.37,319.8,90.2,100.1,0,2.536,89.9,53.8,0.0092
"2029-11-04 09:00",15.56,221.44,325.08,83.4,100.1,0,2.599,89.1,74.7,0.0092
"2029-11-04 10:00",17.86,302.36,335.54,72,100.1,0,2.663,88.2,86.4,0.0092
"2029-11-04 11:00",18.42,349.09,338.12,69.4,100.1,0,2.727,87.4,92.5,0.0091
"2029-11-04 12:00",18.69,348.22,339.27,67.9,100.1,0,2.645,88.9,93.6,0.0091
"2029-11-04 13:00",18.62,310.68,338.87,67.8,100.1,0,2.565,90.5,87.5,0.009
"2029-11-04 14:00",18.21,241.2,336.88,69.3,100.1,0,2.487,92.2,74.7,0.009
"2029-11-04 15:00",17.47,146.31,333.39,72.2,100,0,2.411,94,58.3,0.009
"2029-11-04 16:00",16.45,31.65,328.61,76.6,100,0,2.338,95.9,24.6,0.0089
"2029-11-04 17:00",15.62,0,324.79,80.4,100,0,2.268,98,0,0.0089
"2029-11-04 18:00",15.11,0,322.4,82.6,100,0.1,2.2,100.1,0,0.0088
"2029-11-04 19:00",14.64,0,320.2,84.8,100,0.1,2.137,102.5,0,0.0088
"2029-11-04 20:00",14.19,0,318.16,86.8,99.9,0.1,2.077,104.9,0,0.0087
"2029-11-04 21:00",13.78,0,316.25,88.7,99.9,0.1,2.021,107.5,0,0.0087
"2029-11-04 22:00",13.4,0,314.46,90.4,99.9,0.1,1.969,110.2,0,0.0087
"2029-11-04 23:00",13.03,0,312.78,92.1,99.9,0.1,1.967,113.1,0,0.0086
"2029-11-05 00:00",10.85,0,328.02,99.7,99.7,0.1,1.713,116.1,0,0.0081
"2029-11-05 01:00",10.59,0,326.53,99.7,99.7,0.1,1.68,119.2,0,0.008
"2029-11-05 02:00",10.37,0,325.23,99.7,99.7,0.1,1.652,122.5,0,0.0078
"2029-11-05 03:00",10.17,0,324.1,99.7,99.6,0.1,1.629,125.8,0,0.0077
"2029-11-05 04:00",9.99,0,323.12,99.7,99.6,0.1,1.612,129.3,0,0.0076
"2029-11-05 05:00",9.84,0,322.26,99.7,99.6,0.1,1.602,132.8,0,0.0076
"2029-11-05 06:00",9.71,0,321.51,99.7,99.6,0.2,1.597,136.3,0,0.0075
"2029-11-05 07:00",9.59,0,320.85,99.7,99.6,0.2,1.598,139.9,0,0.0074
"2029-11-05 08:00",10.97,44.05,328.26,97.3,99.5,0.2,1.606,143.4,40.5,0.008
"2029-11-05 09:00",13.12,84.17,338.27,83.9,99.5,0.2,1.619,146.9,80.2,0.0079
"2029-11-05 10:00",15.09,108.56,347.59,73.5,99.5,0.2,1.638,150.3,105.5,0.0079
"2029-11-05 11:00",16.51,117.58,354.43,66.7,99.5,0.2,1.58,153.6,115.6,0.0078
"2029-11-05 12:00",17.42,127.98,358.88,62.9,99.5,0.2,1.561,152.6,124.7,0.0078
"2029-11-05 13:00",17.75,124.07,360.49,61.5,99.5,0.2,1.542,151.5,119.4,0.0078
"2029-11-05 14:00",17.48,104.21,359.1,62.5,99.6,0.2,1.524,150.4,98.4,0.0078
"2029-11-05 15:00",16.62,67.83,354.84,65.9,99.6,0.2,1.585,149.3,61.8,0.0078
"2029-11-05 16:00",15.23,14.43,348.05,71.9,99.6,0.2,1.567,148.2,13.6,0.0078
"2029-11-05 17:00",14.09,0,342.53,77.3,99.7,0.1,1.55,147,0,0.0078
"2029-11-05 18:00",13.4,0,339.24,80.7,99.7,0.1,1.533,145.8,0,0.0077
"2029-11-05 19:00",12.8,0,336.37,83.8,99.7,0.1,1.517,144.6,0,0.0077
"2029-11-05 20:00",12.27,0,333.86,86.6,99.7,0.1,1.502,143.4,0,0.0077
"2029-11-05 21:00",11.81,0,331.67,89.2,99.8,0.1,1.487,142.1,0,0.0077
"2029-11-05 22:00",11.4,0,329.75,91.5,99.8,0.1,1.473,140.9,0,0.0077
"2029-11-05 23:00",11.04,0,328.07,93.6,99.8,0.1,1.46,139.6,0,0.0077
"2029-11-06 00:00",10.67,0,299.8,95.9,100.2,0.1,1.344,138.2,0,0.0077
"2029-11-06 01:00",10.4,0,298.64,97.5,100.2,0.1,1.333,136.8,0,0.0076
"2029-11-06 02:00",10.17,0,297.59,98.8,100.2,0.1,1.324,135.4,0,0.0076
"2029-11-06 03:00",9.96,0,296.6,99.3,100.2,0.1,1.315,134,0,0.0075
"2029-11-06 04:00",9.78,0,295.69,99.5,100.3,0.1,1.307,132.6,0,0.0075
"2029-11-06 05:00",9.63,0,294.9,99.6,100.3,0,1.299,131.2,0,0.0074
"2029-11-06 06:00",9.49,0,294.2,99.6,100.3,0,1.293,129.7,0,0.0073
"2029-11-06 07:00",9.37,0,293.58,99.7,100.4,0,1.287,128.3,0,0.0073
"2029-11-06 08:00",10.72,95.27,299.82,94.5,100.4,0,1.283,126.8,47.8,0.0075
"2029-11-06 09:00",12.95,201.64,309.34,81.5,100.4,0,1.279,125.3,69.4,0.0075
"2029-11-06 10:00",14.88,284.6,317.79,71.8,100.4,0,1.276,123.8,82.6,0.0075
"2029-11-06 11:00",16.38,337.31,324.43,65.1,100.5,0,1.274,122.3,90.6,0.0075
"2029-11-06 12:00",17.34,337.86,328.81,61.4,100.5,0,1.271,125,91.8,0.0075
"2029-11-06 13:00",17.71,301.97,330.49,60.1,100.4,0,1.271,127.8,85.4,0.0075
"2029-11-06 14:00",17.45,233.96,329.35,61.2,100.4,0.1,1.274,130.5,73.7,0.0076
"2029-11-06 15:00",16.58,139.93,325.46,64.8,100.4,0.1,1.28,133.2,57.2,0.0076
"2029-11-06 16:00",15.17,24.83,319.18,71,100.4,0.1,1.288,135.9,20.8,0.0076
"2029-11-06 17:00",14.03,0,314.19,76.6,100.4,0.1,1.3,138.5,0,0.0076
"2029-11-06 18:00",13.34,0,311.18,80.3,100.3,0.1,1.314,141.1,0,0.0076
"2029-11-06 19:00",12.73,0,308.58,83.7,100.3,0.2,1.331,143.7,0,0.0076
"2029-11-06 20:00",12.2,0,306.32,86.8,100.3,0.2,1.35,146.1,0,0.0076
"2029-11-06 21:00",11.74,0,304.36,89.6,100.3,0.2,1.303,148.5,0,0.0077
"2029-11-06 22:00",11.33,0,302.65,92.2,100.3,0.2,1.326,150.8,0,0.0077
"2029-11-06 23:00",10.98,0,301.17,94.6,100.3,0.2,1.351,153,0,0.0077
"2029-11-07 00:00",11.16,0,337.9,99.5,99.8,0.3,1.51,155.2,0,0.0082
"2029-11-07 01:00",11,0,336.97,99.7,99.8,0.3,1.541,157.3,0,0.0082
"2029-11-07 02:00",10.85,0,336.13,99.7,99.8,0.3,1.575,159.2,0,0.0081
"2029-11-07 03:00",10.73,0,335.39,99.7,99.8,0.3,1.61,161.1,0,0.008
"2029-11-07 04:00",10.62,0,334.75,99.7,99.8,0.3,1.647,162.9,0,0.008
"2029-11-07 05:00",10.52,0,334.18,99.7,99.8,0.4,1.686,164.6,0,0.0079
"2029-11-07 06:00",10.44,0,333.69,99.7,99.7,0.4,1.725,166.2,0,0.0079
"2029-11-07 07:00",10.36,0,333.25,99.7,99.7,0.4,1.767,167.8,0,0.0078
"2029-11-07 08:00",11.2,47.22,338.15,99.7,99.7,0.4,1.809,169.3,40.2,0.0083
"2029-11-07 09:00",14.84,95.29,356.12,79.8,99.7,0.4,1.853,170.7,85.7,0.0084
"2029-11-07 10:00",15.77,126.1,360.82,75.2,99.7,0.5,1.898,172,117.2,0.0084
"2029-11-07 11:00",16.42,139.47,364.12,72.3,99.6,0.5,1.944,173.3,132,0.0084
"2029-11-07 12:00",16.72,149.53,365.4,70.1,99.7,0.5,1.923,176.3,139.9,0.0083
"2029-11-07 13:00",16.63,142.66,364.69,69.6,99.8,0.4,1.908,179.4,131.1,0.0082
"2029-11-07 14:00",16.13,117.6,361.92,71,99.8,0.4,1.898,182.5,104.9,0.0081
"2029-11-07 15:00",15.23,74.28,357.2,74.2,99.9,0.4,1.894,185.7,62.4,0.008
"2029-11-07 16:00",13.98,12.41,350.8,79.4,99.9,0.4,1.896,188.8,12,0.0079
"2029-11-07 17:00",12.97,0,345.68,83.6,100,0.4,1.904,192,0,0.0078
"2029-11-07 18:00",12.26,0,342.01,86.4,100.1,0.3,1.917,195.1,0,0.0077
"2029-11-07 19:00",11.6,0,338.62,89,100.1,0.3,1.936,198.1,0,0.0076
"2029-11-07 20:00",10.99,0,335.45,91.5,100.2,0.3,1.928,201.1,0,0.0074
"2029-11-07 21:00",10.41,0,332.5,93.7,100.3,0.3,1.957,204,0,0.0073
"2029-11-07 22:00",9.87,0,329.71,95.8,100.3,0.3,1.991,206.8,0,0.0072
"2029-11-07 23:00",9.35,0,327.08,97.7,100.4,0.2,2.029,209.5,0,0.0071
"2029-11-08 00:00",5.39,0,252.64,99.6,100.8,0.2,2.317,212.1,0,0.0055
"2029-11-08 01:00",5.04,0,251.07,99.6,100.9,0.2,2.369,214.6,0,0.0054
"2029-11-08 02:00",4.74,0,249.7,99.6,101,0.2,2.425,217,0,0.0053
"2029-11-08 03:00",4.47,0,248.52,99.6,101,0.2,2.486,219.3,0,0.0052
"2029-11-08 04:00",4.24,0,247.49,99.6,101.1,0.1,2.55,221.5,0,0.0051
"2029-11-08 05:00",4.04,0,246.6,99.6,101.1,0.1,2.618,223.5,0,0.005
"2029-11-08 06:00",3.87,0,245.82,99.6,101.2,0.1,2.689,225.5,0,0.0049
"2029-11-08 07:00",3.71,0,245.15,99.6,101.3,0.1,2.763,227.4,0,0.0049
"2029-11-08 08:00",5.14,85.93,251.46,99.5,101.3,0.1,2.84,229.1,44.9,0.0054
"2029-11-08 09:00",8.63,189.2,264.15,77,101.4,0,2.919,230.8,66.6,0.0053
"2029-11-08 10:00",10.85,268.99,272.35,65.2,101.4,0,3.001,232.3,79.3,0.0052
"2029-11-08 11:00",12.59,319.04,278.83,57.1,101.5,0,3.084,233.8,88,0.0051
"2029-11-08 12:00",13.72,326.29,283.27,53,101.5,0,2.993,232.9,90.3,0.0051
"2029-11-08 13:00",14.16,297.15,285.02,51.5,101.5,0,2.902,231.9,83.9,0.0051
"2029-11-08 14:00",13.88,233.76,283.89,52.5,101.5,0,2.813,230.9,74.9,0.0051
"2029-11-08 15:00",12.88,140.23,279.96,56,101.5,0,2.724,229.8,58.9,0.0051
"2029-11-08 16:00",11.22,19.49,273.53,62.5,101.6,0,2.636,228.6,17.7,0.0051
"2029-11-08 17:00",9.78,0,268.01,68.9,101.6,0,2.55,227.3,0,0.0051
"2029-11-08 18:00",8.73,0,264.08,73.9,101.6,0,2.465,225.9,0,0.0051
"2029-11-08 19:00",7.81,0,260.64,78.7,101.6,0,2.382,224.5,0,0.0051
"2029-11-08 20:00",6.99,0,257.62,83.2,101.6,0,2.3,222.9,0,0.0051
"2029-11-08 21:00",6.27,0,254.96,87.5,101.6,0,2.22,221.2,0,0.0051
"2029-11-08 22:00",5.62,0,252.61,91.5,101.6,0,2.142,219.4,0,0.0051
"2029-11-08 23:00",5.05,0,250.53,95.3,101.6,0,2.066,217.5,0,0.0051
"2029-11-09 00:00",4.86,0,261.31,97.3,101.6,0,1.444,215.4,0,0.0051
"2029-11-09 01:00",4.29,0,258.93,99.6,101.6,0,1.393,213.2,0,0.0051
"2029-11-09 02:00",3.79,0,256.63,99.6,101.6,0,1.345,210.8,0,0.0049
"2029-11-09 03:00",3.36,0,254.65,99.6,101.6,0,1.298,208.2,0,0.0047
"2029-11-09 04:00",2.99,0,252.95,99.6,101.6,0,1.255,205.4,0,0.0046
"2029-11-09 05:00",2.67,0,251.49,99.6,101.6,0,1.214,202.5,0,0.0045
"2029-11-09 06:00",2.39,0,250.23,99.6,101.6,0,1.197,199.3,0,0.0044
"2029-11-09 07:00",2.15,0,249.15,99.6,101.7,0,1.163,196,0,0.0043
"2029-11-09 08:00",3.98,84.4,257.5,99.6,101.7,0,1.133,192.5,45.1,0.005
"2029-11-09 09:00",3.5,185.39,255.29,99.7,101.7,0,1.108,188.8,65.9,0.0048
"2029-11-09 10:00",7.48,258.43,271.32,81.4,101.7,0,1.088,184.9,77.5,0.0052
"2029-11-09 11:00",10.83,299.64,284.54,64.9,101.7,0,1.073,180.9,92.3,0.0052
"2029-11-09 12:00",13.4,301.46,295.14,55.4,101.7,0,1.1,181.6,99.1,0.0052
"2029-11-09 13:00",15.05,269.63,302.2,50.4,101.6,0,1.127,182.1,90,0.0053
"2029-11-09 14:00",15.74,207.8,305.25,48.7,101.6,0,1.155,182.7,68.6,0.0053
"2029-11-09 15:00",15.44,121.28,304.18,50.2,101.6,0,1.182,183.2,51.6,0.0054
"2029-11-09 16:00",14.23,14,299.24,54.9,101.6,0,1.21,183.7,13.2,0.0055
"2029-11-09 17:00",12.84,0,293.63,60.7,101.5,0,1.238,184.2,0,0.0055
"2029-11-09 18:00",11.82,0,289.62,65.6,101.5,0,1.265,184.7,0,0.0056
"2029-11-09 19:00",11.02,0,286.54,69.9,101.5,0,1.293,185.1,0,0.0056
"2029-11-09 20:00",10.41,0,284.23,73.5,101.5,0,1.321,185.6,0,0.0057
"2029-11-09 21:00",9.96,0,282.58,76.5,101.4,0,1.35,186,0,0.0057
"2029-11-09 22:00",9.66,0,281.5,78.9,101.4,0,1.378,186.4,0,0.0058
"2029-11-09 23:00",9.47,0,280.91,80.7,101.4,0,1.406,186.7,0,0.0059
"2029-11-10 00:00",10.57,0,339.47,85.6,101.3,0,1.638,187.1,0,0.0067
"2029-11-10 01:00",10.42,0,338.92,87.3,101.2,0,1.67,187.5,0,0.0068
"2029-11-10 02:00",10.29,0,338.45,88.9,101.2,0,1.702,187.8,0,0.0068
"2029-11-10 03:00",10.17,0,338.06,90.4,101.2,0,1.735,188.1,0,0.0069
"2029-11-10 04:00",10.07,0,337.73,91.9,101.1,0,1.768,188.4,0,0.007
"2029-11-10 05:00",9.98,0,337.46,93.3,101.1,0,1.8,188.7,0,0.007
"2029-11-10 06:00",9.9,0,337.23,94.7,101.1,0,1.833,189,0,0.0071
"2029-11-10 07:00",9.83,0,337.05,96,101.1,0,1.866,189.3,0,0.0072
"2029-11-10 08:00",10.54,45.31,340.62,92.4,101,0,1.899,189.6,35.7,0.0072
"2029-11-10 09:00",13.5,99.03,355.23,76.7,101,0,1.931,189.8,83.9,0.0073
"2029-11-10 10:00",14.51,134.62,360.46,72.5,101,0,1.964,190.1,119.5,0.0074
"2029-11-10 11:00",15.24,151.48,364.28,69.8,101,0,1.997,190.3,137.7,0.0074
"2029-11-10 12:00",15.6,158.03,366,67.7,101,0,2.03,191.9,142.9,0.0074
"2029-11-10 13:00",15.56,146.39,365.68,67.4,100.9,0,2.065,193.5,130.8,0.0073
"2029-11-10 14:00",15.11,116.63,363.25,69,100.9,0,2.101,195,101.5,0.0073
"2029-11-10 15:00",14.25,69.91,358.83,72.4,100.9,0.1,2.138,196.4,57.8,0.0073
"2029-11-10 16:00",13.05,6.86,352.72,77.7,100.9,0.1,2.177,197.8,6.5,0.0072
"2029-11-10 17:00",12.22,0,348.5,81.5,100.8,0.1,2.216,199.1,0,0.0072
"2029-11-10 18:00",11.64,0,345.57,84.1,100.8,0.1,2.222,200.4,0,0.0071
"2029-11-10 19:00",11.11,0,342.87,86.5,100.8,0.1,2.263,201.7,0,0.0071
"2029-11-10 20:00",10.62,0,340.37,88.7,100.8,0.1,2.306,202.9,0,0.007
"2029-11-10 21:00",10.16,0,338.05,90.9,100.8,0.1,2.349,204.1,0,0.007
"2029-11-10 22:00",9.73,0,335.88,92.8,100.7,0.1,2.394,205.2,0,0.0069
"2029-11-10 23:00",9.32,0,333.84,94.7,100.7,0.1,2.439,206.3,0,0.0069
"2029-11-11 00:00",7.12,0,280.61,99.7,100.5,0.2,2.855,207.3,0,0.0062
"2029-11-11 01:00",6.87,0,279.36,99.7,100.5,0.2,2.909,208.3,0,0.0061
"2029-11-11 02:00",6.65,0,278.27,99.7,100.5,0.2,2.964,209.2,0,0.006
"2029-11-11 03:00",6.46,0,277.32,99.7,100.5,0.2,3.02,210.2,0,0.006
"2029-11-11 04:00",6.29,0,276.49,99.7,100.5,0.2,3.076,211.1,0,0.0059
"2029-11-11 05:00",6.14,0,275.76,99.7,100.4,0.2,3.133,211.9,0,0.0058
"2029-11-11 06:00",6.01,0,275.13,99.7,100.4,0.2,3.191,212.8,0,0.0058
"2029-11-11 07:00",5.9,0,274.58,99.7,100.4,0.2,3.25,213.6,0,0.0057
"2029-11-11 08:00",6.88,55.62,279.01,97,100.4,0.3,3.309,214.3,31,0.006
"2029-11-11 09:00",10.8,130.5,294.87,73.8,100.4,0.3,3.368,215.1,75.1,0.0059
"2029-11-11 10:00",12.42,186.73,301.56,65.8,100.3,0.3,3.429,215.8,119.8,0.0059
"2029-11-11 11:00",13.63,220.59,306.59,60.3,100.3,0.3,3.489,216.5,144.2,0.0058
"2029-11-11 12:00",14.33,224.64,309.53,57.4,100.3,0.3,3.413,215.8,148.9,0.0058
"2029-11-11 13:00",14.44,202.9,309.97,56.8,100.4,0.3,3.337,215,133.7,0.0058
"2029-11-11 14:00",13.95,157.32,307.8,58.4,100.4,0.3,3.262,214.2,98.2,0.0058
"2029-11-11 15:00",12.87,91.17,303.14,62.5,100.5,0.2,3.187,213.4,46.3,0.0057
"2029-11-11 16:00",11.26,6.87,296.31,69.2,100.5,0.2,3.113,212.5,6.9,0.0057
"2029-11-11 17:00",10.06,0,291.27,74.7,100.5,0.2,3.04,211.6,0,0.0057
"2029-11-11 18:00",9.17,0,287.58,79,100.6,0.2,2.967,210.7,0,0.0057
"2029-11-11 19:00",8.37,0,284.26,83.1,100.6,0.2,2.896,209.7,0,0.0057
"2029-11-11 20:00",7.63,0,281.24,87.1,100.6,0.2,2.825,208.6,0,0.0056
"2029-11-11 21:00",6.96,0,278.49,90.9,100.7,0.2,2.756,207.5,0,0.0056
"2029-11-11 22:00",6.34,0,275.98,94.5,100.7,0.2,2.687,206.4,0,0.0056
"2029-11-11 23:00",5.76,0,273.67,97.9,100.7,0.1,2.62,205.1,0,0.0056
"2029-11-12 00:00",4.6,0,285.92,99,101.2,0.1,1.88,203.9,0,0.0052
"2029-11-12 01:00",4.06,0,283.25,99.6,101.2,0.1,1.832,202.5,0,0.005
"2029-11-12 02:00",3.59,0,280.89,99.6,101.2,0.1,1.786,201.1,0,0.0048
"2029-11-12 03:00",3.19,0,278.85,99.6,101.3,0.1,1.768,199.6,0,0.0047
"2029-11-12 04:00",2.84,0,277.1,99.6,101.3,0.1,1.723,198,0,0.0046
"2029-11-12 05:00",2.53,0,275.59,99.6,101.3,0.1,1.68,196.3,0,0.0045
"2029-11-12 06:00",2.27,0,274.28,99.6,101.4,0.1,1.638,194.6,0,0.0044
"2029-11-12 07:00",2.04,0,273.16,99.6,101.4,0,1.597,192.7,0,0.0043
"2029-11-12 08:00",3.52,45.89,280.54,99.6,101.4,0,1.559,190.8,30.2,0.0048
"2029-11-12 09:00",3.78,108.31,281.86,99.6,101.5,0,1.522,188.8,81.1,0.0049
"2029-11-12 10:00",7.59,152.5,297.88,77.5,101.5,0,1.487,186.6,121.6,0.005
"2029-11-12 11:00",10.77,176.61,311.57,62.3,101.5,0,1.455,184.4,144.9,0.0049
"2029-11-12 12:00",13.16,177.09,322.46,54,101.5,0,1.511,185.2,148.3,0.005
"2029-11-12 13:00",14.65,157.22,329.45,49.8,101.5,0,1.568,186,132.7,0.0051
"2029-11-12 14:00",15.16,119.5,332.05,48.8,101.4,0.1,1.625,186.7,100.1,0.0052
"2029-11-12 15:00",14.7,67.37,330.17,51,101.4,0.1,1.683,187.3,54.9,0.0052
"2029-11-12 16:00",13.32,3.71,324.13,56.6,101.4,0.1,1.741,187.9,3.6,0.0053
"2029-11-12 17:00",11.97,0,318.24,62.7,101.3,0.1,1.798,188.5,0,0.0054
"2029-11-12 18:00",10.97,0,314.02,67.9,101.3,0.2,1.856,189,0,0.0055
"2029-11-12 19:00",10.17,0,310.7,72.6,101.3,0.2,1.915,189.5,0,0.0055
"2029-11-12 20:00",9.54,0,308.16,76.8,101.2,0.2,1.973,190,0,0.0056
"2029-11-12 21:00",9.06,0,306.27,80.3,101.2,0.2,2.031,190.5,0,0.0057
"2029-11-12 22:00",8.71,0,304.95,83.3,101.2,0.3,2.09,190.9,0,0.0058
"2029-11-12 23:00",8.47,0,304.11,85.8,101.1,0.3,2.149,191.3,0,0.0058
"2029-11-13 00:00",9.46,0,358.93,94.6,100.7,0.3,2.834,191.7,0,0.0069
"2029-11-13 01:00",9.16,0,357.66,97.7,100.7,0.3,2.909,192,0,0.007
"2029-11-13 02:00",8.91,0,356.38,99.5,100.6,0.4,2.985,192.4,0,0.007
"2029-11-13 03:00",8.69,0,355.02,99.7,100.6,0.4,3.061,192.7,0,0.0069
"2029-11-13 04:00",8.49,0,353.8,99.7,100.6,0.4,3.137,193,0,0.0068
"2029-11-13 05:00",8.32,0,352.74,99.7,100.5,0.4,3.213,193.3,0,0.0068
"2029-11-13 06:00",8.17,0,351.81,99.7,100.5,0.5,3.289,193.5,0,0.0067
"2029-11-13 07:00",8.04,0,351,99.7,100.5,0.5,3.365,193.8,0,0.0066
"2029-11-13 08:00",9.01,17.34,357.02,99.7,100.4,0.5,3.441,194.1,17.3,0.0071
"2029-11-13 09:00",12.65,40.53,377.49,85.1,100.4,0.5,3.518,194.3,40.5,0.0077
"2029-11-13 10:00",14.63,55.06,388.28,75.7,100.4,0.6,3.594,194.5,55.1,0.0078
"2029-11-13 11:00",16.15,61.13,396.77,69.4,100.3,0.6,3.671,194.8,61.1,0.0079
"2029-11-13 12:00",17.08,71.33,401.73,64.7,100.3,0.6,3.654,196.2,71.3,0.0078
"2029-11-13 13:00",17.36,72.61,403.05,62.8,100.4,0.5,3.64,197.7,72.5,0.0077
"2029-11-13 14:00",16.95,62.46,400.54,63.7,100.4,0.5,3.628,199.2,62.2,0.0076
"2029-11-13 15:00",15.87,39.24,394.35,67.5,100.4,0.5,3.619,200.7,38.7,0.0075
"2029-11-13 16:00",14.18,1.66,384.96,74.4,100.4,0.5,3.612,202.2,1.7,0.0075
"2029-11-13 17:00",12.96,0,378.21,79.6,100.5,0.5,3.55,203.7,0,0.0074
"2029-11-13 18:00",12.04,0,373.16,83.5,100.5,0.4,3.548,205.2,0,0.0073
"2029-11-13 19:00",11.22,0,368.64,87.1,100.5,0.4,3.549,206.7,0,0.0072
"2029-11-13 20:00",10.48,0,364.59,90.4,100.5,0.4,3.552,208.2,0,0.0071
"2029-11-13 21:00",9.81,0,360.94,93.3,100.6,0.4,3.558,209.8,0,0.007
"2029-11-13 22:00",9.21,0,357.64,96,100.6,0.4,3.566,211.3,0,0.0069
"2029-11-13 23:00",8.66,0,354.63,98.4,100.6,0.3,3.576,212.8,0,0.0068
"2029-11-14 00:00",6.56,0,255.88,99.7,100.8,0.3,3.525,214.2,0,0.006
"2029-11-14 01:00",6.37,0,255.04,99.7,100.8,0.3,3.54,215.7,0,0.0059
"2029-11-14 02:00",6.21,0,254.29,99.7,100.9,0.3,3.557,217.2,0,0.0058
"2029-11-14 03:00",6.06,0,253.63,99.7,100.9,0.3,3.577,218.6,0,0.0058
"2029-11-14 04:00",5.93,0,253.06,99.7,100.9,0.2,3.599,220,0,0.0057
"2029-11-14 05:00",5.82,0,252.55,99.6,100.9,0.2,3.623,221.5,0,0.0057
"2029-11-14 06:00",5.72,0,252.08,99.5,101,0.2,3.649,222.8,0,0.0056
"2029-11-14 07:00",5.64,0,251.59,98.7,101,0.2,3.677,224.2,0,0.0055
"2029-11-14 08:00",6.33,65.18,253.93,92.7,101,0.2,3.708,225.6,39,0.0055
"2029-11-14 09:00",8.94,171.08,263.37,76.4,101,0.1,3.74,226.9,64.3,0.0054
"2029-11-14 10:00",10.41,254.76,268.69,68.2,101.1,0.1,3.774,228.2,78.8,0.0053
"2029-11-14 11:00",11.5,309.25,272.67,62.5,101.1,0.1,3.811,229.5,87.7,0.0052
"2029-11-14 12:00",12.14,317.79,275.06,59.6,101.1,0.1,3.781,229.6,88.7,0.0052
"2029-11-14 13:00",12.26,288.56,275.45,58.9,101.2,0.1,3.751,229.7,84.8,0.0052
"2029-11-14 14:00",11.84,223.54,273.77,60.3,101.2,0.1,3.721,229.8,75.3,0.0051
"2029-11-14 15:00",10.91,126.73,270.15,63.8,101.2,0.1,3.691,229.9,57.5,0.0051
"2029-11-14 16:00",9.53,3.02,264.87,69.7,101.2,0.1,3.661,230,2.9,0.0051
"2029-11-14 17:00",8.72,0,261.79,73.3,101.3,0.1,3.631,230.1,0,0.0051
"2029-11-14 18:00",8.16,0,259.64,75.8,101.3,0.1,3.601,230.2,0,0.005
"2029-11-14 19:00",7.65,0,257.7,78.1,101.3,0.1,3.571,230.3,0,0.005
"2029-11-14 20:00",7.18,0,255.94,80.2,101.3,0.1,3.541,230.4,0,0.005
"2029-11-14 21:00",6.76,0,254.35,82.2,101.4,0.1,3.511,230.5,0,0.005
"2029-11-14 22:00",6.38,0,252.9,84,101.4,0.1,3.481,230.6,0,0.0049
"2029-11-14 23:00",6.03,0,251.57,85.7,101.4,0,3.451,230.7,0,0.0049
"2029-11-15 00:00",5.17,0,259.44,87.9,101.6,0,3.196,230.8,0,0.0048
"2029-11-15 01:00",4.94,0,258.53,88.9,101.6,0,3.168,230.9,0,0.0047
"2029-11-15 02:00",4.74,0,257.73,89.7,101.7,0,3.14,231.1,0,0.0047
"2029-11-15 03:00",4.57,0,257.01,90.4,101.7,0,3.113,231.2,0,0.0047
"2029-11-15 04:00",4.41,0,256.37,91,101.7,0,3.085,231.3,0,0.0047
"2029-11-15 05:00",4.27,0,255.81,91.4,101.7,0,3.057,231.4,0,0.0046
"2029-11-15 06:00",4.15,0,255.3,91.7,101.8,0,3.029,231.6,0,0.0046
"2029-11-15 07:00",4.05,0,254.85,91.9,101.8,0,3.001,231.7,0,0.0046
"2029-11-15 08:00",4.82,67.56,257.64,86.7,101.8,0,2.974,231.8,41.4,0.0046
"2029-11-15 09:00",5.62,177.04,260.56,81.6,101.8,0,2.946,232,67.2,0.0045
"2029-11-15 10:00",7.72,256.36,268.44,70.2,101.9,0,2.918,232.1,79.9,0.0045
"2029-11-15 11:00",9.38,301.68,274.78,62.4,101.9,0,2.89,232.2,86.1,0.0045
"2029-11-15 12:00",10.49,303.2,279.33,58.9,101.9,0,2.884,231.7,85.2,0.0046
"2029-11-15 13:00",10.97,268.75,281.45,57.9,101.9,0,2.878,231.2,79.5,0.0046
"2029-11-15 14:00",10.81,202.69,281.01,59.4,101.8,0,2.872,230.7,68.8,0.0047
"2029-11-15 15:00",10.03,111,278.12,63.5,101.8,0,2.866,230.1,51,0.0048
"2029-11-15 16:00",8.7,1.3,273.14,70.4,101.8,0,2.861,229.6,1.3,0.0048
"2029-11-15 17:00",8.07,0,270.91,74.5,101.8,0,2.856,229.1,0,0.0049
"2029-11-15 18:00",7.71,0,269.71,77.5,101.7,0,2.851,228.5,0,0.005
"2029-11-15 19:00",7.42,0,268.77,80.1,101.7,0,2.846,228,0,0.0051
"2029-11-15 20:00",7.18,0,268.05,82.6,101.7,0,2.842,227.5,0,0.0051
"2029-11-15 21:00",7,0,267.52,84.7,101.7,0,2.838,226.9,0,0.0052
"2029-11-15 22:00",6.86,0,267.17,86.7,101.7,0,2.834,226.4,0,0.0053
"2029-11-15 23:00",6.76,0,266.96,88.4,101.6,0,2.83,225.8,0,0.0053
"2029-11-16 00:00",7.83,0,300.56,92.7,101.5,0,3.001,225.3,0,0.006
"2029-11-16 01:00",7.61,0,299.8,95.3,101.5,0.1,2.998,224.8,0,0.0061
"2029-11-16 02:00",7.41,0,299.15,97.8,101.5,0.1,2.994,224.2,0,0.0062
"2029-11-16 03:00",7.24,0,298.52,99.6,101.4,0.1,2.992,223.7,0,0.0062
"2029-11-16 04:00",7.09,0,297.74,99.7,101.4,0.1,2.989,223.1,0,0.0062
"2029-11-16 05:00",6.96,0,297.05,99.7,101.4,0.1,2.987,222.6,0,0.0061
"2029-11-16 06:00",6.85,0,296.44,99.7,101.4,0.1,2.985,222,0,0.0061
"2029-11-16 07:00",6.74,0,295.91,99.7,101.3,0.1,2.983,221.5,0,0.006
"2029-11-16 08:00",7.39,29.81,299.32,99.7,101.3,0.1,2.982,220.9,26.2,0.0063
"2029-11-16 09:00",11.08,77.31,316.43,83,101.3,0.1,2.981,220.4,69.6,0.0067
"2029-11-16 10:00",12.62,107.27,323.57,75.8,101.3,0.1,2.98,219.8,100.1,0.0068
"2029-11-16 11:00",13.77,120.13,329.01,71.1,101.3,0.1,2.98,219.3,114.4,0.0069
"2029-11-16 12:00",14.42,126.04,331.92,67.9,101.2,0.1,2.942,218.9,119.6,0.0069
"2029-11-16 13:00",14.5,116.51,332.22,67.2,101.2,0.1,2.905,218.6,109.7,0.0068
"2029-11-16 14:00",14,91.48,329.79,69.1,101.2,0.1,2.868,218.3,84.8,0.0068
"2029-11-16 15:00",12.92,51.79,324.77,73.8,101.2,0.2,2.832,217.9,46.7,0.0068
"2029-11-16 16:00",11.33,0.21,317.54,81.5,101.1,0.2,2.795,217.5,0.2,0.0067
"2029-11-16 17:00",10.33,0,313.02,86.7,101.1,0.2,2.758,217.2,0,0.0067
"2029-11-16 18:00",9.55,0,309.5,90.9,101.1,0.2,2.722,216.8,0,0.0067
"2029-11-16 19:00",8.84,0,306.31,94.9,101.1,0.2,2.685,216.4,0,0.0066
"2029-11-16 20:00",8.18,0,303.39,98.8,101,0.2,2.649,216,0,0.0066
"2029-11-16 21:00",7.58,0,300.31,99.7,101,0.3,2.613,215.6,0,0.0064
"2029-11-16 22:00",7.02,0,297.36,99.7,101,0.3,2.577,215.1,0,0.0062
"2029-11-16 23:00",6.5,0,294.64,99.7,101,0.3,2.541,214.7,0,0.0059
"2029-11-17 00:00",4.91,0,288.88,99.6,101.1,0.3,1.882,214.2,0,0.0053
"2029-11-17 01:00",4.49,0,286.71,99.6,101.1,0.3,1.856,213.8,0,0.0052
"2029-11-17 02:00",4.13,0,284.83,99.6,101.1,0.3,1.829,213.3,0,0.005
"2029-11-17 03:00",3.81,0,283.19,99.6,101,0.4,1.803,212.8,0,0.0049
"2029-11-17 04:00",3.53,0,281.78,99.6,101,0.4,1.776,212.3,0,0.0048
"2029-11-17 05:00",3.28,0,280.55,99.6,101,0.4,1.75,211.8,0,0.0047
"2029-11-17 06:00",3.07,0,279.49,99.6,101,0.4,1.724,211.2,0,0.0047
"2029-11-17 07:00",2.89,0,278.56,99.6,100.9,0.4,1.698,210.7,0,0.0046
"2029-11-17 08:00",3.77,34.87,283.03,99.6,100.9,0.4,1.673,210.1,24.3,0.0049
"2029-11-17 09:00",6.09,100,294.87,98.8,100.9,0.4,1.647,209.5,71.6,0.0057
"2029-11-17 10:00",9.15,148.85,307.96,79.7,100.9,0.5,1.622,208.9,111.8,0.0057
"2029-11-17 11:00",11.63,178.5,318.87,67.2,100.8,0.5,1.597,208.3,136,0.0057
"2029-11-17 12:00",13.38,185.9,326.71,59.7,100.8,0.5,1.708,210.1,140.9,0.0057
"2029-11-17 13:00",14.27,170.41,330.74,56.2,100.7,0.4,1.821,211.8,125.5,0.0056
"2029-11-17 14:00",14.26,132.43,330.63,56,100.6,0.4,1.936,213.2,91.7,0.0056
"2029-11-17 15:00",13.35,73.68,326.41,59.2,100.5,0.4,2.051,214.5,42,0.0056
"2029-11-17 16:00",11.62,0.02,318.55,66.1,100.5,0.4,2.167,215.7,0,0.0056
"2029-11-17 17:00",10.37,0,312.9,71.6,100.4,0.4,2.285,216.7,0,0.0056
"2029-11-17 18:00",9.39,0,308.56,76.1,100.3,0.4,2.402,217.6,0,0.0056
"2029-11-17 19:00",8.57,0,304.9,80.2,100.2,0.3,2.521,218.5,0,0.0055
"2029-11-17 20:00",7.86,0,301.8,83.8,100.1,0.3,2.64,219.2,0,0.0055
"2029-11-17 21:00",7.26,0,299.19,87,100.1,0.3,2.759,220,0,0.0055
"2029-11-17 22:00",6.76,0,297,89.7,100,0.3,2.879,220.6,0,0.0055
"2029-11-17 23:00",6.34,0,295.17,92,99.9,0.3,2.999,221.2,0,0.0055
"2029-11-18 00:00",6.39,0,280.72,95.2,99.4,0.3,4.421,221.7,0,0.0057
"2029-11-18 01:00",6.04,0,279.27,97.1,99.3,0.2,4.592,222.2,0,0.0057
"2029-11-18 02:00",5.74,0,278.01,98.8,99.2,0.2,4.763,222.7,0,0.0057
"2029-11-18 03:00",5.47,0,276.8,99.6,99.1,0.2,4.935,223.2,0,0.0056
"2029-11-18 04:00",5.24,0,275.67,99.7,99,0.2,5.107,223.6,0,0.0056
"2029-11-18 05:00",5.04,0,274.68,99.7,99,0.2,5.279,223.9,0,0.0055
"2029-11-18 06:00",4.86,0,273.81,99.7,98.9,0.1,5.451,224.3,0,0.0054
"2029-11-18 07:00",4.71,0,273.06,99.7,98.8,0.1,5.624,224.6,0,0.0054
"2029-11-18 08:00",5.42,41.95,276.44,98.8,98.7,0.1,5.796,225,27.8,0.0056
"2029-11-18 09:00",9.03,124.87,291.02,76.9,98.7,0.1,5.969,225.3,52.4,0.0056
"2029-11-18 10:00",11.47,186.3,301.15,65.1,98.6,0.1,6.142,225.5,90.4,0.0056
"2029-11-18 11:00",13.38,222.94,309.29,57.2,98.5,0.1,6.315,225.8,117.8,0.0055
"2029-11-18 12:00",14.63,229.47,314.54,52.1,98.5,0.1,6.272,225.9,124.1,0.0055
"2029-11-18 13:00",15.12,207.62,316.5,49.8,98.5,0.1,6.228,226,106.7,0.0054
"2029-11-18 14:00",14.81,158.97,314.92,50.2,98.6,0.1,6.185,226.1,69.2,0.0053
"2029-11-18 15:00",13.7,86.51,309.91,53.3,98.6,0.1,6.142,226.3,41.3,0.0053
"2029-11-18 16:00",11.88,0,301.91,59.2,98.6,0,6.098,226.4,0,0.0052
"2029-11-18 17:00",10.64,0,296.49,63.5,98.6,0,6.055,226.5,0,0.0051
"2029-11-18 18:00",9.64,0,292.13,67,98.6,0,6.011,226.6,0,0.0051
"2029-11-18 19:00",8.75,0,288.28,70.2,98.6,0,5.968,226.7,0,0.005
"2029-11-18 20:00",7.96,0,284.87,73,98.7,0,5.925,226.8,0,0.0049
"2029-11-18 21:00",7.26,0,281.84,75.6,98.7,0,5.882,227,0,0.0049
"2029-11-18 22:00",6.64,0,279.14,77.8,98.7,0,5.838,227.1,0,0.0048
"2029-11-18 23:00",6.08,0,276.71,79.7,98.7,0,5.795,227.2,0,0.0047
"2029-11-19 00:00",4.06,0,274.05,85.3,99.1,0,5.243,227.4,0,0.0044
"2029-11-19 01:00",3.94,0,273.41,84.7,99.1,0,5.204,227.5,0,0.0043
"2029-11-19 02:00",3.85,0,272.82,84.1,99.1,0,5.164,227.6,0,0.0042
"2029-11-19 03:00",3.76,0,272.27,83.3,99.1,0,5.125,227.8,0,0.0042
"2029-11-19 04:00",3.68,0,271.75,82.5,99.2,0,5.086,227.9,0,0.0041
"2029-11-19 05:00",3.61,0,271.27,81.6,99.2,0,5.047,228,0,0.0041
"2029-11-19 06:00",3.55,0,270.82,80.7,99.2,0,5.007,228.2,0,0.004
"2029-11-19 07:00",3.49,0,270.4,79.7,99.2,0,4.968,228.3,0,0.0039
"2029-11-19 08:00",3.81,37.97,271.43,76.7,99.2,0,4.929,228.5,25.8,0.0039
"2029-11-19 09:00",5.99,117.04,279.84,64.8,99.2,0,4.89,228.6,53,0.0038
"2029-11-19 10:00",6.95,173.99,283.48,59.6,99.3,0,4.851,228.8,97.5,0.0037
"2029-11-19 11:00",7.64,206.5,286.08,55.9,99.3,0,4.812,228.9,125.5,0.0037
"2029-11-19 12:00",8,213.28,287.56,54.6,99.3,0,4.764,228.8,131,0.0037
"2029-11-19 13:00",7.98,193.39,287.51,54.8,99.3,0,4.717,228.6,114.5,0.0037
"2029-11-19 14:00",7.58,148.1,285.89,56.4,99.2,0,4.669,228.4,76.1,0.0037
"2029-11-19 15:00",6.82,80.02,282.81,59.6,99.2,0,4.621,228.2,38.6,0.0037
"2029-11-19 16:00",5.74,0,278.52,64.2,99.2,0,4.574,228,0,0.0037
"2029-11-19 17:00",5.25,0,276.58,66.6,99.2,0,4.526,227.9,0,0.0037
"2029-11-19 18:00",4.86,0,275.06,68.6,99.2,0,4.479,227.7,0,0.0037
"2029-11-19 19:00",4.5,0,273.66,70.4,99.2,0,4.431,227.5,0,0.0037
"2029-11-19 20:00",4.17,0,272.36,72.2,99.2,0,4.384,227.3,0,0.0037
"2029-11-19 21:00",3.86,0,271.17,73.9,99.2,0,4.336,227.1,0,0.0037
"2029-11-19 22:00",3.56,0,270.05,75.6,99.1,0,4.289,226.9,0,0.0037
"2029-11-19 23:00",3.29,0,269.01,77.2,99.1,0,4.242,226.7,0,0.0037
"2029-11-20 00:00",2.1,0,257.99,89.5,99,0,4.008,226.4,0,0.004
"2029-11-20 01:00",1.89,0,257.25,90.9,99,0,3.963,226.2,0,0.004
"2029-11-20 02:00",1.71,0,256.59,92.3,99,0,3.918,226,0,0.004
"2029-11-20 03:00",1.55,0,256.02,93.5,99,0,3.873,225.8,0,0.004
"2029-11-20 04:00",1.41,0,255.53,94.6,99,0,3.828,225.5,0,0.004
"2029-11-20 05:00",1.29,0,255.09,95.6,99,0,3.784,225.3,0,0.004
"2029-11-20 06:00",1.18,0,254.71,96.5,99,0,3.739,225,0,0.004
"2029-11-20 07:00",1.09,0,254.37,97.3,98.9,0,3.694,224.8,0,0.004
"2029-11-20 08:00",1.52,35.52,256.02,94.5,98.9,0,3.65,224.5,24.8,0.0041
"2029-11-20 09:00",4.15,115.35,265.98,78.5,98.9,0,3.605,224.3,51.4,0.0041
"2029-11-20 10:00",5.84,173.21,272.56,69.9,98.9,0,3.561,224,93.9,0.0041
"2029-11-20 11:00",7.13,206.68,277.66,64,98.9,0,3.517,223.7,122.1,0.0041
"2029-11-20 12:00",7.91,212.98,280.71,60.6,98.9,0,3.518,223.6,128.1,0.0041
"2029-11-20 13:00",8.1,192.43,281.43,59.6,98.9,0,3.519,223.4,111.9,0.0041
"2029-11-20 14:00",7.68,146.55,279.72,61.2,98.9,0,3.521,223.3,74,0.004
"2029-11-20 15:00",6.68,78.16,275.73,65.4,98.9,0,3.522,223.2,38.2,0.004
"2029-11-20 16:00",5.18,0,269.81,72.4,98.8,0,3.524,223,0,0.004
"2029-11-20 17:00",4.46,0,266.99,75.9,98.8,0,3.525,222.9,0,0.004
"2029-11-20 18:00",3.88,0,264.75,78.9,98.8,0,3.527,222.8,0,0.004
"2029-11-20 19:00",3.36,0,262.74,81.6,98.8,0,3.528,222.7,0,0.004
"2029-11-20 20:00",2.9,0,260.94,84.1,98.8,0,3.53,222.5,0,0.004
"2029-11-20 21:00",2.48,0,259.32,86.4,98.8,0,3.531,222.4,0,0.004
"2029-11-20 22:00",2.09,0,257.85,88.6,98.8,0,3.533,222.3,0,0.004
"2029-11-20 23:00",1.75,0,256.53,90.6,98.8,0,3.535,222.1,0,0.004
"2029-11-21 00:00",0.92,0,252.68,92.9,98.8,0,4.026,222,0,0.0038
"2029-11-21 01:00",0.71,0,251.87,94,98.7,0,4.027,221.9,0,0.0038
"2029-11-21 02:00",0.53,0,251.16,95.1,98.7,0,4.029,221.7,0,0.0038
"2029-11-21 03:00",0.36,0,250.53,95.9,98.7,0,4.031,221.6,0,0.0038
"2029-11-21 04:00",0.22,0,249.97,96.7,98.7,0,4.033,221.5,0,0.0038
"2029-11-21 05:00",0.09,0,249.48,97.3,98.7,0,4.035,221.4,0,0.0038
"2029-11-21 06:00",-0.02,0,249.04,97.8,98.7,0,4.037,221.2,0,0.0038
"2029-11-21 07:00",-0.12,0,248.65,98.3,98.7,0,4.039,221.1,0,0.0038
"2029-11-21 08:00",0.28,31.41,250.09,95.2,98.7,0,4.041,221,22.6,0.0037
"2029-11-21 09:00",2.2,107.28,257.16,82.7,98.7,0,4.043,220.8,53.3,0.0037
"2029-11-21 10:00",4.09,161.76,264.27,72.1,98.7,0,4.045,220.7,98.8,0.0037
"2029-11-21 11:00",5.56,192.88,269.88,64.9,98.6,0,4.047,220.6,125.2,0.0037
"2029-11-21 12:00",6.49,196.52,273.52,61.1,98.6,0,3.934,221.3,131,0.0037
"2029-11-21 13:00",6.8,175.31,274.79,60,98.6,0.1,3.821,222.1,116.9,0.0037
"2029-11-21 14:00",6.47,131.52,273.55,61.6,98.6,0.1,3.709,223,83.3,0.0038
"2029-11-21 15:00",5.54,68.58,269.94,65.9,98.6,0.1,3.598,223.9,37.3,0.0038
"2029-11-21 16:00",4.07,0,264.35,73.3,98.6,0.1,3.488,224.8,0,0.0038
"2029-11-21 17:00",3.46,0,262.07,76.8,98.6,0.1,3.379,225.9,0,0.0038
"2029-11-21 18:00",2.99,0,260.3,79.7,98.6,0.1,3.271,227,0,0.0038
"2029-11-21 19:00",2.57,0,258.77,82.3,98.6,0.1,3.164,228.1,0,0.0038
"2029-11-21 20:00",2.2,0,257.44,84.8,98.6,0.1,3.059,229.4,0,0.0038
"2029-11-21 21:00",1.89,0,256.3,87,98.6,0.1,2.955,230.7,0,0.0038
"2029-11-21 22:00",1.61,0,255.3,89.1,98.6,0.1,2.853,232.1,0,0.0039
"2029-11-21 23:00",1.37,0,254.45,90.9,98.6,0.1,2.753,233.6,0,0.0039
"2029-11-22 00:00",1.24,0,275.05,95.6,98.5,0.1,2.103,235.3,0,0.004
"2029-11-22 01:00",1.05,0,274.33,97.3,98.5,0.1,2.027,237,0,0.0041
"2029-11-22 02:00",0.88,0,273.7,98.8,98.5,0.1,1.953,238.9,0,0.0041
"2029-11-22 03:00",0.73,0,273.05,99.6,98.5,0.1,1.882,241,0,0.0041
"2029-11-22 04:00",0.6,0,272.4,99.6,98.4,0.1,1.813,243.2,0,0.004
"2029-11-22 05:00",0.48,0,271.83,99.6,98.4,0.1,1.748,245.6,0,0.004
"2029-11-22 06:00",0.38,0,271.32,99.6,98.4,0.1,1.685,248.1,0,0.004
"2029-11-22 07:00",0.29,0,270.88,99.6,98.4,0.1,1.747,250.8,0,0.0039
"2029-11-22 08:00",0.61,18.95,272.47,99.6,98.4,0.1,1.688,253.8,17.6,0.004
"2029-11-22 09:00",3.24,67.35,283.57,85.4,98.4,0.1,1.634,256.9,60.5,0.0042
"2029-11-22 10:00",4.88,100.36,290.39,76.3,98.4,0.1,1.585,260.3,92.8,0.0042
"2029-11-22 11:00",6.12,117.62,295.67,70.2,98.4,0.1,1.542,263.8,110.3,0.0042
"2029-11-22 12:00",6.86,123.26,298.76,66.6,98.5,0.1,1.56,262.3,115.4,0.0042
"2029-11-22 13:00",7.02,112.95,299.42,65.6,98.5,0.1,1.579,260.8,104.9,0.0042
"2029-11-22 14:00",6.59,86.89,297.53,67.4,98.6,0.1,1.599,259.4,79.4,0.0041
"2029-11-22 15:00",5.59,46.12,293.26,72,98.6,0.1,1.619,258,41,0.0041
"2029-11-22 16:00",4.1,0,286.99,79.7,98.7,0.1,1.641,256.6,0,0.0041
"2029-11-22 17:00",3.44,0,284.23,83.3,98.7,0.1,1.664,255.2,0,0.0041
"2029-11-22 18:00",2.89,0,281.92,86.4,98.8,0.1,1.687,253.9,0,0.0041
"2029-11-22 19:00",2.39,0,279.85,89.2,98.8,0.1,1.712,252.7,0,0.0041
"2029-11-22 20:00",1.94,0,277.98,91.9,98.9,0.1,1.737,251.5,0,0.0041
"2029-11-22 21:00",1.53,0,276.29,94.3,98.9,0.1,1.763,250.3,0,0.004
"2029-11-22 22:00",1.16,0,274.76,96.6,98.9,0.1,1.79,249.1,0,0.004
"2029-11-22 23:00",0.82,0,273.37,98.7,99,0.1,1.818,248,0,0.004
"2029-11-23 00:00",-0.19,0,244.24,99.5,99.2,0.1,2.155,246.9,0,0.0038
"2029-11-23 01:00",-0.37,0,243.49,99.5,99.3,0,2.038,245.8,0,0.0037
"2029-11-23 02:00",-0.52,0,242.82,99.5,99.3,0,2.07,244.8,0,0.0037
"2029-11-23 03:00",-0.65,0,242.23,99.5,99.4,0,2.103,243.8,0,0.0036
"2029-11-23 04:00",-0.77,0,241.71,99.5,99.4,0,2.136,242.8,0,0.0036
"2029-11-23 05:00",-0.88,0,241.25,99.5,99.5,0,2.17,241.9,0,0.0036
"2029-11-23 06:00",-0.97,0,240.84,99.5,99.5,0,2.205,241,0,0.0035
"2029-11-23 07:00",-1.06,0,240.48,99.5,99.6,0,2.24,240.1,0,0.0035
"2029-11-23 08:00",-0.79,20.85,241.64,99.5,99.6,0,2.276,239.3,17.7,0.0036
"2029-11-23 09:00",1.12,81.57,249.03,91.1,99.7,0,2.312,238.4,62.6,0.0038
"2029-11-23 10:00",2.75,126.5,254.97,80.8,99.7,0,2.348,237.6,101.3,0.0038
"2029-11-23 11:00",4,153.57,259.59,73.7,99.8,0,2.385,236.9,124.9,0.0037
"2029-11-23 12:00",4.76,160.14,262.47,69.9,99.8,0,2.404,236.3,130.2,0.0037
"2029-11-23 13:00",4.97,145.86,263.27,69,99.8,0,2.422,235.7,116.4,0.0037
"2029-11-23 14:00",4.61,111.34,261.92,70.8,99.8,0,2.44,235.2,84.9,0.0037
"2029-11-23 15:00",3.71,58.22,258.54,75.5,99.9,0,2.459,234.7,39.9,0.0037
"2029-11-23 16:00",2.34,0,253.48,83.3,99.9,0,2.478,234.1,0,0.0037
"2029-11-23 17:00",1.84,0,251.67,86.4,99.9,0,2.497,233.6,0,0.0038
"2029-11-23 18:00",1.43,0,250.17,89.1,100,0,2.517,233.1,0,0.0038
"2029-11-23 19:00",1.06,0,248.84,91.5,100,0,2.536,232.6,0,0.0038
"2029-11-23 20:00",0.74,0,247.67,93.8,100,0,2.556,232.1,0,0.0038
"2029-11-23 21:00",0.45,0,246.64,95.9,100,0,2.576,231.6,0,0.0038
"2029-11-23 22:00",0.19,0,245.72,97.8,100.1,0,2.596,231.1,0,0.0038
"2029-11-23 23:00",-0.03,0,244.9,99.3,100.1,0,2.616,230.7,0,0.0038
"2029-11-24 00:00",0.19,0,268.13,98.3,100.1,0,3.408,230.2,0,0.0038
"2029-11-24 01:00",-0.08,0,266.99,99.5,100.1,0,3.435,229.8,0,0.0038
"2029-11-24 02:00",-0.32,0,265.86,99.5,100.1,0,3.461,229.3,0,0.0037
"2029-11-24 03:00",-0.52,0,264.87,99.5,100.2,0,3.489,228.9,0,0.0036
"2029-11-24 04:00",-0.71,0,264.01,99.5,100.2,0,3.516,228.4,0,0.0036
"2029-11-24 05:00",-0.87,0,263.25,99.5,100.2,0,3.543,228,0,0.0035
"2029-11-24 06:00",-1.01,0,262.58,99.5,100.3,0,3.571,227.6,0,0.0035
"2029-11-24 07:00",-1.13,0,262,99.5,100.3,0,3.599,227.2,0,0.0035
"2029-11-24 08:00",-0.87,21.91,263.23,99.5,100.3,0,3.627,226.7,17.2,0.0035
"2029-11-24 09:00",2.14,91.63,275.96,86.2,100.3,0,3.656,226.3,56.3,0.0038
"2029-11-24 10:00",4.32,142.64,284.84,73.9,100.4,0,3.684,225.9,98.3,0.0038
"2029-11-24 11:00",6.03,172.95,291.92,65.7,100.4,0,3.713,225.5,122.8,0.0038
"2029-11-24 12:00",7.11,181.94,296.47,60.9,100.4,0,3.465,225.4,127.9,0.0038
"2029-11-24 13:00",7.48,166.96,298.03,59.4,100.4,0,3.217,225.3,113,0.0038
"2029-11-24 14:00",7.1,128.14,296.41,61,100.5,0,2.969,225.2,78.2,0.0038
"2029-11-24 15:00",5.99,66.88,291.75,65.8,100.5,0,2.72,225,34.4,0.0038
"2029-11-24 16:00",4.24,0,284.51,74.3,100.5,0,2.472,224.8,0,0.0038
"2029-11-24 17:00",3.4,0,281.08,78.9,100.5,0,2.224,224.6,0,0.0038
"2029-11-24 18:00",2.67,0,278.11,83.1,100.5,0,1.976,224.3,0,0.0038
"2029-11-24 19:00",2.02,0,275.49,87,100.6,0,1.729,223.9,0,0.0038
"2029-11-24 20:00",1.44,0,273.16,90.7,100.6,0,1.481,223.4,0,0.0038
"2029-11-24 21:00",0.92,0,271.11,94.1,100.6,0,1.233,222.7,0,0.0038
"2029-11-24 22:00",0.45,0,269.27,97.3,100.6,0,0.986,221.7,0,0.0038
"2029-11-24 23:00",0.04,0,267.56,99.4,100.6,0,0.739,219.9,0,0.0038
"2029-11-25 00:00",-0.13,0,252.7,99.5,100.7,0,0.364,216.3,0,0.0037
"2029-11-25 01:00",-0.54,0,250.89,99.6,100.8,0,0.199,205.7,0,0.0036
"2029-11-25 02:00",-0.89,0,249.33,99.6,100.8,0,0.128,125.5,0,0.0035
"2029-11-25 03:00",-1.19,0,247.96,99.6,100.8,0,0.219,65.5,0,0.0034
"2029-11-25 04:00",-1.46,0,246.77,99.6,100.8,0,0.402,56.8,0,0.0034
"2029-11-25 05:00",-1.7,0,245.73,99.6,100.8,0,0.593,53.6,0,0.0033
"2029-11-25 06:00",-1.9,0,244.82,99.6,100.9,0,0.784,52,0,0.0033
"2029-11-25 07:00",-2.08,0,244.04,99.6,100.9,0,0.976,51,0,0.0032
"2029-11-25 08:00",-1.86,27.17,245.02,99.6,100.9,0,1.169,50.3,22,0.0033
"2029-11-25 09:00",-0.91,123.57,249.21,99.6,100.9,0,1.361,49.8,52.6,0.0035
"2029-11-25 10:00",2.51,194.95,262.69,82.9,100.9,0,1.554,49.5,65.5,0.0037
"2029-11-25 11:00",5.32,238.26,273.57,68,101,0,1.746,49.2,77.3,0.0037
"2029-11-25 12:00",7.33,243.3,281.57,59,100.9,0,1.907,48.4,82.4,0.0037
"2029-11-25 13:00",8.43,216.45,285.99,54.7,100.9,0,2.069,47.6,74.7,0.0037
"2029-11-25 14:00",8.56,160.76,286.47,54.1,100.9,0,2.23,47,58.6,0.0037
"2029-11-25 15:00",7.72,80.61,283.07,57.2,100.9,0,2.392,46.5,41.6,0.0037
"2029-11-25 16:00",6.02,0,276.25,64.2,100.9,0,2.554,46.1,0,0.0037
"2029-11-25 17:00",5.2,0,273,67.9,100.9,0,2.717,45.7,0,0.0037
"2029-11-25 18:00",4.53,0,270.36,71,100.8,0,2.879,45.3,0,0.0037
"2029-11-25 19:00",3.99,0,268.24,73.6,100.8,0,3.041,45,0,0.0037
"2029-11-25 20:00",3.56,0,266.56,75.8,100.8,0,3.204,44.7,0,0.0037
"2029-11-25 21:00",3.23,0,265.27,77.4,100.8,0,3.367,44.4,0,0.0037
"2029-11-25 22:00",2.98,0,264.32,78.7,100.8,0,3.529,44.2,0,0.0037
"2029-11-25 23:00",2.82,0,263.65,79.5,100.8,0,3.692,44,0,0.0037
"2029-11-26 00:00",3.17,0,284.53,80.5,100.7,0,4.322,43.8,0,0.0038
"2029-11-26 01:00",3.08,0,284.14,80.9,100.7,0,4.504,43.6,0,0.0038
"2029-11-26 02:00",3,0,283.79,81.2,100.7,0,4.687,43.4,0,0.0038
"2029-11-26 03:00",2.93,0,283.48,81.5,100.7,0,4.87,43.3,0,0.0038
"2029-11-26 04:00",2.87,0,283.2,81.7,100.7,0,5.053,43.1,0,0.0038
"2029-11-26 05:00",2.81,0,282.95,81.9,100.6,0,5.236,43,0,0.0038
"2029-11-26 06:00",2.76,0,282.72,82,100.6,0,5.419,42.9,0,0.0038
"2029-11-26 07:00",2.72,0,282.52,82.2,100.6,0,5.601,42.8,0,0.0038
"2029-11-26 08:00",2.8,15.74,282.86,81.5,100.6,0,5.784,42.6,14.3,0.0038
"2029-11-26 09:00",4.68,75.29,290.61,71.3,100.6,0,5.967,42.5,58.3,0.0038
"2029-11-26 10:00",5.53,115.39,294.18,67.1,100.6,0,6.15,42.4,96,0.0038
"2029-11-26 11:00",6.15,136.2,296.78,64.1,100.6,0,6.333,42.4,117.5,0.0038
"2029-11-26 12:00",6.47,142.5,298.06,62.4,100.5,0,6.328,42.2,122.9,0.0037
"2029-11-26 13:00",6.45,129.78,297.88,62.2,100.5,0,6.324,42,110.5,0.0037
"2029-11-26 14:00",6.07,98.53,296.22,63.5,100.4,0,6.319,41.8,81.1,0.0037
"2029-11-26 15:00",5.37,50.16,293.18,66.3,100.4,0,6.314,41.6,39.2,0.0037
"2029-11-26 16:00",4.41,0,289.09,70.5,100.4,0,6.31,41.4,0,0.0037
"2029-11-26 17:00",4.08,0,287.63,71.8,100.3,0,6.305,41.3,0,0.0036
"2029-11-26 18:00",3.77,0,286.28,72.9,100.3,0,6.301,41.1,0,0.0036
"2029-11-26 19:00",3.48,0,285.02,74,100.3,0,6.296,40.9,0,0.0036
"2029-11-26 20:00",3.21,0,283.85,75,100.2,0,6.292,40.7,0,0.0036
"2029-11-26 21:00",2.96,0,282.75,75.9,100.2,0,6.288,40.5,0,0.0036
"2029-11-26 22:00",2.72,0,281.71,76.8,100.2,0,6.283,40.3,0,0.0035
"2029-11-26 23:00",2.5,0,280.74,77.6,100.1,0,6.279,40.1,0,0.0035
"2029-11-27 00:00",1.14,0,292.3,80.5,100,0,6.267,40,0,0.0033
"2029-11-27 01:00",1.07,0,291.89,80.4,100,0,6.263,39.8,0,0.0033
"2029-11-27 02:00",1,0,291.53,80.4,99.9,0,6.259,39.6,0,0.0033
"2029-11-27 03:00",0.93,0,291.19,80.3,99.9,0,6.255,39.4,0,0.0033
"2029-11-27 04:00",0.88,0,290.88,80.1,99.9,0,6.252,39.2,0,0.0032
"2029-11-27 05:00",0.83,0,290.6,79.9,99.8,0,6.248,39,0,0.0032
"2029-11-27 06:00",0.79,0,290.34,79.7,99.8,0,6.244,38.8,0,0.0032
"2029-11-27 07:00",0.75,0,290.1,79.5,99.8,0,6.24,38.7,0,0.0032
"2029-11-27 08:00",0.81,15.19,290.27,78.7,99.7,0,6.237,38.5,13.6,0.0032
"2029-11-27 09:00",2.3,82.69,296.59,70.2,99.7,0,6.233,38.3,54,0.0032
"2029-11-27 10:00",3.11,131.98,300,65.9,99.7,0,6.23,38.1,94.6,0.0031
"2029-11-27 11:00",3.7,161.43,302.49,62.8,99.6,0,6.227,37.9,119.2,0.0031
"2029-11-27 12:00",4.01,166.27,303.95,62,99.6,0,6.069,37.8,125.1,0.0031
"2029-11-27 13:00",4,148.88,304.04,62.5,99.6,0,5.911,37.6,111.3,0.0032
"2029-11-27 14:00",3.68,110.94,302.71,64.5,99.5,0,5.754,37.5,79.9,0.0032
"2029-11-27 15:00",3.05,55.06,300.1,67.9,99.5,0,5.596,37.4,35.5,0.0032
"2029-11-27 16:00",2.21,0,296.52,72.7,99.5,0,5.439,37.2,0,0.0033
"2029-11-27 17:00",1.94,0,295.5,74.6,99.5,0,5.281,37.1,0,0.0033
"2029-11-27 18:00",1.7,0,294.56,76.5,99.5,0,5.124,36.9,0,0.0033
"2029-11-27 19:00",1.48,0,293.71,78.3,99.4,0,4.966,36.7,0,0.0033
"2029-11-27 20:00",1.28,0,292.92,80.1,99.4,0,4.809,36.5,0,0.0034
"2029-11-27 21:00",1.08,0,292.2,81.8,99.4,0,4.651,36.3,0,0.0034
"2029-11-27 22:00",0.91,0,291.53,83.5,99.4,0,4.494,36.1,0,0.0034
"2029-11-27 23:00",0.74,0,290.92,85.1,99.3,0,4.337,35.9,0,0.0034
"2029-11-28 00:00",0.46,0,278.67,92.6,99.3,0,3.435,35.6,0,0.0037
"2029-11-28 01:00",0.3,0,278.07,94.3,99.3,0,3.306,35.3,0,0.0037
"2029-11-28 02:00",0.15,0,277.55,96,99.2,0,3.177,35,0,0.0037
"2029-11-28 03:00",0.01,0,277.11,97.5,99.2,0,3.048,34.7,0,0.0037
"2029-11-28 04:00",-0.1,0,276.67,98.7,99.2,0,2.919,34.4,0,0.0038
"2029-11-28 05:00",-0.21,0,276.24,99.4,99.2,0,2.79,34,0,0.0038
"2029-11-28 06:00",-0.3,0,275.8,99.6,99.1,0,2.662,33.6,0,0.0037
"2029-11-28 07:00",-0.38,0,275.4,99.6,99.1,0,2.534,33.1,0,0.0037
"2029-11-28 08:00",-0.34,10.69,275.6,99.6,99.1,0,2.405,32.6,10.3,0.0037
"2029-11-28 09:00",1.9,63.74,285.39,88.9,99.1,0,2.277,32,54.6,0.0039
"2029-11-28 10:00",3.5,100.69,292.16,79.9,99,0,2.15,31.4,89.5,0.0039
"2029-11-28 11:00",4.72,121.19,297.45,73.8,99,0,2.022,30.7,109.7,0.004
"2029-11-28 12:00",5.45,123.92,300.58,70.1,99,0,1.988,30.7,113.2,0.004
"2029-11-28 13:00",5.62,110,301.31,69.3,99,0,1.953,30.8,100.7,0.004
"2029-11-28 14:00",5.21,81.1,299.54,71.3,99,0,1.919,30.8,73.8,0.004
"2029-11-28 15:00",4.26,39.56,295.44,76.2,99,0,1.884,30.9,35.7,0.004
"2029-11-28 16:00",2.87,0,289.59,84,99,0,1.85,30.9,0,0.004
"2029-11-28 17:00",2.38,0,287.52,87,99,0,1.815,31,0,0.004
"2029-11-28 18:00",1.93,0,285.66,89.7,99,0,1.781,31.1,0,0.004
"2029-11-28 19:00",1.53,0,284,92.3,99,0,1.746,31.1,0,0.004
"2029-11-28 20:00",1.17,0,282.51,94.7,98.9,0,1.712,31.2,0,0.004
"2029-11-28 21:00",0.85,0,281.16,97,98.9,0,1.677,31.3,0,0.004
"2029-11-28 22:00",0.55,0,279.95,99,98.9,0,1.643,31.3,0,0.004
"2029-11-28 23:00",0.28,0,278.69,99.5,98.9,0,1.608,31.4,0,0.0039
"2029-11-29 00:00",-0.37,0,269.75,99.5,98.8,0,2.191,31.5,0,0.0037
"2029-11-29 01:00",-0.52,0,269.01,99.6,98.8,0,2.143,31.6,0,0.0037
"2029-11-29 02:00",-0.66,0,268.35,99.6,98.8,0,2.095,31.6,0,0.0037
"2029-11-29 03:00",-0.78,0,267.77,99.6,98.8,0,2.047,31.7,0,0.0036
"2029-11-29 04:00",-0.88,0,267.26,99.6,98.8,0,1.999,31.8,0,0.0036
"2029-11-29 05:00",-0.98,0,266.8,99.6,98.7,0,1.951,31.9,0,0.0036
"2029-11-29 06:00",-1.06,0,266.4,99.6,98.7,0,1.904,32,0,0.0035
"2029-11-29 07:00",-1.14,0,266.04,99.6,98.7,0,1.856,32.1,0,0.0035
"2029-11-29 08:00",-1.13,4.95,266.07,99.6,98.7,0,1.808,32.2,5,0.0035
"2029-11-29 09:00",0.1,32.84,271.99,99.2,98.7,0,1.76,32.4,32.7,0.0038
"2029-11-29 10:00",1.76,51.37,278.67,88.2,98.7,0,1.712,32.5,51.3,0.0039
"2029-11-29 11:00",3.06,60.82,283.95,80.4,98.7,0,1.664,32.6,60.8,0.0039
"2029-11-29 12:00",3.87,67.04,287.34,76,98.8,0,1.482,31.2,66.9,0.0039
"2029-11-29 13:00",4.14,63.92,288.48,74.8,98.8,0,1.301,29.5,63.8,0.0039
"2029-11-29 14:00",3.85,50.43,287.29,76.5,98.8,0,1.122,27.1,50.2,0.0039
"2029-11-29 15:00",3.02,26.11,283.92,81.2,98.9,0,0.946,23.9,25.8,0.0039
"2029-11-29 16:00",1.81,0,278.99,88.7,98.9,0,0.774,19.2,0,0.0039
"2029-11-29 17:00",1.49,0,277.73,90.9,99,0,0.61,12,0,0.0039
"2029-11-29 18:00",1.22,0,276.66,92.9,99,0,0.46,359.7,0,0.0039
"2029-11-29 19:00",0.99,0,275.74,94.6,99.1,0,0.336,338,0,0.0039
"2029-11-29 20:00",0.79,0,274.97,96.2,99.1,0,0.332,306.3,0,0.0039
"2029-11-29 21:00",0.63,0,274.33,97.5,99.2,0,0.401,278.2,0,0.0039
"2029-11-29 22:00",0.49,0,273.8,98.7,99.2,0,0.532,261.4,0,0.0039
"2029-11-29 23:00",0.37,0,273.32,99.4,99.3,0,0.692,251.8,0,0.0039
"2029-11-30 00:00",1.1,0,289.4,92.4,99.8,0,1.159,245.9,0,0.0038
"2029-11-30 01:00",0.89,0,288.55,93.9,99.8,0,1.398,241.9,0,0.0038
"2029-11-30 02:00",0.7,0,287.79,95.4,99.9,0,1.642,239.2,0,0.0038
"2029-11-30 03:00",0.54,0,287.13,96.7,99.9,0,1.889,237.1,0,0.0038
"2029-11-30 04:00",0.4,0,286.55,97.9,100,0,2.138,235.5,0,0.0038
"2029-11-30 05:00",0.27,0,286,98.6,100,0,2.388,234.3,0,0.0038
"2029-11-30 06:00",0.16,0,285.44,98.8,100.1,0,2.639,233.3,0,0.0038
"2029-11-30 07:00",0.05,0,284.95,98.9,100.1,0,2.891,232.4,0,0.0038
"2029-11-30 08:00",0,9.51,284.68,99.1,100.2,0,3.143,231.7,9.5,0.0038
"2029-11-30 09:00",0.04,76.89,284.94,99.4,100.2,0,3.396,231.1,50.2,0.0038
"2029-11-30 10:00",2.41,128.4,295.22,85.7,100.3,0,3.649,230.6,90.2,0.0039
"2029-11-30 11:00",4.32,161.42,303.52,75,100.3,0,3.902,230.2,114.4,0.0039
"2029-11-30 12:00",5.63,163.56,309.48,69.2,100.3,0.1,3.578,229.8,121.2,0.0039
"2029-11-30 13:00",6.25,143.49,312.42,67.1,100.2,0.2,3.254,229.5,108.1,0.004
"2029-11-30 14:00",6.15,104.17,312.18,68.3,100.2,0.2,2.931,229,77.7,0.004
"2029-11-30 15:00",5.38,49.39,308.91,72.9,100.2,0.3,2.608,228.4,35.3,0.0041
"2029-11-30 16:00",4.11,0,303.47,80.6,100.1,0.4,2.285,227.7,0,0.0041
"2029-11-30 17:00",3.88,0,302.66,82.8,100.1,0.4,1.963,226.7,0,0.0042
"2029-11-30 18:00",3.72,0,302.13,84.7,100,0.5,1.641,225.4,0,0.0042
"2029-11-30 19:00",3.62,0,301.84,86.3,100,0.6,1.321,223.4,0,0.0042
"2029-11-30 20:00",3.56,0,301.76,87.5,100,0.6,1.004,220.1,0,0.0043
"2029-11-30 21:00",3.55,0,301.87,88.6,99.9,0.7,0.691,213.9,0,0.0043
"2029-11-30 22:00",3.58,0,302.15,89.3,99.9,0.8,0.401,198.4,0,0.0044
"2029-11-30 23:00",3.64,0,302.58,89.9,99.8,0.8,0.308,145.8,0,0.0044
"2029-12-01 00:00",5.17,0,337.37,89.3,99.4,0.9,0.39,92.2,0,0.0049
"2029-12-01 01:00",5.09,0,337.16,90.7,99.4,1,0.628,74.8,0,0.005
"2029-12-01 02:00",5.02,0,336.98,92.1,99.3,1,0.889,68,0,0.005
"2029-12-01 03:00",4.96,0,336.84,93.4,99.3,1.1,1.133,64.5,0,0.0051
"2029-12-01 04:00",4.91,0,336.74,94.7,99.3,1.2,1.401,62.3,0,0.0051
"2029-12-01 05:00",4.86,0,336.62,95.7,99.2,1.2,1.671,60.9,0,0.0052
"2029-12-01 06:00",4.81,0,336.51,96.6,99.2,1.3,1.943,59.9,0,0.0052
"2029-12-01 07:00",4.77,0,336.42,97.4,99.1,1.4,2.216,59.1,0,0.0052
"2029-12-01 08:00",4.74,2.58,336.32,98.2,99.1,1.4,2.489,58.5,2.6,0.0053
"2029-12-01 09:00",6.87,22.09,347.19,86.7,99.1,1.5,2.762,58,22.1,0.0054
"2029-12-01 10:00",7.51,33.22,350.65,83.7,99,1.6,3.036,57.6,33.2,0.0055
"2029-12-01 11:00",7.98,37.09,353.18,81.9,99,1.7,3.31,57.3,37.1,0.0055
"2029-12-01 12:00",8.19,43.87,354.15,80.1,99,1.6,3.208,55.7,43.9,0.0055
"2029-12-01 13:00",8.12,44.33,353.65,79.8,99,1.5,3.109,53.9,44.3,0.0054
"2029-12-01 14:00",7.75,36.64,351.65,81.1,99,1.5,3.012,52.1,36.6,0.0054
"2029-12-01 15:00",7.11,19.52,348.26,84.1,99,1.4,2.919,50.1,19.5,0.0053
"2029-12-01 16:00",6.28,0,343.94,88.3,99,1.4,2.83,48,0,0.0053
"2029-12-01 17:00",5.9,0,341.91,89.8,99,1.3,2.745,45.8,0,0.0052
"2029-12-01 18:00",5.55,0,340.02,91.3,99,1.3,2.677,43.4,0,0.0052
"2029-12-01 19:00",5.21,0,338.23,92.6,99,1.2,2.6,40.9,0,0.0052
"2029-12-01 20:00",4.9,0,336.55,93.9,99,1.2,2.529,38.2,0,0.0051
"2029-12-01 21:00",4.6,0,334.93,94.9,99,1.1,2.464,35.4,0,0.0051
"2029-12-01 22:00",4.32,0,333.33,95.5,99,1.1,2.405,32.4,0,0.005
"2029-12-01 23:00",4.04,0,331.78,95.9,99,1,2.352,29.3,0,0.0049
"2029-12-02 00:00",1.46,0,279.14,99.6,99.1,0.9,1.338,26.1,0,0.0042
"2029-12-02 01:00",1.23,0,278.01,99.6,99.1,0.9,1.317,22.8,0,0.0042
"2029-12-02 02:00",1.03,0,277,99.6,99.1,0.8,1.299,19.3,0,0.0041
"2029-12-02 03:00",0.86,0,276.12,99.5,99.1,0.8,1.287,15.7,0,0.0041
"2029-12-02 04:00",0.71,0,275.33,99.4,99.1,0.7,1.279,12.1,0,0.004
"2029-12-02 05:00",0.57,0,274.63,99.3,99.1,0.7,1.27,8.5,0,0.004
"2029-12-02 06:00",0.45,0,274.01,99.1,99.1,0.6,1.273,4.9,0,0.0039
"2029-12-02 07:00",0.35,0,273.47,98.9,99.1,0.6,1.31,1.3,0,0.0039
"2029-12-02 08:00",0.17,7.63,272.6,98.7,99.1,0.5,1.322,357.7,7.7,0.0038
"2029-12-02 09:00",1.03,88.7,276.46,95.6,99.1,0.4,1.272,354.3,40.8,0.004
"2029-12-02 10:00",3.34,152.01,285.88,80.7,99.1,0.4,1.293,350.9,68.8,0.0039
"2029-12-02 11:00",5.19,193.73,293.58,70.2,99.1,0.3,1.297,347.7,91,0.0039
"2029-12-02 12:00",6.45,195.03,299.18,65.1,99.1,0.4,1.38,352.2,105.8,0.0039
"2029-12-02 13:00",7.03,169.53,301.88,63.3,99.1,0.4,1.449,356.3,96.6,0.004
"2029-12-02 14:00",6.89,121.54,301.46,64.6,99.1,0.5,1.606,56.2,66.4,0.004
"2029-12-02 15:00",6.07,56.23,298.09,69.2,99.1,0.5,1.654,3.4,30.9,0.0041
"2029-12-02 16:00",4.74,0,292.6,76.7,99.1,0.5,1.743,6.4,0,0.0041
"2029-12-02 17:00",4.35,0,291.05,79.7,99.1,0.6,1.846,9.1,0,0.0042
"2029-12-02 18:00",4.03,0,289.81,82.4,99.1,0.6,2.079,11.5,0,0.0042
"2029-12-02 19:00",3.77,0,288.85,84.9,99.1,0.7,2.187,13.7,0,0.0043
"2029-12-02 20:00",3.57,0,288.12,87,99.1,0.7,2.298,15.7,0,0.0043
"2029-12-02 21:00",3.41,0,287.61,88.9,99.2,0.8,2.412,17.5,0,0.0044
"2029-12-02 22:00",3.3,0,287.29,90.6,99.2,0.8,2.528,19.1,0,0.0044
"2029-12-02 23:00",3.23,0,287.12,92,99.2,0.8,2.474,20.6,0,0.0044
"2029-12-03 00:00",5.04,0,340.62,85.7,99.3,0.9,3.584,21.9,0,0.0047
"2029-12-03 01:00",4.94,0,340.31,87.2,99.3,0.9,3.741,23.2,0,0.0047
"2029-12-03 02:00",4.85,0,340.05,88.6,99.3,1,3.899,24.3,0,0.0048
"2029-12-03 03:00",4.77,0,339.83,90,99.3,1,4.058,25.4,0,0.0048
"2029-12-03 04:00",4.7,0,339.66,91.4,99.3,1,4.219,26.4,0,0.0049
"2029-12-03 05:00",4.64,0,339.52,92.7,99.3,1.1,4.381,27.3,0,0.0049
"2029-12-03 06:00",4.58,0,339.41,94,99.3,1.1,4.544,28.1,0,0.005
"2029-12-03 07:00",4.53,0,339.33,95.2,99.3,1.2,4.708,28.9,0,0.005
"2029-12-03 08:00",3.02,0.99,331.02,99.7,99.3,1.2,4.873,29.6,1,0.0047
"2029-12-03 09:00",4.44,11.27,339.19,97.7,99.3,1.2,5.038,30.3,11.3,0.0051
"2029-12-03 10:00",5.7,14.34,345.58,90.3,99.3,1.3,5.204,30.9,14.3,0.0052
"2029-12-03 11:00",6.71,12.15,350.79,85,99.3,1.3,5.371,31.5,12.1,0.0052
"2029-12-03 12:00",7.39,13.44,354.55,82.7,99.3,1.3,5.265,32.1,13.4,0.0053
"2029-12-03 13:00",7.69,12.81,356.4,82.5,99.3,1.3,5.16,32.7,12.8,0.0054
"2029-12-03 14:00",7.6,10.05,356.25,84.6,99.3,1.3,5.055,33.3,10,0.0055
"2029-12-03 15:00",7.14,5.06,354.23,88.9,99.3,1.2,4.951,34,5.1,0.0056
"2029-12-03 16:00",6.44,0,351.02,94.9,99.2,1.2,4.847,34.7,0,0.0057
"2029-12-03 17:00",6.37,0,350.95,97.1,99.2,1.2,4.745,35.4,0,0.0058
"2029-12-03 18:00",6.32,0,351.01,99,99.2,1.2,4.643,36.1,0,0.0059
"2029-12-03 19:00",6.3,0,350.97,99.6,99.2,1.2,4.542,36.9,0,0.006
"2029-12-03 20:00",6.3,0,350.99,99.7,99.2,1.1,4.442,37.7,0,0.006
"2029-12-03 21:00",6.32,0,351.11,99.7,99.2,1.1,4.342,38.6,0,0.006
"2029-12-03 22:00",6.35,0,351.34,99.7,99.1,1.1,4.244,39.5,0,0.006
"2029-12-03 23:00",6.41,0,351.67,99.7,99.1,1.1,4.147,40.4,0,0.006
"2029-12-04 00:00",9.57,0,357.45,93.7,99,1.1,3.967,41.4,0,0.007
"2029-12-04 01:00",9.23,0,356,97.3,99,1,3.874,42.4,0,0.0071
"2029-12-04 02:00",8.93,0,354.55,99.6,99,1,3.783,43.5,0,0.0072
"2029-12-04 03:00",8.67,0,352.93,99.7,99,1,3.693,44.6,0,0.007
"2029-12-04 04:00",8.44,0,351.51,99.7,99,1,3.605,45.8,0,0.0069
"2029-12-04 05:00",8.24,0,350.28,99.7,98.9,1,3.518,47,0,0.0068
"2029-12-04 06:00",8.07,0,349.19,99.7,98.9,0.9,3.432,48.3,0,0.0068
"2029-12-04 07:00",7.92,0,348.25,99.7,98.9,0.9,3.349,49.7,0,0.0067
"2029-12-04 08:00",6.24,0.79,338.09,99.7,98.9,0.9,3.268,51.1,0.8,0.006
"2029-12-04 09:00",9.41,14.8,357.52,99.7,98.9,0.9,3.189,52.6,14.8,0.0074
"2029-12-04 10:00",12.28,25.62,374.01,90.2,98.9,0.9,3.112,54.2,25.6,0.0081
"2029-12-04 11:00",14.64,32.58,386.82,78.4,98.8,0.8,3.038,55.9,32.6,0.0082
"2029-12-04 12:00",16.31,36.37,395.81,70.1,98.8,0.8,2.767,58.7,36.4,0.0082
"2029-12-04 13:00",17.17,34.92,400.47,66,98.8,0.8,2.503,62.1,34.9,0.0081
"2029-12-04 14:00",17.17,27.55,400.35,65.7,98.8,0.8,2.24,66.3,27.5,0.0081
"2029-12-04 15:00",16.31,13.87,395.54,69.1,98.8,0.7,2.005,71.5,13.9,0.0081
"2029-12-04 16:00",14.78,0,387.12,75.9,98.8,0.7,1.79,78.1,0,0.008
"2029-12-04 17:00",13.95,0,382.59,79.7,98.8,0.7,1.605,86.2,0,0.008
"2029-12-04 18:00",13.25,0,378.75,83,98.8,0.7,1.462,96.3,0,0.008
"2029-12-04 19:00",12.65,0,375.51,85.9,98.7,0.6,1.404,108.1,0,0.0079
"2029-12-04 20:00",12.15,0,372.78,88.3,98.7,0.6,1.377,121,0,0.0079
"2029-12-04 21:00",11.73,0,370.49,90.4,98.7,0.6,1.42,133.7,0,0.0078
"2029-12-04 22:00",11.38,0,368.59,92,98.7,0.6,1.526,145.2,0,0.0078
"2029-12-04 23:00",11.1,0,367.02,93.3,98.7,0.5,1.6,154.8,0,0.0078
"2029-12-05 00:00",10.76,0,337.13,92.8,98.5,0.5,1.991,162.7,0,0.0076
"2029-12-05 01:00",10.56,0,336.1,93.5,98.4,0.5,2.23,168.9,0,0.0075
"2029-12-05 02:00",10.38,0,335.19,94.2,98.4,0.5,2.489,173.9,0,0.0075
"2029-12-05 03:00",10.23,0,334.38,94.7,98.4,0.4,2.764,177.9,0,0.0075
"2029-12-05 04:00",10.09,0,333.65,95.1,98.4,0.4,3.05,181.1,0,0.0074
"2029-12-05 05:00",9.97,0,333,95.3,98.4,0.4,3.345,183.8,0,0.0074
"2029-12-05 06:00",9.87,0,332.42,95.5,98.4,0.4,3.645,186.1,0,0.0074
"2029-12-05 07:00",9.77,0,331.89,95.7,98.4,0.3,3.95,188,0,0.0073
"2029-12-05 08:00",11.92,1.46,342.03,82.5,98.4,0.3,4.259,189.6,1.5,0.0073
"2029-12-05 09:00",13.65,37.93,350.33,73.3,98.3,0.3,4.571,191.1,37.1,0.0072
"2029-12-05 10:00",15.16,66.32,357.69,66.1,98.3,0.3,4.886,192.3,65,0.0072
"2029-12-05 11:00",16.3,84.71,363.27,61.2,98.3,0.3,5.202,193.4,82.9,0.0072
"2029-12-05 12:00",16.93,92.14,366.24,58,98.4,0.3,5.106,194.2,89.7,0.0071
"2029-12-05 13:00",16.97,86.33,366.24,57.2,98.4,0.3,5.011,195.1,83.3,0.007
"2029-12-05 14:00",16.4,66.52,363.12,58.6,98.5,0.3,4.918,196.1,63.3,0.0069
"2029-12-05 15:00",15.23,32.66,357.07,62.3,98.6,0.3,4.826,197.1,30.4,0.0068
"2029-12-05 16:00",13.64,0,349.03,68.2,98.6,0.3,4.735,198.1,0,0.0067
"2029-12-05 17:00",12.79,0,344.67,71.2,98.7,0.3,4.646,199.1,0,0.0066
"2029-12-05 18:00",12.01,0,340.67,74,98.8,0.3,4.558,200.2,0,0.0065
"2029-12-05 19:00",11.28,0,336.96,76.6,98.8,0.3,4.472,201.3,0,0.0064
"2029-12-05 20:00",10.6,0,333.52,79.1,98.9,0.3,4.318,202.5,0,0.0064
"2029-12-05 21:00",9.96,0,330.31,81.4,99,0.3,4.238,203.7,0,0.0063
"2029-12-05 22:00",9.36,0,327.31,83.5,99,0.3,4.159,205,0,0.0062
"2029-12-05 23:00",8.8,0,324.47,85.6,99.1,0.3,4.082,206.3,0,0.0061
"2029-12-06 00:00",4.85,0,306.55,99.1,99.5,0.3,2.927,207.7,0,0.0053
"2029-12-06 01:00",4.64,0,305.44,99,99.5,0.3,2.874,209.1,0,0.0053
"2029-12-06 02:00",4.47,0,304.45,98.9,99.6,0.3,2.824,210.6,0,0.0052
"2029-12-06 03:00",4.31,0,303.55,98.6,99.7,0.3,2.775,212.1,0,0.0051
"2029-12-06 04:00",4.17,0,302.72,98.1,99.7,0.3,2.728,213.7,0,0.005
"2029-12-06 05:00",4.05,0,301.95,97.5,99.8,0.3,2.683,215.3,0,0.005
"2029-12-06 06:00",3.94,0,301.24,96.7,99.8,0.3,2.641,217,0,0.0049
"2029-12-06 07:00",3.84,0,300.59,95.8,99.9,0.4,2.601,218.7,0,0.0048
"2029-12-06 08:00",3.06,1.88,296.74,97.9,100,0.4,2.563,220.5,1.9,0.0046
"2029-12-06 09:00",5.29,72.86,306.45,83.7,100,0.4,2.528,222.3,39.7,0.0046
"2029-12-06 10:00",7.29,127.72,315.08,71.7,100.1,0.4,2.495,224.2,79.8,0.0046
"2029-12-06 11:00",8.88,162.6,321.99,63.2,100.2,0.4,2.466,226.2,105.6,0.0045
"2029-12-06 12:00",9.92,169.92,326.93,59.7,100.2,0.4,2.486,225.4,112.8,0.0045
"2029-12-06 13:00",10.32,153.01,328.95,58.8,100.2,0.4,2.507,224.7,100.2,0.0046
"2029-12-06 14:00",10.04,113.33,327.86,60.5,100.3,0.4,2.529,223.9,67.7,0.0046
"2029-12-06 15:00",9.13,53.32,323.82,65.1,100.3,0.4,2.551,223.2,29.9,0.0047
"2029-12-06 16:00",7.78,0,317.85,72.1,100.3,0.4,2.573,222.5,0,0.0047
"2029-12-06 17:00",7.29,0,315.84,75.4,100.3,0.4,2.596,221.8,0,0.0048
"2029-12-06 18:00",6.87,0,314.11,78.4,100.4,0.4,2.619,221.1,0,0.0048
"2029-12-06 19:00",6.51,0,312.64,81.3,100.4,0.4,2.642,220.4,0,0.0049
"2029-12-06 20:00",6.19,0,311.39,84,100.4,0.4,2.666,219.8,0,0.0049
"2029-12-06 21:00",5.92,0,310.34,86.5,100.5,0.4,2.69,219.1,0,0.005
"2029-12-06 22:00",5.68,0,309.46,88.8,100.5,0.4,2.714,218.5,0,0.005
"2029-12-06 23:00",5.48,0,308.72,91,100.5,0.4,2.739,217.9,0,0.0051
"2029-12-07 00:00",7.83,0,300.71,86.5,100.6,0.4,2.926,217.2,0,0.0057
"2029-12-07 01:00",7.54,0,299.63,89.1,100.6,0.4,2.953,216.6,0,0.0057
"2029-12-07 02:00",7.29,0,298.7,91.5,100.6,0.4,2.98,216,0,0.0058
"2029-12-07 03:00",7.07,0,297.9,93.9,100.7,0.4,3.008,215.5,0,0.0058
"2029-12-07 04:00",6.87,0,297.21,96.1,100.7,0.4,3.036,214.9,0,0.0059
"2029-12-07 05:00",6.7,0,296.63,98.2,100.7,0.4,3.064,214.3,0,0.006
"2029-12-07 06:00",6.55,0,296.06,99.6,100.7,0.4,3.093,213.8,0,0.006
"2029-12-07 07:00",6.42,0,295.37,99.7,100.8,0.4,3.121,213.2,0,0.0059
"2029-12-07 08:00",3.98,0.99,282.75,99.6,100.8,0.4,3.15,212.7,1,0.005
"2029-12-07 09:00",6.89,63.18,297.82,99.7,100.8,0.4,3.18,212.2,44.4,0.0061
"2029-12-07 10:00",9.54,108.73,309.59,84.9,100.9,0.4,3.209,211.7,83.5,0.0062
"2029-12-07 11:00",11.73,135.09,319.47,74,100.9,0.4,3.239,211.2,107.8,0.0063
"2029-12-07 12:00",13.3,140.54,326.62,66.9,100.9,0.3,3.276,211,114.2,0.0063
"2029-12-07 13:00",14.14,125.86,330.51,63.6,100.9,0.3,3.313,210.8,102.1,0.0063
"2029-12-07 14:00",14.19,92.62,330.8,63.5,100.9,0.3,3.349,210.7,73.4,0.0063
"2029-12-07 15:00",13.48,43.15,327.57,66.7,100.9,0.3,3.386,210.5,33.1,0.0064
"2029-12-07 16:00",12.19,0,321.76,72.7,100.9,0.3,3.423,210.4,0,0.0064
"2029-12-07 17:00",11.62,0,319.22,75.7,100.9,0.3,3.46,210.2,0,0.0064
"2029-12-07 18:00",11.15,0,317.15,78.4,100.9,0.3,3.497,210.1,0,0.0064
"2029-12-07 19:00",10.76,0,315.48,80.6,100.9,0.3,3.533,209.9,0,0.0064
"2029-12-07 20:00",10.46,0,314.16,82.5,100.9,0.3,3.57,209.8,0,0.0064
"2029-12-07 21:00",10.22,0,313.14,84,100.9,0.2,3.607,209.6,0,0.0065
"2029-12-07 22:00",10.04,0,312.39,85.2,100.9,0.2,3.644,209.5,0,0.0065
"2029-12-07 23:00",9.91,0,311.86,86.2,100.9,0.2,3.681,209.4,0,0.0065
"2029-12-08 00:00",9.11,0,338.68,90.7,101.1,0.2,3.991,209.2,0,0.0065
"2029-12-08 01:00",8.96,0,338,91.9,101.1,0.2,4.031,209.1,0,0.0065
"2029-12-08 02:00",8.83,0,337.39,92.9,101.1,0.2,4.071,209,0,0.0065
"2029-12-08 03:00",8.71,0,336.87,93.9,101.1,0.2,4.11,208.9,0,0.0065
"2029-12-08 04:00",8.6,0,336.4,94.9,101.2,0.2,4.15,208.7,0,0.0065
"2029-12-08 05:00",8.51,0,335.99,95.7,101.2,0.2,4.19,208.6,0,0.0065
"2029-12-08 06:00",8.42,0,335.64,96.5,101.2,0.1,4.23,208.5,0,0.0066
"2029-12-08 07:00",8.35,0,335.32,97.2,101.2,0.1,4.269,208.4,0,0.0066
"2029-12-08 08:00",8.34,0.34,335.34,97.5,101.2,0.1,4.309,208.3,0.3,0.0066
"2029-12-08 09:00",10.11,44.72,343.92,86.8,101.2,0.1,4.349,208.2,41.1,0.0066
"2029-12-08 10:00",11.69,76.92,351.67,78.3,101.2,0.1,4.389,208.1,72.2,0.0066
"2029-12-08 11:00",12.9,94.91,357.76,72.5,101.2,0.1,4.429,208,90.2,0.0066
"2029-12-08 12:00",13.64,97.61,361.49,69.2,101.1,0.1,4.384,207.5,93.5,0.0066
"2029-12-08 13:00",13.82,86.31,362.43,68.4,101,0.2,4.34,207.1,83,0.0067
"2029-12-08 14:00",13.43,62.63,360.48,70.2,100.9,0.2,4.295,206.6,60.2,0.0067
"2029-12-08 15:00",12.5,28.68,355.83,74.7,100.8,0.3,4.251,206.2,27.5,0.0067
"2029-12-08 16:00",11.24,0,349.58,81.2,100.7,0.3,4.207,205.7,0,0.0067
"2029-12-08 17:00",10.81,0,347.48,83.6,100.6,0.4,4.164,205.2,0,0.0067
"2029-12-08 18:00",10.42,0,345.61,85.9,100.5,0.4,4.121,204.7,0,0.0067
"2029-12-08 19:00",10.08,0,343.93,88,100.5,0.5,4.078,204.2,0,0.0067
"2029-12-08 20:00",9.76,0,342.43,89.9,100.4,0.5,4.035,203.7,0,0.0067
"2029-12-08 21:00",9.48,0,341.07,91.7,100.3,0.6,3.993,203.2,0,0.0067
"2029-12-08 22:00",9.23,0,339.85,93.4,100.2,0.6,3.951,202.7,0,0.0068
"2029-12-08 23:00",9,0,338.75,94.9,100.1,0.7,3.973,202.1,0,0.0068
"2029-12-09 00:00",8.63,0,352.36,99.7,99.5,0.7,3.292,201.6,0,0.007
"2029-12-09 01:00",8.48,0,351.39,99.7,99.4,0.8,3.257,201,0,0.0069
"2029-12-09 02:00",8.34,0,350.53,99.7,99.3,0.8,3.223,200.4,0,0.0069
"2029-12-09 03:00",8.21,0,349.76,99.7,99.2,0.9,3.189,199.8,0,0.0068
"2029-12-09 04:00",8.1,0,349.09,99.7,99.1,0.9,3.155,199.2,0,0.0068
"2029-12-09 05:00",8.01,0,348.49,99.7,99,1,3.122,198.6,0,0.0067
"2029-12-09 06:00",7.92,0,347.96,99.7,98.9,1,3.089,198,0,0.0067
"2029-12-09 07:00",7.84,0,347.49,99.7,98.8,1,3.057,197.3,0,0.0067
"2029-12-09 08:00",8.77,0.04,353.19,99.7,98.8,1.1,3.024,196.7,0,0.0071
"2029-12-09 09:00",10.43,14.92,361.93,90.5,98.7,1.1,2.993,196,14.9,0.0072
"2029-12-09 10:00",11.91,24.88,369.52,82.2,98.6,1.2,2.961,195.3,24.9,0.0072
"2029-12-09 11:00",13.02,29.5,375.37,76.4,98.5,1.2,2.93,194.6,29.5,0.0072
"2029-12-09 12:00",13.66,36.72,378.49,72.3,98.5,1.2,3.006,196.7,36.7,0.0071
"2029-12-09 13:00",13.75,38.4,378.68,70.9,98.5,1.1,3.085,198.6,38.4,0.007
"2029-12-09 14:00",13.26,32.39,375.83,72.2,98.5,1.1,3.168,200.4,32.4,0.0069
"2029-12-09 15:00",12.22,16.98,370.14,76.1,98.5,1,3.202,202.1,17,0.0068
"2029-12-09 16:00",10.84,0,362.76,82.2,98.5,1,3.288,203.8,0,0.0067
"2029-12-09 17:00",10.27,0,359.59,84.2,98.5,0.9,3.378,205.3,0,0.0066
"2029-12-09 18:00",9.75,0,356.66,85.9,98.5,0.9,3.47,206.8,0,0.0065
"2029-12-09 19:00",9.27,0,353.95,87.4,98.5,0.8,3.564,208.2,0,0.0064
"2029-12-09 20:00",8.82,0,351.44,88.7,98.6,0.8,3.66,209.5,0,0.0063
"2029-12-09 21:00",8.4,0,349.1,89.8,98.6,0.7,3.758,210.8,0,0.0062
"2029-12-09 22:00",8.01,0,346.9,90.7,98.6,0.7,3.858,212,0,0.0061
"2029-12-09 23:00",7.65,0,344.84,91.5,98.6,0.6,3.959,213.1,0,0.0061
"2029-12-10 00:00",5.7,0,272.74,92.6,98.7,0.6,5.061,214.2,0,0.0053
"2029-12-10 01:00",5.56,0,271.99,91.9,98.7,0.5,5.191,215.2,0,0.0053
"2029-12-10 02:00",5.44,0,271.29,91.1,98.7,0.5,5.322,216.2,0,0.0052
"2029-12-10 03:00",5.34,0,270.64,90.2,98.7,0.4,5.455,217.1,0,0.0051
"2029-12-10 04:00",5.24,0,270.04,89.2,98.7,0.4,5.589,218,0,0.005
"2029-12-10 05:00",5.16,0,269.47,88.1,98.7,0.3,5.724,218.8,0,0.0049
"2029-12-10 06:00",5.09,0,268.94,87,98.7,0.3,5.861,219.6,0,0.0048
"2029-12-10 07:00",5.02,0,268.43,85.8,98.7,0.2,5.998,220.4,0,0.0047
"2029-12-10 08:00",5.45,0.01,269.83,81.7,98.7,0.2,6.137,221.1,0,0.0046
"2029-12-10 09:00",7.01,80.41,275.7,71.9,98.7,0.1,6.277,221.8,40,0.0045
"2029-12-10 10:00",8.4,148.49,280.92,64.1,98.7,0.1,6.417,222.5,56.9,0.0045
"2029-12-10 11:00",9.46,194.14,284.88,58.5,98.7,0,6.558,223.1,72.2,0.0044
"2029-12-10 12:00",10.07,205.63,287.36,56.2,98.8,0,6.481,223.3,78,0.0044
"2029-12-10 13:00",10.17,187.13,287.77,55.9,98.9,0,6.404,223.4,68.6,0.0044
"2029-12-10 14:00",9.73,139.68,286.02,57.5,98.9,0,6.326,223.6,54.3,0.0044
"2029-12-10 15:00",8.8,65.58,282.27,61.3,99,0,6.249,223.7,37.3,0.0044
"2029-12-10 16:00",7.57,0,277.37,66.7,99,0,6.172,223.9,0,0.0044
"2029-12-10 17:00",7.13,0,275.64,68.7,99.1,0,6.095,224,0,0.0044
"2029-12-10 18:00",6.73,0,274.07,70.7,99.1,0,6.018,224.2,0,0.0044
"2029-12-10 19:00",6.36,0,272.64,72.6,99.2,0,5.941,224.4,0,0.0044
"2029-12-10 20:00",6.02,0,271.32,74.3,99.3,0,5.864,224.5,0,0.0044
"2029-12-10 21:00",5.71,0,270.12,76,99.3,0,5.787,224.7,0,0.0044
"2029-12-10 22:00",5.42,0,269,77.5,99.4,0,5.71,224.9,0,0.0044
"2029-12-10 23:00",5.15,0,267.98,79,99.4,0,5.634,225.1,0,0.0044
"2029-12-11 00:00",4.87,0,273.29,83.5,99.7,0,5.359,225.3,0,0.0045
"2029-12-11 01:00",4.73,0,272.74,84.4,99.7,0,5.285,225.5,0,0.0045
"2029-12-11 02:00",4.6,0,272.25,85.2,99.8,0,5.211,225.7,0,0.0045
"2029-12-11 03:00",4.49,0,271.82,85.9,99.8,0,5.137,225.9,0,0.0045
"2029-12-11 04:00",4.39,0,271.43,86.5,99.9,0,5.063,226.1,0,0.0045
"2029-12-11 05:00",4.3,0,271.09,87.1,99.9,0,4.99,226.3,0,0.0045
"2029-12-11 06:00",4.22,0,270.79,87.6,100,0,4.916,226.6,0,0.0045
"2029-12-11 07:00",4.15,0,270.53,88.1,100.1,0,4.843,226.8,0,0.0045
"2029-12-11 08:00",3.52,0,268.07,92.1,100.1,0,4.77,227.1,0,0.0045
"2029-12-11 09:00",5.27,87.7,274.92,81.5,100.2,0,4.696,227.3,44,0.0045
"2029-12-11 10:00",6.83,157.86,281.15,73.2,100.2,0,4.623,227.6,58.4,0.0045
"2029-12-11 11:00",8.06,200.23,286.13,67.3,100.3,0,4.55,227.8,68.7,0.0045
"2029-12-11 12:00",8.84,209.46,289.43,64.4,100.3,0,4.399,227.4,74.6,0.0045
"2029-12-11 13:00",9.09,188.12,290.59,63.9,100.4,0,4.248,227,68.1,0.0046
"2029-12-11 14:00",8.79,138.5,289.5,65.7,100.4,0,4.098,226.5,53.9,0.0046
"2029-12-11 15:00",7.99,64.06,286.31,70,100.5,0,3.948,226,36.5,0.0046
"2029-12-11 16:00",6.87,0,281.89,76.2,100.5,0,3.798,225.4,0,0.0047
"2029-12-11 17:00",6.53,0,280.67,78.7,100.6,0,3.648,224.9,0,0.0047
"2029-12-11 18:00",6.24,0,279.61,80.9,100.6,0,3.499,224.2,0,0.0048
"2029-12-11 19:00",5.98,0,278.7,83,100.7,0,3.351,223.5,0,0.0048
"2029-12-11 20:00",5.76,0,277.92,85,100.7,0,3.203,222.7,0,0.0048
"2029-12-11 21:00",5.56,0,277.25,86.9,100.8,0.1,3.056,221.9,0,0.0049
"2029-12-11 22:00",5.39,0,276.68,88.6,100.8,0.1,2.909,221,0,0.0049
"2029-12-11 23:00",5.25,0,276.2,90.3,100.9,0.1,2.763,219.9,0,0.0049
"2029-12-12 00:00",6.53,0,325.06,84.2,101.1,0.1,1.465,218.8,0,0.005
"2029-12-12 01:00",6.41,0,324.66,85.5,101.1,0.1,1.385,217.5,0,0.0051
"2029-12-12 02:00",6.31,0,324.32,86.8,101.2,0.1,1.306,216.1,0,0.0051
"2029-12-12 03:00",6.23,0,324.03,88,101.2,0.1,1.227,214.5,0,0.0051
"2029-12-12 04:00",6.15,0,323.79,89.2,101.3,0.1,1.15,212.7,0,0.0052
"2029-12-12 05:00",6.08,0,323.58,90.3,101.3,0.1,1.074,210.6,0,0.0052
"2029-12-12 06:00",6.01,0,323.41,91.4,101.4,0.1,0.999,208.2,0,0.0052
"2029-12-12 07:00",5.96,0,323.27,92.4,101.4,0.1,0.927,205.4,0,0.0053
"2029-12-12 08:00",4.01,0,313.41,99.7,101.5,0.1,0.858,202.1,0,0.005
"2029-12-12 09:00",5.6,62.62,321.85,96.2,101.5,0.1,0.791,198.3,36.8,0.0054
"2029-12-12 10:00",7.04,111.62,328.68,87.7,101.6,0.1,0.741,193.8,78.2,0.0054
"2029-12-12 11:00",8.21,139.33,334.33,81.6,101.6,0.1,0.683,188.5,103.9,0.0054
"2029-12-12 12:00",9.01,145.7,338.39,78.2,101.6,0.1,0.76,192.2,111.4,0.0055
"2029-12-12 13:00",9.39,130.73,340.43,77.2,101.6,0.1,0.84,195.3,100,0.0056
"2029-12-12 14:00",9.33,96.12,340.34,78.5,101.6,0.1,0.921,197.8,71.5,0.0056
"2029-12-12 15:00",8.85,44.37,338.24,82,101.6,0.1,0.988,199.9,30.9,0.0057
"2029-12-12 16:00",8.13,0,334.97,87.2,101.6,0.1,1.071,201.7,0,0.0058
"2029-12-12 17:00",8.04,0,334.77,88.7,101.6,0.1,1.155,203.2,0,0.0058
"2029-12-12 18:00",7.99,0,334.72,90.1,101.6,0.1,1.239,204.5,0,0.0059
"2029-12-12 19:00",7.97,0,334.81,91.3,101.6,0.1,1.324,205.6,0,0.006
"2029-12-12 20:00",7.97,0,335.01,92.3,101.6,0.1,1.41,206.6,0,0.0061
"2029-12-12 21:00",8,0,335.31,93.2,101.6,0.1,1.496,207.5,0,0.0061
"2029-12-12 22:00",8.04,0,335.71,93.9,101.6,0.1,1.582,208.3,0,0.0062
"2029-12-12 23:00",8.1,0,336.19,94.6,101.6,0.1,1.669,209,0,0.0063
"2029-12-13 00:00",8.87,0,352.55,94.5,101.3,0.1,3.519,209.7,0,0.0066
"2029-12-13 01:00",8.72,0,351.99,96.4,101.3,0.1,3.694,210.2,0,0.0067
"2029-12-13 02:00",8.59,0,351.52,98.4,101.3,0.1,3.869,210.8,0,0.0067
"2029-12-13 03:00",8.47,0,351.01,99.6,101.3,0.1,4.044,211.3,0,0.0068
"2029-12-13 04:00",8.37,0,350.39,99.7,101.3,0.1,4.22,211.7,0,0.0067
"2029-12-13 05:00",8.27,0,349.82,99.7,101.3,0.1,4.396,212.1,0,0.0067
"2029-12-13 06:00",8.19,0,349.31,99.7,101.3,0,4.572,212.5,0,0.0067
"2029-12-13 07:00",8.12,0,348.86,99.7,101.3,0,4.748,212.8,0,0.0066
"2029-12-13 08:00",7.95,0,347.81,99.7,101.3,0,4.924,213.2,0,0.0065
"2029-12-13 09:00",9.72,39.52,358.45,97.7,101.3,0,5.101,213.5,36.8,0.0072
"2029-12-13 10:00",11.3,70.8,366.76,88.9,101.3,0,5.278,213.7,67.2,0.0073
"2029-12-13 11:00",12.53,88.29,373.34,82.8,101.3,0,5.454,214,84.7,0.0074
"2029-12-13 12:00",13.29,95.28,377.34,78.9,101.3,0,5.328,214.2,91.2,0.0074
"2029-12-13 13:00",13.49,88.17,378.43,78,101.3,0,5.202,214.3,83.9,0.0074
"2029-12-13 14:00",13.12,66.84,376.47,80,101.4,0,5.076,214.5,62.8,0.0074
"2029-12-13 15:00",12.2,31.81,371.68,85,101.4,0,4.95,214.7,29.4,0.0074
"2029-12-13 16:00",10.95,0,365.23,92.5,101.4,0,4.824,214.8,0,0.0074
"2029-12-13 17:00",10.53,0,363.1,95.2,101.4,0,4.699,215,0,0.0074
"2029-12-13 18:00",10.16,0,361.21,97.7,101.4,0,4.573,215.3,0,0.0074
"2029-12-13 19:00",9.82,0,359.43,99.6,101.4,0,4.447,215.5,0,0.0074
"2029-12-13 20:00",9.51,0,357.54,99.7,101.5,0,4.322,215.7,0,0.0073
"2029-12-13 21:00",9.24,0,355.83,99.7,101.5,0,4.196,216,0,0.0071
"2029-12-13 22:00",8.99,0,354.28,99.7,101.5,0,4.07,216.2,0,0.007
"2029-12-13 23:00",8.77,0,352.89,99.7,101.5,0,3.945,216.5,0,0.0069
"2029-12-14 00:00",9.5,0,341.01,99.7,101.7,0,3.16,216.8,0,0.0072
"2029-12-14 01:00",9.28,0,339.71,99.7,101.7,0,3.056,217.1,0,0.0071
"2029-12-14 02:00",9.09,0,338.56,99.7,101.7,0,2.953,217.4,0,0.007
"2029-12-14 03:00",8.92,0,337.55,99.7,101.7,0,2.85,217.8,0,0.007
"2029-12-14 04:00",8.77,0,336.66,99.7,101.7,0,2.746,218.2,0,0.0069
"2029-12-14 05:00",8.64,0,335.87,99.7,101.8,0,2.643,218.6,0,0.0068
"2029-12-14 06:00",8.52,0,335.18,99.7,101.8,0,2.541,219.1,0,0.0068
"2029-12-14 07:00",8.41,0,334.56,99.7,101.8,0,2.438,219.6,0,0.0067
"2029-12-14 08:00",7.39,0,328.6,99.7,101.8,0,2.335,220.1,0,0.0063
"2029-12-14 09:00",9.77,52.43,342.52,99.1,101.8,0,2.233,220.7,40.3,0.0073
"2029-12-14 10:00",11.92,97.83,353.17,86.4,101.9,0,2.131,221.3,77.9,0.0074
"2029-12-14 11:00",13.65,126.39,361.85,77.2,101.9,0,2.029,222,102.6,0.0074
"2029-12-14 12:00",14.8,133.41,367.69,71.6,101.9,0,1.942,220.6,109.8,0.0074
"2029-12-14 13:00",15.27,120.73,370.09,69.3,101.8,0,1.856,219.1,98.9,0.0074
"2029-12-14 14:00",15.03,89.51,368.8,70.4,101.8,0,1.771,217.3,71.4,0.0073
"2029-12-14 15:00",14.09,41.69,363.99,74.6,101.8,0,1.688,215.5,32.2,0.0073
"2029-12-14 16:00",12.69,0,356.89,81.7,101.8,0,1.607,213.4,0,0.0073
"2029-12-14 17:00",12.14,0,354.16,84.5,101.8,0,1.529,211.1,0,0.0073
"2029-12-14 18:00",11.67,0,351.78,87.1,101.8,0,1.453,208.6,0,0.0073
"2029-12-14 19:00",11.25,0,349.71,89.4,101.8,0,1.38,205.8,0,0.0073
"2029-12-14 20:00",10.89,0,347.91,91.5,101.8,0,1.311,202.7,0,0.0073
"2029-12-14 21:00",10.58,0,346.35,93.3,101.7,0,1.267,199.2,0,0.0073
"2029-12-14 22:00",10.31,0,345,94.8,101.7,0,1.206,195.4,0,0.0073
"2029-12-14 23:00",10.08,0,343.84,96.2,101.7,0,1.151,191.2,0,0.0073
"2029-12-15 00:00",9.51,0,335.89,97.3,101.6,0,1.035,186.6,0,0.0071
"2029-12-15 01:00",9.42,0,335.45,97.8,101.6,0,0.998,181.6,0,0.0071
"2029-12-15 02:00",9.34,0,335.06,98.1,101.6,0,0.968,176.3,0,0.0071
"2029-12-15 03:00",9.27,0,334.71,98.5,101.6,0,0.947,170.6,0,0.0071
"2029-12-15 04:00",9.21,0,334.39,98.7,101.6,0,0.935,164.8,0,0.007
"2029-12-15 05:00",9.16,0,334.1,99,101.6,0,0.933,158.9,0,0.007
"2029-12-15 06:00",9.11,0,333.84,99.2,101.5,0,0.941,153.1,0,0.007
"2029-12-15 07:00",9.06,0,333.61,99.3,101.5,0,1.009,147.4,0,0.007
"2029-12-15 08:00",8.14,0,328.31,99.7,101.5,0,1.037,141.9,0,0.0066
"2029-12-15 09:00",9.4,44.33,335.14,96.9,101.5,0,1.074,136.8,38.7,0.007
"2029-12-15 10:00",10.52,81.66,340.51,89.7,101.5,0,1.119,132,73.2,0.007
"2029-12-15 11:00",11.41,103.59,344.79,84.4,101.5,0,1.17,127.7,94.4,0.007
"2029-12-15 12:00",11.98,108.43,347.71,81.9,101.5,0,1.156,135.1,99.8,0.007
"2029-12-15 13:00",12.19,97.24,348.82,81.4,101.5,0,1.162,142.6,89.7,0.0071
"2029-12-15 14:00",12,71.43,348.06,83,101.5,0,1.187,149.9,65.5,0.0071
"2029-12-15 15:00",11.46,32.99,345.56,86.7,101.4,0,1.169,156.8,30.1,0.0072
"2029-12-15 16:00",10.72,0,342.07,91.7,101.4,0,1.226,163.1,0,0.0072
"2029-12-15 17:00",10.58,0,341.52,93.3,101.4,0,1.296,168.9,0,0.0073
"2029-12-15 18:00",10.46,0,341.07,94.7,101.4,0,1.378,173.9,0,0.0074
"2029-12-15 19:00",10.37,0,340.73,96,101.4,0,1.469,178.4,0,0.0074
"2029-12-15 20:00",10.29,0,340.47,97.2,101.4,0,1.568,182.4,0,0.0075
"2029-12-15 21:00",10.22,0,340.29,98.2,101.4,0,1.674,185.8,0,0.0075
"2029-12-15 22:00",10.18,0,340.18,99.3,101.4,0.1,1.785,188.8,0,0.0076
"2029-12-15 23:00",10.14,0,340.03,99.6,101.4,0.1,1.9,191.5,0,0.0076
"2029-12-16 00:00",11.45,0,370.2,96.2,101.4,0.1,2.352,193.9,0,0.008
"2029-12-16 01:00",11.32,0,369.63,97.7,101.4,0.1,2.494,196,0,0.008
"2029-12-16 02:00",11.2,0,369.13,99.1,101.4,0.1,2.639,197.9,0,0.0081
"2029-12-16 03:00",11.09,0,368.56,99.7,101.4,0.1,2.787,199.5,0,0.0081
"2029-12-16 04:00",11,0,367.97,99.7,101.3,0.1,2.936,201,0,0.008
"2029-12-16 05:00",10.92,0,367.43,99.7,101.3,0.1,3.088,202.4,0,0.008
"2029-12-16 06:00",10.84,0,366.96,99.7,101.3,0.1,3.19,203.6,0,0.008
"2029-12-16 07:00",10.78,0,366.54,99.7,101.3,0.1,3.342,204.7,0,0.0079
"2029-12-16 08:00",9.46,0,358.19,99.7,101.3,0.1,3.495,205.7,0,0.0073
"2029-12-16 09:00",11.18,26.05,369.15,99.7,101.3,0.1,3.649,206.7,25.8,0.0081
"2029-12-16 10:00",12.74,47.45,378.24,94.3,101.3,0.1,3.804,207.5,47.3,0.0085
"2029-12-16 11:00",14,59.18,385.05,87.5,101.3,0.1,3.96,208.3,59,0.0086
"2029-12-16 12:00",14.83,62.96,389.56,83,101.3,0.1,3.996,208.2,62.8,0.0086
"2029-12-16 13:00",15.16,57.39,391.42,81.4,101.3,0.1,4.032,208.1,57.3,0.0086
"2029-12-16 14:00",14.98,42.87,390.47,82.4,101.3,0.1,4.069,208,42.7,0.0086
"2029-12-16 15:00",14.32,20.17,386.88,86.2,101.3,0.1,4.105,207.9,20.1,0.0086
"2029-12-16 16:00",13.34,0,381.68,91.9,101.3,0.1,4.141,207.8,0,0.0087
"2029-12-16 17:00",13.11,0,380.44,93.5,101.2,0.1,4.178,207.8,0,0.0087
"2029-12-16 18:00",12.91,0,379.41,94.9,101.2,0.1,4.214,207.7,0,0.0087
"2029-12-16 19:00",12.74,0,378.56,96,101.2,0.1,4.251,207.6,0,0.0087
"2029-12-16 20:00",12.61,0,377.88,97,101.2,0.1,4.287,207.5,0,0.0087
"2029-12-16 21:00",12.5,0,377.33,97.8,101.2,0.1,4.323,207.4,0,0.0087
"2029-12-16 22:00",12.42,0,376.92,98.5,101.2,0.1,4.36,207.3,0,0.0087
"2029-12-16 23:00",12.35,0,376.61,99.1,101.2,0.1,4.396,207.3,0,0.0087
"2029-12-17 00:00",12.4,0,379.23,99.7,101.2,0.1,4.24,207.2,0,0.0088
"2029-12-17 01:00",12.34,0,378.78,99.7,101.2,0.1,4.275,207.1,0,0.0088
"2029-12-17 02:00",12.27,0,378.38,99.7,101.2,0.1,4.31,207,0,0.0088
"2029-12-17 03:00",12.22,0,378.02,99.7,101.2,0.1,4.344,207,0,0.0087
"2029-12-17 04:00",12.17,0,377.69,99.7,101.2,0.1,4.379,206.9,0,0.0087
"2029-12-17 05:00",12.13,0,377.4,99.7,101.2,0.1,4.414,206.8,0,0.0087
"2029-12-17 06:00",12.09,0,377.15,99.7,101.2,0.1,4.449,206.8,0,0.0086
"2029-12-17 07:00",12.05,0,376.91,99.7,101.1,0.1,4.484,206.7,0,0.0086
"2029-12-17 08:00",13.06,0,383,96.9,101.1,0.1,4.519,206.6,0,0.009
"2029-12-17 09:00",13.83,23.79,387.21,92.3,101.1,0.1,4.554,206.6,23.7,0.009
"2029-12-17 10:00",14.51,44.79,390.91,88.4,101.1,0.1,4.589,206.5,44.7,0.009
"2029-12-17 11:00",15,57.49,393.62,85.8,101.1,0.1,4.624,206.4,57.4,0.009
"2029-12-17 12:00",15.24,60.12,394.79,84,101.1,0.1,4.605,206.7,60,0.0089
"2029-12-17 13:00",15.18,53.83,394.34,83.8,101.1,0.1,4.586,207,53.8,0.0089
"2029-12-17 14:00",14.81,39.49,392.21,85.3,101.1,0.1,4.567,207.4,39.4,0.0088
"2029-12-17 15:00",14.16,18.28,388.53,88.4,101.1,0.1,4.548,207.7,18.3,0.0088
"2029-12-17 16:00",13.33,0,383.98,92.7,101.1,0.1,4.529,208,0,0.0087
"2029-12-17 17:00",13,0,382.08,94.1,101.1,0.2,4.511,208.3,0,0.0087
"2029-12-17 18:00",12.69,0,380.27,95.5,101.1,0.2,4.493,208.6,0,0.0086
"2029-12-17 19:00",12.39,0,378.56,96.8,101.1,0.2,4.475,209,0,0.0086
"2029-12-17 20:00",12.1,0,376.93,98,101.1,0.2,4.457,209.3,0,0.0085
"2029-12-17 21:00",11.83,0,375.38,99.1,101.1,0.2,4.439,209.6,0,0.0085
"2029-12-17 22:00",11.57,0,373.78,99.7,101.1,0.2,4.421,210,0,0.0084
"2029-12-17 23:00",11.32,0,372.17,99.7,101.1,0.2,4.404,210.3,0,0.0082
"2029-12-18 00:00",9.64,0,353.73,99.7,100.8,0.2,4.398,210.6,0,0.0074
"2029-12-18 01:00",9.45,0,352.6,99.7,100.8,0.2,4.381,211,0,0.0073
"2029-12-18 02:00",9.29,0,351.6,99.7,100.8,0.2,4.364,211.3,0,0.0072
"2029-12-18 03:00",9.15,0,350.71,99.7,100.8,0.3,4.347,211.7,0,0.0071
"2029-12-18 04:00",9.02,0,349.93,99.7,100.8,0.3,4.33,212,0,0.0071
"2029-12-18 05:00",8.91,0,349.25,99.7,100.8,0.3,4.314,212.4,0,0.007
"2029-12-18 06:00",8.81,0,348.64,99.7,100.8,0.3,4.297,212.7,0,0.007
"2029-12-18 07:00",8.73,0,348.1,99.7,100.7,0.3,4.281,213.1,0,0.0069
"2029-12-18 08:00",10.3,0,357.87,99.7,100.7,0.3,4.265,213.5,0,0.0077
"2029-12-18 09:00",12.01,9.45,366.71,89.5,100.7,0.3,4.249,213.8,9.5,0.0078
"2029-12-18 10:00",13.53,17.31,374.49,80.5,100.7,0.3,4.233,214.2,17.3,0.0077
"2029-12-18 11:00",14.7,21.46,380.49,74.1,100.7,0.3,4.217,214.6,21.5,0.0077
"2029-12-18 12:00",15.37,28.52,383.8,70.1,100.8,0.3,4.155,214.9,28.5,0.0075
"2029-12-18 13:00",15.45,31.21,384.01,68.8,100.9,0.3,4.094,215.3,31.2,0.0074
"2029-12-18 14:00",14.92,27.26,380.92,70.2,100.9,0.3,4.032,215.8,27.3,0.0073
"2029-12-18 15:00",13.8,14.78,374.73,74.5,101,0.3,3.971,216.2,14.8,0.0072
"2029-12-18 16:00",12.26,0,366.49,81.2,101.1,0.3,3.91,216.6,0,0.0071
"2029-12-18 17:00",11.49,0,362.28,84.2,101.2,0.3,3.849,217.1,0,0.007
"2029-12-18 18:00",10.77,0,358.38,87.1,101.3,0.2,3.789,217.6,0,0.0069
"2029-12-18 19:00",10.11,0,354.76,89.7,101.3,0.2,3.729,218.1,0,0.0068
"2029-12-18 20:00",9.48,0,351.39,92.2,101.4,0.2,3.669,218.6,0,0.0067
"2029-12-18 21:00",8.9,0,348.23,94.4,101.5,0.2,3.609,219.1,0,0.0066
"2029-12-18 22:00",8.35,0,345.27,96.5,101.6,0.2,3.549,219.6,0,0.0065
"2029-12-18 23:00",7.84,0,342.47,98.4,101.6,0.2,3.49,220.2,0,0.0064
"2029-12-19 00:00",3.74,0,248.72,99.6,102.2,0.2,3.326,220.7,0,0.0048
"2029-12-19 01:00",3.5,0,247.67,99.6,102.3,0.1,3.27,221.3,0,0.0048
"2029-12-19 02:00",3.29,0,246.75,99.6,102.4,0.1,3.214,222,0,0.0047
"2029-12-19 03:00",3.11,0,245.93,99.6,102.4,0.1,3.158,222.6,0,0.0046
"2029-12-19 04:00",2.95,0,245.21,99.6,102.5,0.1,3.102,223.3,0,0.0046
"2029-12-19 05:00",2.8,0,244.58,99.6,102.6,0.1,3.047,223.9,0,0.0045
"2029-12-19 06:00",2.68,0,244.01,99.6,102.7,0.1,2.993,224.7,0,0.0045
"2029-12-19 07:00",2.56,0,243.52,99.6,102.7,0.1,2.939,225.4,0,0.0044
"2029-12-19 08:00",4.68,0,252.35,95.1,102.8,0,2.885,226.2,0,0.0049
"2029-12-19 09:00",3.34,75.27,246.94,99.6,102.9,0,2.833,226.9,39.9,0.0047
"2029-12-19 10:00",5.83,149.61,256.1,84.4,103,0,2.78,227.8,56.9,0.0047
"2029-12-19 11:00",7.86,200.48,263.37,72,103,0,2.728,228.6,66.6,0.0046
"2029-12-19 12:00",9.24,211,268.64,65.9,103,0,2.674,227.6,70.3,0.0046
"2029-12-19 13:00",9.84,190.09,271.03,63.6,103,0,2.621,226.5,65,0.0047
"2029-12-19 14:00",9.64,140.43,270.32,64.8,103,0,2.568,225.4,54.8,0.0047
"2029-12-19 15:00",8.66,65.87,266.63,69.6,103,0,2.517,224.3,37.3,0.0047
"2029-12-19 16:00",7.13,0,260.97,77.6,103,0,2.467,223.1,0,0.0047
"2029-12-19 17:00",6.65,0,259.22,80.6,103,0,2.418,221.8,0,0.0048
"2029-12-19 18:00",6.23,0,257.75,83.3,103,0,2.37,220.5,0,0.0048
"2029-12-19 19:00",5.88,0,256.52,85.8,103,0,2.323,219.2,0,0.0048
"2029-12-19 20:00",5.59,0,255.5,88,103,0,2.278,217.7,0,0.0048
"2029-12-19 21:00",5.34,0,254.66,89.9,102.9,0,2.234,216.3,0,0.0049
"2029-12-19 22:00",5.14,0,253.98,91.6,102.9,0,2.191,214.7,0,0.0049
"2029-12-19 23:00",4.98,0,253.45,93.1,102.9,0,2.151,213.2,0,0.0049
"2029-12-20 00:00",5.69,0,311.37,94.9,102.8,0,1.755,211.5,0,0.0053
"2029-12-20 01:00",5.48,0,310.54,96.7,102.7,0,1.724,209.8,0,0.0053
"2029-12-20 02:00",5.3,0,309.81,98.3,102.7,0,1.695,208.1,0,0.0053
"2029-12-20 03:00",5.15,0,309.07,99.3,102.7,0,1.667,206.2,0,0.0053
"2029-12-20 04:00",5,0,308.34,99.6,102.7,0,1.641,204.4,0,0.0053
"2029-12-20 05:00",4.88,0,307.67,99.7,102.7,0,1.617,202.4,0,0.0052
"2029-12-20 06:00",4.77,0,307.05,99.7,102.7,0,1.62,200.4,0,0.0052
"2029-12-20 07:00",4.67,0,306.51,99.7,102.7,0,1.6,198.4,0,0.0051
"2029-12-20 08:00",8.72,0,325.77,79.9,102.7,0,1.581,196.3,0,0.0055
"2029-12-20 09:00",4.44,47.42,305.28,99.7,102.7,0,1.565,194.1,37.4,0.0051
"2029-12-20 10:00",6.84,88.88,317.27,91.7,102.7,0,1.551,191.9,74.3,0.0055
"2029-12-20 11:00",8.8,111.89,326.32,80.6,102.6,0,1.539,189.7,97.4,0.0055
"2029-12-20 12:00",10.15,121.53,332.81,74.2,102.6,0,1.608,192.3,105.6,0.0056
"2029-12-20 13:00",10.8,113,336.01,71.8,102.6,0,1.679,194.6,96.7,0.0056
"2029-12-20 14:00",10.7,86.21,335.68,72.9,102.5,0,1.754,196.7,71.3,0.0057
"2029-12-20 15:00",9.88,41.92,331.99,77.7,102.5,0,1.83,198.7,33.3,0.0057
"2029-12-20 16:00",8.58,0,326.06,85.6,102.5,0,1.908,200.5,0,0.0058
"2029-12-20 17:00",8.31,0,324.96,87.9,102.4,0,1.957,202.1,0,0.0058
"2029-12-20 18:00",8.1,0,324.14,89.9,102.4,0,2.037,203.7,0,0.0059
"2029-12-20 19:00",7.95,0,323.55,91.7,102.3,0,2.119,205.1,0,0.006
"2029-12-20 20:00",7.84,0,323.18,93.2,102.3,0,2.202,206.4,0,0.006
"2029-12-20 21:00",7.77,0,323,94.4,102.3,0,2.286,207.6,0,0.0061
"2029-12-20 22:00",7.74,0,322.99,95.4,102.2,0,2.37,208.7,0,0.0061
"2029-12-20 23:00",7.74,0,323.13,96.2,102.2,0,2.456,209.8,0,0.0062
"2029-12-21 00:00",8.96,0,333.79,91.1,102,0,3.202,210.8,0,0.0064
"2029-12-21 01:00",8.74,0,332.91,93.1,101.9,0,3.311,211.7,0,0.0064
"2029-12-21 02:00",8.55,0,332.15,95.1,101.9,0,3.422,212.5,0,0.0065
"2029-12-21 03:00",8.38,0,331.49,97,101.8,0,3.533,213.3,0,0.0065
"2029-12-21 04:00",8.24,0,330.92,98.8,101.8,0,3.645,214.1,0,0.0066
"2029-12-21 05:00",8.1,0,330.29,99.6,101.8,0,3.758,214.8,0,0.0066
"2029-12-21 06:00",7.99,0,329.62,99.7,101.7,0,3.871,215.4,0,0.0065
"2029-12-21 07:00",7.88,0,329.01,99.7,101.7,0,3.984,216.1,0,0.0065
"2029-12-21 08:00",10.37,0,341.61,88.3,101.7,0,4.098,216.7,0,0.0068
"2029-12-21 09:00",8.36,59.94,331.79,99.7,101.6,0,4.213,217.2,32.1,0.0067
"2029-12-21 10:00",10.74,117.37,343.67,87.4,101.6,0,4.327,217.7,66.3,0.0069
"2029-12-21 11:00",12.68,153.83,353.29,77.5,101.5,0,4.443,218.3,95.3,0.007
"2029-12-21 12:00",13.99,162.89,359.96,71.5,101.6,0,4.469,218.7,105.8,0.007
"2029-12-21 13:00",14.58,147.65,363.02,69.3,101.6,0,4.496,219.1,95.7,0.007
"2029-12-21 14:00",14.39,109.88,362.18,70.5,101.6,0,4.523,219.6,66,0.0071
"2029-12-21 15:00",13.47,52.34,357.64,75.3,101.6,0,4.55,220,29.6,0.0071
"2029-12-21 16:00",12.02,0,350.57,83.2,101.6,0,4.578,220.4,0,0.0072
"2029-12-21 17:00",11.62,0,348.7,85.9,101.6,0,4.606,220.9,0,0.0072
"2029-12-21 18:00",11.29,0,347.15,88.3,101.6,0,4.634,221.3,0,0.0072
"2029-12-21 19:00",11.01,0,345.87,90.5,101.6,0,4.662,221.7,0,0.0073
"2029-12-21 20:00",10.78,0,344.84,92.4,101.6,0,4.691,222.1,0,0.0073
"2029-12-21 21:00",10.59,0,344.03,94.1,101.6,0,4.719,222.5,0,0.0074
"2029-12-21 22:00",10.44,0,343.41,95.5,101.6,0,4.748,222.9,0,0.0074
"2029-12-21 23:00",10.33,0,342.96,96.7,101.6,0,4.778,223.3,0,0.0074
"2029-12-22 00:00",12.06,0,351.57,89.5,101.7,0,4.853,223.7,0,0.0077
"2029-12-22 01:00",11.96,0,351.18,90.6,101.7,0,4.883,224.1,0,0.0077
"2029-12-22 02:00",11.87,0,350.83,91.6,101.7,0,4.913,224.4,0,0.0078
"2029-12-22 03:00",11.79,0,350.53,92.5,101.7,0,4.944,224.8,0,0.0078
"2029-12-22 04:00",11.72,0,350.28,93.5,101.7,0,4.974,225.2,0,0.0079
"2029-12-22 05:00",11.66,0,350.06,94.4,101.7,0,5.005,225.5,0,0.0079
"2029-12-22 06:00",11.61,0,349.87,95.2,101.7,0,5.036,225.9,0,0.008
"2029-12-22 07:00",11.56,0,349.72,96,101.7,0,5.067,226.3,0,0.008
"2029-12-22 08:00",10.05,0,341.27,99.7,101.7,0,5.099,226.6,0,0.0075
"2029-12-22 09:00",12.99,41.64,357.02,88.3,101.7,0,5.13,227,36.1,0.0081
"2029-12-22 10:00",14.02,79.59,362.29,83,101.7,0,5.162,227.3,70.9,0.0081
"2029-12-22 11:00",14.81,101.45,366.42,79.2,101.7,0,5.194,227.6,92.5,0.0082
"2029-12-22 12:00",15.29,108.83,368.75,76.5,101.7,0,5.125,227.4,99.7,0.0081
"2029-12-22 13:00",15.38,99.96,369.14,75.6,101.7,0,5.057,227.1,91.2,0.0081
"2029-12-22 14:00",15.08,75.45,367.49,76.7,101.8,0,4.988,226.9,68,0.008
"2029-12-22 15:00",14.39,36.62,363.93,79.8,101.8,0,4.92,226.6,32.6,0.008
"2029-12-22 16:00",13.45,0,359.08,84.4,101.8,0,4.852,226.3,0,0.008
"2029-12-22 17:00",13.11,0,357.26,85.9,101.8,0,4.784,226,0,0.0079
"2029-12-22 18:00",12.79,0,355.59,87.2,101.8,0,4.716,225.7,0,0.0079
"2029-12-22 19:00",12.5,0,354.04,88.5,101.8,0,4.648,225.4,0,0.0078
"2029-12-22 20:00",12.23,0,352.61,89.6,101.8,0,4.58,225.1,0,0.0078
"2029-12-22 21:00",11.98,0,351.28,90.6,101.8,0,4.513,224.8,0,0.0078
"2029-12-22 22:00",11.75,0,350.04,91.5,101.8,0,4.445,224.5,0,0.0077
"2029-12-22 23:00",11.53,0,348.88,92.4,101.8,0,4.378,224.1,0,0.0077
"2029-12-23 00:00",8.91,0,352.02,99.7,101.9,0,3.594,223.8,0,0.0069
"2029-12-23 01:00",8.75,0,350.98,99.7,101.9,0,3.538,223.4,0,0.0069
"2029-12-23 02:00",8.6,0,350.06,99.7,101.9,0,3.483,223.1,0,0.0068
"2029-12-23 03:00",8.46,0,349.24,99.7,101.9,0,3.427,222.7,0,0.0067
"2029-12-23 04:00",8.34,0,348.51,99.7,101.9,0,3.372,222.3,0,0.0067
"2029-12-23 05:00",8.24,0,347.87,99.7,101.9,0,3.316,221.9,0,0.0066
"2029-12-23 06:00",8.15,0,347.3,99.7,101.9,0,3.261,221.4,0,0.0066
"2029-12-23 07:00",8.06,0,346.79,99.7,101.9,0,3.207,221,0,0.0066
"2029-12-23 08:00",10.55,0,359.84,87.2,101.9,0,3.152,220.5,0,0.0068
"2029-12-23 09:00",8.28,39.09,348.09,99.7,101.9,0,3.098,220.1,34.9,0.0067
"2029-12-23 10:00",10.3,76.44,358.4,87.7,101.9,0,3.043,219.6,69.3,0.0067
"2029-12-23 11:00",11.95,99.35,366.69,78.2,101.9,0,2.989,219.1,91.3,0.0067
"2029-12-23 12:00",13.05,105.19,372.57,73.3,101.9,0,3.061,219.1,97.5,0.0067
"2029-12-23 13:00",13.53,95.34,375.22,71.6,101.9,0,3.133,219.2,88.6,0.0068
"2029-12-23 14:00",13.35,71.05,374.41,73,101.8,0,3.205,219.2,65.7,0.0068
"2029-12-23 15:00",12.54,34.21,370.33,77.6,101.8,0,3.277,219.3,31.4,0.0069
"2029-12-23 16:00",11.28,0,363.98,84.9,101.8,0,3.348,219.3,0,0.0069
"2029-12-23 17:00",11.01,0,362.73,87.1,101.7,0,3.42,219.4,0,0.007
"2029-12-23 18:00",10.79,0,361.74,89.1,101.7,0,3.492,219.4,0,0.0071
"2029-12-23 19:00",10.61,0,360.95,90.8,101.6,0,3.564,219.4,0,0.0071
"2029-12-23 20:00",10.47,0,360.36,92.3,101.6,0,3.635,219.5,0,0.0072
"2029-12-23 21:00",10.36,0,359.94,93.7,101.6,0,3.707,219.5,0,0.0072
"2029-12-23 22:00",10.28,0,359.66,94.9,101.5,0,3.779,219.5,0,0.0073
"2029-12-23 23:00",10.23,0,359.52,95.9,101.5,0,3.851,219.6,0,0.0073
"2029-12-24 00:00",12.55,0,369.53,92.3,101.3,0,4.448,219.6,0,0.0082
"2029-12-24 01:00",12.49,0,369.36,93.3,101.3,0,4.529,219.6,0,0.0083
"2029-12-24 02:00",12.44,0,369.22,94.2,101.2,0,4.61,219.6,0,0.0084
"2029-12-24 03:00",12.39,0,369.11,95.2,101.2,0,4.692,219.7,0,0.0084
"2029-12-24 04:00",12.35,0,369.03,96.1,101.2,0,4.773,219.7,0,0.0085
"2029-12-24 05:00",12.32,0,368.96,97,101.1,0,4.855,219.7,0,0.0085
"2029-12-24 06:00",12.28,0,368.92,97.8,101.1,0,4.936,219.7,0,0.0086
"2029-12-24 07:00",12.25,0,368.89,98.7,101,0,5.017,219.8,0,0.0087
"2029-12-24 08:00",10.18,0,356,99.7,101,0,5.099,219.8,0,0.0076
"2029-12-24 09:00",13.61,23.41,376.24,91.5,101,0,5.18,219.8,23.3,0.0088
"2029-12-24 10:00",14.16,44.93,379.25,88.9,100.9,0,5.262,219.8,44.8,0.0088
"2029-12-24 11:00",14.56,57.12,381.51,87.2,100.9,0,5.343,219.9,57,0.0089
"2029-12-24 12:00",14.77,63.5,382.37,84.9,100.8,0,5.403,220.3,63.3,0.0088
"2029-12-24 13:00",14.75,60.39,381.99,83.9,100.8,0,5.463,220.7,60.2,0.0087
"2029-12-24 14:00",14.48,47.24,380.33,84.2,100.8,0,5.524,221.1,47,0.0086
"2029-12-24 15:00",13.99,23.99,377.47,85.7,100.7,0.1,5.584,221.5,23.7,0.0085
"2029-12-24 16:00",13.34,0,373.77,88.3,100.7,0.1,5.645,221.9,0,0.0083
"2029-12-24 17:00",13.07,0,372.09,88.6,100.6,0.1,5.707,222.3,0,0.0082
"2029-12-24 18:00",12.81,0,370.5,88.8,100.6,0.1,5.768,222.6,0,0.0081
"2029-12-24 19:00",12.57,0,368.98,88.9,100.5,0.1,5.83,223,0,0.008
"2029-12-24 20:00",12.34,0,367.53,89,100.5,0.1,5.892,223.4,0,0.0079
"2029-12-24 21:00",12.12,0,366.14,88.9,100.5,0.1,5.954,223.7,0,0.0078
"2029-12-24 22:00",11.91,0,364.79,88.8,100.4,0.1,6.016,224.1,0,0.0077
"2029-12-24 23:00",11.71,0,363.49,88.7,100.4,0.1,6.079,224.4,0,0.0076
"2029-12-25 00:00",10.34,0,337.08,88.1,100.1,0.1,6.927,224.7,0,0.0069
"2029-12-25 01:00",10.22,0,336.21,87.4,100.1,0.1,6.999,225.1,0,0.0068
"2029-12-25 02:00",10.11,0,335.41,86.7,100,0.1,7.07,225.4,0,0.0067
"2029-12-25 03:00",10.01,0,334.68,85.9,100,0.1,7.141,225.7,0,0.0066
"2029-12-25 04:00",9.92,0,333.99,85,99.9,0.1,7.213,226,0,0.0065
"2029-12-25 05:00",9.84,0,333.35,84,99.9,0.1,7.285,226.3,0,0.0064
"2029-12-25 06:00",9.78,0,332.75,83,99.8,0.1,7.357,226.6,0,0.0063
"2029-12-25 07:00",9.72,0,332.19,81.9,99.8,0.1,7.43,226.9,0,0.0062
"2029-12-25 08:00",6.18,0,315.16,99.7,99.8,0.1,7.502,227.1,0,0.0059
"2029-12-25 09:00",12.04,39.35,342.65,67.8,99.7,0.1,7.575,227.4,34.8,0.0059
"2029-12-25 10:00",13.04,79.22,347.17,62.3,99.7,0.1,7.648,227.7,70.6,0.0058
"2029-12-25 11:00",13.81,105.39,350.6,58.2,99.6,0.1,7.721,228,94.5,0.0057
"2029-12-25 12:00",14.26,114.47,352.57,55.8,99.7,0.1,7.502,228.2,102.8,0.0057
"2029-12-25 13:00",14.32,106.49,352.67,54.9,99.7,0.1,7.283,228.5,94.8,0.0056
"2029-12-25 14:00",13.98,81.63,350.76,55.4,99.7,0.1,7.064,228.7,71.1,0.0055
"2029-12-25 15:00",13.24,40.89,346.93,57.3,99.8,0.1,6.845,229,34.8,0.0054
"2029-12-25 16:00",12.18,0,341.6,60.6,99.8,0.1,6.627,229.3,0,0.0054
"2029-12-25 17:00",11.63,0,338.7,62,99.8,0.1,6.409,229.6,0,0.0053
"2029-12-25 18:00",11.11,0,336,63.3,99.9,0.1,6.191,230,0,0.0052
"2029-12-25 19:00",10.62,0,333.48,64.5,99.9,0.1,5.973,230.4,0,0.0051
"2029-12-25 20:00",10.17,0,331.12,65.5,99.9,0.1,5.755,230.8,0,0.0051
"2029-12-25 21:00",9.74,0,328.89,66.5,99.9,0.1,5.538,231.2,0,0.005
"2029-12-25 22:00",9.34,0,326.79,67.3,100,0.1,5.321,231.7,0,0.0049
"2029-12-25 23:00",8.96,0,324.8,68,100,0,5.105,232.2,0,0.0048
"2029-12-26 00:00",2.06,0,258.05,99.6,100.2,0,3.72,232.7,0,0.0044
"2029-12-26 01:00",1.9,0,257.3,99.6,100.3,0,3.556,233.3,0,0.0043
"2029-12-26 02:00",1.76,0,256.65,99.6,100.3,0,3.393,234,0,0.0043
"2029-12-26 03:00",1.64,0,256.06,99.6,100.3,0,3.23,234.7,0,0.0042
"2029-12-26 04:00",1.53,0,255.53,99.4,100.3,0,3.067,235.5,0,0.0042
"2029-12-26 05:00",1.43,0,255.02,99.1,100.4,0,2.906,236.4,0,0.0042
"2029-12-26 06:00",1.34,0,254.52,98.3,100.4,0,2.745,237.4,0,0.0041
"2029-12-26 07:00",1.26,0,254.02,97.2,100.4,0,2.585,238.6,0,0.004
"2029-12-26 08:00",-0.24,0,247.48,99.5,100.5,0,2.426,239.8,0,0.0037
"2029-12-26 09:00",2.99,45.84,260.01,83,100.5,0,2.268,241.3,35.8,0.0039
"2029-12-26 10:00",4.53,91.47,265.63,73.1,100.5,0,2.113,242.9,73.9,0.0038
"2029-12-26 11:00",5.75,120.38,270.11,65.9,100.6,0,1.959,244.9,99.6,0.0037
"2029-12-26 12:00",6.53,133.15,273.18,62.6,100.6,0,1.92,244.2,109.1,0.0038
"2029-12-26 13:00",6.78,126.11,274.21,61.7,100.6,0,1.881,243.5,100.2,0.0038
"2029-12-26 14:00",6.48,98.48,273.06,63.2,100.7,0,1.842,242.8,73.6,0.0038
"2029-12-26 15:00",5.64,50.53,269.82,67.2,100.7,0,1.804,242.1,32.9,0.0038
"2029-12-26 16:00",4.36,0,264.95,73.7,100.7,0,1.766,241.3,0,0.0038
"2029-12-26 17:00",3.85,0,263.04,76.6,100.8,0,1.728,240.4,0,0.0038
"2029-12-26 18:00",3.39,0,261.31,79.4,100.8,0,1.691,239.6,0,0.0038
"2029-12-26 19:00",2.96,0,259.75,82,100.8,0,1.654,238.7,0,0.0038
"2029-12-26 20:00",2.58,0,258.35,84.5,100.9,0,1.617,237.8,0,0.0038
"2029-12-26 21:00",2.23,0,257.07,86.9,100.9,0,1.581,236.8,0,0.0038
"2029-12-26 22:00",1.91,0,255.91,89.1,100.9,0,1.545,235.8,0,0.0039
"2029-12-26 23:00",1.62,0,254.85,91.3,101,0,1.51,234.7,0,0.0039
"2029-12-27 00:00",1.06,0,245.07,95,101.2,0,1.286,233.6,0,0.0038
"2029-12-27 01:00",0.79,0,244.15,97.1,101.3,0,1.257,232.4,0,0.0039
"2029-12-27 02:00",0.55,0,243.34,98.9,101.3,0,1.228,231.1,0,0.0039
"2029-12-27 03:00",0.35,0,242.51,99.6,101.3,0,1.199,229.9,0,0.0038
"2029-12-27 04:00",0.16,0,241.71,99.6,101.4,0,1.171,228.5,0,0.0038
"2029-12-27 05:00",0,0,241.01,99.5,101.4,0,1.144,227.1,0,0.0037
"2029-12-27 06:00",-0.14,0,240.4,99.5,101.4,0,1.118,225.6,0,0.0037
"2029-12-27 07:00",-0.26,0,239.87,99.5,101.5,0,1.092,224,0,0.0037
"2029-12-27 08:00",7.2,0,268.1,63,101.5,0,1.068,222.4,0,0.0039
"2029-12-27 09:00",-1.99,76.71,232.56,99.5,101.5,0,1.044,220.7,41.8,0.0032
"2029-12-27 10:00",0.9,154.97,244.84,98.7,101.6,0,1.021,218.9,59.5,0.0039
"2029-12-27 11:00",3.35,206.14,253.76,83.1,101.6,0,0.999,217,68.6,0.004
"2029-12-27 12:00",5.19,215.72,260.89,74.8,101.6,0,1.078,215.5,69.9,0.004
"2029-12-27 13:00",6.29,193.27,265.36,70.9,101.5,0,1.158,214.2,66,0.0041
"2029-12-27 14:00",6.61,142.85,266.86,70.9,101.5,0,1.238,213.1,54.8,0.0042
"2029-12-27 15:00",6.14,69.75,265.39,74.9,101.4,0.1,1.318,212.1,37.8,0.0043
"2029-12-27 16:00",5.01,0,261.39,82.7,101.4,0.1,1.399,211.2,0,0.0044
"2029-12-27 17:00",4.75,0,260.67,86.1,101.4,0.1,1.48,210.4,0,0.0045
"2029-12-27 18:00",4.57,0,260.26,89,101.3,0.1,1.561,209.7,0,0.0046
"2029-12-27 19:00",4.47,0,260.15,91.5,101.3,0.1,1.643,209,0,0.0047
"2029-12-27 20:00",4.44,0,260.28,93.5,101.2,0.1,1.725,208.5,0,0.0048
"2029-12-27 21:00",4.46,0,260.64,95.1,101.2,0.1,1.807,207.9,0,0.0049
"2029-12-27 22:00",4.54,0,261.19,96.4,101.1,0.1,1.889,207.5,0,0.005
"2029-12-27 23:00",4.67,0,261.92,97.3,101.1,0.2,1.971,207,0,0.0051
"2029-12-28 00:00",8.52,0,342.39,88.4,100.8,0.2,3.013,206.6,0,0.0061
"2029-12-28 01:00",8.36,0,341.92,91,100.8,0.2,3.134,206.2,0,0.0062
"2029-12-28 02:00",8.22,0,341.53,93.5,100.7,0.2,3.255,205.9,0,0.0063
"2029-12-28 03:00",8.09,0,341.21,96,100.7,0.2,3.376,205.6,0,0.0064
"2029-12-28 04:00",7.98,0,340.96,98.3,100.6,0.2,3.497,205.3,0,0.0065
"2029-12-28 05:00",7.88,0,340.59,99.6,100.6,0.2,3.619,205,0,0.0066
"2029-12-28 06:00",7.8,0,340.07,99.7,100.5,0.2,3.74,204.7,0,0.0065
"2029-12-28 07:00",7.72,0,339.61,99.7,100.5,0.3,3.862,204.5,0,0.0065
"2029-12-28 08:00",5.83,0,328.45,99.7,100.5,0.3,3.984,204.3,0,0.0057
"2029-12-28 09:00",9.56,19.52,350.13,95.8,100.4,0.3,4.105,204.1,19.5,0.0071
"2029-12-28 10:00",11.04,34.79,357.81,88.1,100.4,0.3,4.227,203.9,34.8,0.0072
"2029-12-28 11:00",12.22,40.21,364.05,82.7,100.3,0.3,4.349,203.7,40.2,0.0073
"2029-12-28 12:00",12.97,47.52,367.7,77.9,100.3,0.3,4.327,204,47.5,0.0072
"2029-12-28 13:00",13.21,47.82,368.75,75.8,100.3,0.3,4.305,204.4,47.8,0.0071
"2029-12-28 14:00",12.92,39.55,367.02,76.5,100.3,0.3,4.283,204.8,39.5,0.0071
"2029-12-28 15:00",12.1,21.66,362.61,79.8,100.2,0.3,4.262,205.2,21.6,0.007
"2029-12-28 16:00",10.83,0,356,85.8,100.2,0.2,4.241,205.6,0,0.0069
"2029-12-28 17:00",10.29,0,353.09,87.9,100.2,0.2,4.219,206,0,0.0068
"2029-12-28 18:00",9.8,0,350.44,89.8,100.2,0.2,4.199,206.4,0,0.0068
"2029-12-28 19:00",9.35,0,348.02,91.5,100.1,0.2,4.178,206.8,0,0.0067
"2029-12-28 20:00",8.94,0,345.8,92.9,100.1,0.2,4.157,207.2,0,0.0066
"2029-12-28 21:00",8.57,0,343.76,94.2,100.1,0.2,4.137,207.6,0,0.0065
"2029-12-28 22:00",8.22,0,341.87,95.2,100.1,0.2,4.117,208,0,0.0064
"2029-12-28 23:00",7.9,0,340.11,96.1,100,0.2,4.097,208.4,0,0.0064
"2029-12-29 00:00",6.04,0,264.74,98.8,100.2,0.1,3.478,208.8,0,0.0058
"2029-12-29 01:00",5.93,0,264.19,98.6,100.2,0.1,3.461,209.2,0,0.0057
"2029-12-29 02:00",5.83,0,263.66,98,100.2,0.1,3.445,209.7,0,0.0056
"2029-12-29 03:00",5.75,0,263.16,97.3,100.1,0.1,3.428,210.1,0,0.0056
"2029-12-29 04:00",5.67,0,262.7,96.6,100.1,0.1,3.412,210.5,0,0.0055
"2029-12-29 05:00",5.6,0,262.27,95.8,100.1,0.1,3.397,211,0,0.0054
"2029-12-29 06:00",5.54,0,261.87,94.9,100.1,0.1,3.381,211.4,0,0.0053
"2029-12-29 07:00",5.49,0,261.49,94,100.1,0.1,3.366,211.9,0,0.0053
"2029-12-29 08:00",3.49,0,253.03,99.7,100,0,3.35,212.3,0,0.0049
"2029-12-29 09:00",7.13,54.52,267.32,81.6,100,0,3.335,212.8,31.6,0.0051
"2029-12-29 10:00",8.18,112.19,271.16,74.9,100,0,3.321,213.2,69.2,0.0051
"2029-12-29 11:00",9,151.59,274.13,69.8,100,0,3.306,213.7,97.3,0.005
"2029-12-29 12:00",9.49,164.34,275.9,66.8,99.9,0,3.357,213.9,107.7,0.0049
"2029-12-29 13:00",9.6,152.82,276.18,65.5,99.8,0,3.409,214.1,98,0.0049
"2029-12-29 14:00",9.31,117.68,274.88,66,99.7,0,3.461,214.3,67.8,0.0048
"2029-12-29 15:00",8.63,60.73,272.07,68.3,99.7,0,3.512,214.5,32.4,0.0048
"2029-12-29 16:00",7.61,0,268,72.4,99.6,0.1,3.564,214.6,0,0.0047
"2029-12-29 17:00",7.2,0,266.28,73.5,99.5,0.1,3.616,214.8,0,0.0047
"2029-12-29 18:00",6.83,0,264.7,74.5,99.5,0.1,3.668,215,0,0.0046
"2029-12-29 19:00",6.48,0,263.23,75.4,99.4,0.1,3.719,215.1,0,0.0046
"2029-12-29 20:00",6.16,0,261.86,76.1,99.3,0.1,3.771,215.3,0,0.0045
"2029-12-29 21:00",5.86,0,260.57,76.7,99.2,0.1,3.823,215.5,0,0.0045
"2029-12-29 22:00",5.58,0,259.36,77.3,99.2,0.1,3.875,215.6,0,0.0044
"2029-12-29 23:00",5.32,0,258.23,77.7,99.1,0.1,3.927,215.8,0,0.0043
"2029-12-30 00:00",1.88,0,261.52,93.2,98.7,0.1,4.437,215.9,0,0.0041
"2029-12-30 01:00",1.66,0,260.52,93.4,98.6,0.1,4.495,216,0,0.0041
"2029-12-30 02:00",1.47,0,259.63,93.4,98.5,0.1,4.553,216.2,0,0.004
"2029-12-30 03:00",1.3,0,258.82,93.3,98.4,0.2,4.611,216.3,0,0.004
"2029-12-30 04:00",1.15,0,258.09,93,98.4,0.2,4.669,216.4,0,0.0039
"2029-12-30 05:00",1.02,0,257.42,92.6,98.3,0.2,4.727,216.6,0,0.0039
"2029-12-30 06:00",0.9,0,256.82,92.1,98.2,0.2,4.785,216.7,0,0.0038
"2029-12-30 07:00",0.8,0,256.27,91.5,98.2,0.2,4.843,216.8,0,0.0038
"2029-12-30 08:00",0.62,0,255.43,91.3,98.1,0.2,4.901,216.9,0,0.0037
"2029-12-30 09:00",2.26,58.63,261.44,80,98,0.2,4.959,217,32,0.0036
"2029-12-30 10:00",4.41,117.32,269.55,67.7,98,0.2,5.017,217.1,65.2,0.0036
"2029-12-30 11:00",6.16,154.23,276.21,59,97.9,0.2,5.075,217.3,96.5,0.0035
"2029-12-30 12:00",7.33,167.41,280.85,54.4,97.9,0.2,5.052,217.4,107.3,0.0035
"2029-12-30 13:00",7.81,155.94,282.78,52.7,97.9,0.2,5.029,217.6,97.4,0.0035
"2029-12-30 14:00",7.55,120.46,281.76,53.6,97.9,0.2,5.006,217.8,66.9,0.0035
"2029-12-30 15:00",6.59,62.78,277.92,57.2,97.9,0.2,4.983,218,33.2,0.0035
"2029-12-30 16:00",5.01,0,271.69,63.8,97.9,0.2,4.96,218.2,0,0.0035
"2029-12-30 17:00",4.41,0,269.35,66.5,97.9,0.2,4.937,218.4,0,0.0035
"2029-12-30 18:00",3.9,0,267.36,69,97.9,0.2,4.914,218.6,0,0.0035
"2029-12-30 19:00",3.44,0,265.6,71.2,97.9,0.2,4.891,218.8,0,0.0035
"2029-12-30 20:00",3.04,0,264.05,73.3,97.9,0.2,4.869,219,0,0.0035
"2029-12-30 21:00",2.68,0,262.69,75.1,98,0.2,4.846,219.2,0,0.0035
"2029-12-30 22:00",2.36,0,261.48,76.8,98,0.2,4.823,219.4,0,0.0035
"2029-12-30 23:00",2.08,0,260.41,78.4,98,0.2,4.801,219.6,0,0.0035
"2029-12-31 00:00",1.65,0,258.69,84.6,98.2,0.2,4.497,219.8,0,0.0037
"2029-12-31 01:00",1.44,0,257.92,85.8,98.2,0.2,4.476,220.1,0,0.0037
"2029-12-31 02:00",1.26,0,257.23,86.9,98.2,0.2,4.455,220.3,0,0.0037
"2029-12-31 03:00",1.1,0,256.62,87.9,98.2,0.2,4.434,220.5,0,0.0037
"2029-12-31 04:00",0.96,0,256.09,88.8,98.2,0.2,4.413,220.7,0,0.0037
"2029-12-31 05:00",0.83,0,255.61,89.6,98.2,0.1,4.393,220.9,0,0.0037
"2029-12-31 06:00",0.72,0,255.19,90.3,98.2,0.1,4.372,221.1,0,0.0037
"2029-12-31 07:00",0.62,0,254.82,90.9,98.2,0.1,4.351,221.4,0,0.0037
"2029-12-31 08:00",0.53,0,254.49,91.5,98.3,0.1,4.33,221.6,0,0.0037
"2029-12-31 09:00",2,60.55,259.98,82.3,98.3,0.1,4.31,221.8,33,0.0037
"2029-12-31 10:00",4.09,121.27,267.96,71,98.3,0.1,4.289,222.1,62,0.0037
"2029-12-31 11:00",5.78,159.56,274.55,63,98.3,0.1,4.269,222.3,93.8,0.0037
"2029-12-31 12:00",6.9,173.15,279.02,58.3,98.3,0.1,4.269,222.3,105.4,0.0037
"2029-12-31 13:00",7.36,161.32,280.85,56.5,98.3,0.1,4.269,222.3,95.3,0.0037
"2029-12-31 14:00",7.11,124.83,279.85,57.5,98.3,0.1,4.269,222.3,64.6,0.0037
"2029-12-31 15:00",6.17,65.62,276.11,61.3,98.3,0.1,4.269,222.3,34.4,0.0037
"2029-12-31 16:00",4.64,0,270.08,68.3,98.3,0.1,4.269,222.3,0,0.0037
"2029-12-31 17:00",4.06,0,267.83,71.1,98.3,0.1,4.269,222.3,0,0.0037
"2029-12-31 18:00",3.58,0,265.98,73.6,98.3,0.1,4.269,222.3,0,0.0037
"2029-12-31 19:00",3.15,0,264.35,75.8,98.3,0.1,4.269,222.3,0,0.0037
"2029-12-31 20:00",2.77,0,262.91,77.9,98.3,0.1,4.269,222.3,0,0.0037
"2029-12-31 21:00",2.44,0,261.64,79.7,98.3,0.1,4.269,222.3,0,0.0037
"2029-12-31 22:00",2.14,0,260.52,81.4,98.3,0.1,4.269,222.3,0,0.0037
"2029-12-31 23:00",1.88,0,259.53,83,98.3,0.1,4.269,222.3,0,0.0037
